group,path,phone,session,true,windows,predicted,true_label,predicted_label,max_score,held_out_phone
0189eda5850f7d82d458207e2560a6846a568bb8363880d731fcee19234c3ca0,data/raw/Anopheles minimus/Anopheles minimus/Huawei866C/Recording19800216_008.wav,Huawei866C,Anopheles minimus|raw/Anopheles minimus/Anopheles minimus/Huawei866C,12,56,7,Anopheles minimus,Anopheles dirus,0.21647698486967829,Huawei866C
04d8061ba6a0868c3c32a591db6142a506427f975300c5af8380f4bbbceaf7ca,data/raw/Anopheles farauti/Anopheles farauti/Huawei866C/Recording19800216_012.wav,Huawei866C,Anopheles farauti|raw/Anopheles farauti/Anopheles farauti/Huawei866C,8,1,7,Anopheles farauti,Anopheles dirus,0.2361084189237701,Huawei866C
07a809f53698fe774c3b30b84a602a88a6c72aac911d90d44777fcd93830563a,data/raw/Anopheles gambiae/Anopheles gambiae kisumu/Huawei866C/Recording19800215_011_F.wav,Huawei866C,Anopheles gambiae|raw/Anopheles gambiae/Anopheles gambiae kisumu/Huawei866C,10,12,9,Anopheles gambiae,Anopheles freeborni,0.2055638666993985,Huawei866C
08183303be9790c588eacdd35752ad7d97ea5a831cb87f0733d7c28f9378b904,data/raw/Anopheles farauti/Anopheles farauti/Huawei866C/Recording19800216_010.wav,Huawei866C,Anopheles farauti|raw/Anopheles farauti/Anopheles farauti/Huawei866C,8,51,7,Anopheles farauti,Anopheles dirus,0.1770609998715634,Huawei866C
0dadda57729a8ad9cfadd48fde6171ce4028bb89774316506484bfbb08d32dc2,data/raw/Anopheles stephensi/Anopheles stephensi/Huawei866C/Recording19800215_035.wav,Huawei866C,Anopheles stephensi|raw/Anopheles stephensi/Anopheles stephensi/Huawei866C,15,39,7,Anopheles stephensi,Anopheles dirus,0.188421195654804,Huawei866C
0e8088b5c51905d7b435dad144eaf6c637f9ca4d89b827bcd065f54b47c36689,data/raw/Anopheles dirus/Anopheles dirus/Huawei866C/Recording19800215_028_M.wav,Huawei866C,Anopheles dirus|raw/Anopheles dirus/Anopheles dirus/Huawei866C,7,30,7,Anopheles dirus,Anopheles dirus,0.21112450818936304,Huawei866C
0f170add749a39b890650fdaf517ee1e27d7907f08da28f69c79dfc797a127af,data/raw/Anopheles stephensi/Anopheles stephensi/Huawei866C/Recording19800215_037.wav,Huawei866C,Anopheles stephensi|raw/Anopheles stephensi/Anopheles stephensi/Huawei866C,15,25,8,Anopheles stephensi,Anopheles farauti,0.17218955499487307,Huawei866C
1f81e5f4f573465163a12ec333907154378365cfecada2536c452a5dcf05949e,data/raw/Anopheles farauti/Anopheles farauti/Huawei866C/Recording19800216_015.wav,Huawei866C,Anopheles farauti|raw/Anopheles farauti/Anopheles farauti/Huawei866C,8,38,7,Anopheles farauti,Anopheles dirus,0.1991541762490275,Huawei866C
2744d4e4191437224a4c6ace67b0ee01c1471624414301f8aef5c62894ab1662,data/raw/Anopheles albimanus/Anopheles albimanus/Huawei866C/Recording19800216_019.wav,Huawei866C,Anopheles albimanus|raw/Anopheles albimanus/Anopheles albimanus/Huawei866C,4,34,9,Anopheles albimanus,Anopheles freeborni,0.19150192257725804,Huawei866C
2cc973deb4da9154e1b19a4dfc941fd9df0410c438ef316daa04603f5b0d19cb,data/raw/Anopheles gambiae/Anopheles gambiae kisumu/Huawei866C/Recording19800215_016_M.wav,Huawei866C,Anopheles gambiae|raw/Anopheles gambiae/Anopheles gambiae kisumu/Huawei866C,10,10,9,Anopheles gambiae,Anopheles freeborni,0.2195915651244596,Huawei866C
2d22eabe32e9a39fff8e351d9c7a8ca4471c21222fe105d77dbceec67205f201,data/raw/Anopheles gambiae/Anopheles gambiae kisumu/Huawei866C/Recording19800215_018_M.wav,Huawei866C,Anopheles gambiae|raw/Anopheles gambiae/Anopheles gambiae kisumu/Huawei866C,10,6,7,Anopheles gambiae,Anopheles dirus,0.2110896807736368,Huawei866C
2e4430788878f25f6b0211dea94a291af46d95f508b69106c7b035de213f481f,data/raw/Anopheles farauti/Anopheles farauti/Huawei866C/Recording19800216_013.wav,Huawei866C,Anopheles farauti|raw/Anopheles farauti/Anopheles farauti/Huawei866C,8,35,9,Anopheles farauti,Anopheles freeborni,0.16683052168018625,Huawei866C
36e1ffe847b59de4a8d2ea7b3a0d614981c356b95745cdf1401d27db0e1ab31b,data/raw/Anopheles dirus/Anopheles dirus/Huawei866C/Recording19800215_030_M.wav,Huawei866C,Anopheles dirus|raw/Anopheles dirus/Anopheles dirus/Huawei866C,7,32,9,Anopheles dirus,Anopheles freeborni,0.2284479211393288,Huawei866C
3704a26b382b32eb24bee0365337e19aa6af6f79237586cd417cffba313edc2b,data/raw/Anopheles albimanus/Anopheles albimanus/Huawei866C/Recording19800216_024.wav,Huawei866C,Anopheles albimanus|raw/Anopheles albimanus/Anopheles albimanus/Huawei866C,4,51,9,Anopheles albimanus,Anopheles freeborni,0.1816637281039659,Huawei866C
38498b1eda4da2351fa72ae9914a8522ccbfd05c7b04c4a05cd4c8be620f1a3a,data/raw/Anopheles stephensi/Anopheles stephensi/Huawei866C/Recording19800215_034.wav,Huawei866C,Anopheles stephensi|raw/Anopheles stephensi/Anopheles stephensi/Huawei866C,15,57,7,Anopheles stephensi,Anopheles dirus,0.18295869748541502,Huawei866C
3af225c3b7566cad066381463b1a444a6407f9dafff43caeb45f9717d1dc97b3,data/raw/Anopheles albimanus/Anopheles albimanus/Huawei866C/Recording19800216_022.wav,Huawei866C,Anopheles albimanus|raw/Anopheles albimanus/Anopheles albimanus/Huawei866C,4,58,9,Anopheles albimanus,Anopheles freeborni,0.19530095392364047,Huawei866C
3be96bf7c50cf0c280fdd635197bf7d27696957dcc5ca2a382311a533ca59cf2,data/raw/Anopheles gambiae/Anopheles gambiae kisumu/Huawei866C/Recording19800215_005_F.wav,Huawei866C,Anopheles gambiae|raw/Anopheles gambiae/Anopheles gambiae kisumu/Huawei866C,10,4,10,Anopheles gambiae,Anopheles gambiae,0.2549124240976914,Huawei866C
445e753ed883ead2481d85ffacac85838f5575762144e2bcb3dcdf8247cd0020,data/raw/Anopheles dirus/Anopheles dirus/Huawei866C/Recording19800215_024_M.wav,Huawei866C,Anopheles dirus|raw/Anopheles dirus/Anopheles dirus/Huawei866C,7,14,7,Anopheles dirus,Anopheles dirus,0.18376355600671393,Huawei866C
555690dc0e4cbf013b9f7bf89688f3c0edb40ab58ba4d68e7f41b88fdb3fe036,data/raw/Anopheles minimus/Anopheles minimus/Huawei866C/Recording19800216_006.wav,Huawei866C,Anopheles minimus|raw/Anopheles minimus/Anopheles minimus/Huawei866C,12,59,7,Anopheles minimus,Anopheles dirus,0.21660557551813311,Huawei866C
588e94ae634f059563c1ef08cb8d431e76d088c6ce0075ad0cca0a6c18ae755c,data/raw/Anopheles stephensi/Anopheles stephensi/Huawei866C/Recording19800215_031.wav,Huawei866C,Anopheles stephensi|raw/Anopheles stephensi/Anopheles stephensi/Huawei866C,15,38,9,Anopheles stephensi,Anopheles freeborni,0.19533926483545735,Huawei866C
5c6f8943c32d6b931dfd1a3ccbd9ded17894beb1d110595fad07521462a1d6eb,data/raw/Anopheles gambiae/Anopheles gambiae kisumu/Huawei866C/Recording19800215_012_M.wav,Huawei866C,Anopheles gambiae|raw/Anopheles gambiae/Anopheles gambiae kisumu/Huawei866C,10,8,7,Anopheles gambiae,Anopheles dirus,0.21439765512034198,Huawei866C
5e5ac8558b5ee9fb41b87298f02e8e03a3557f4820d39736204b29add2e2b73d,data/raw/Anopheles dirus/Anopheles dirus/Huawei866C/Recording19800215_023_M.wav,Huawei866C,Anopheles dirus|raw/Anopheles dirus/Anopheles dirus/Huawei866C,7,28,15,Anopheles dirus,Anopheles stephensi,0.19867758340931121,Huawei866C
66e01c8295fe833a9ba3264a9bd101dee0e3893dd2241fa99879b296c19221fe,data/raw/Anopheles albimanus/Anopheles albimanus/Huawei866C/Recording19800216_021.wav,Huawei866C,Anopheles albimanus|raw/Anopheles albimanus/Anopheles albimanus/Huawei866C,4,59,9,Anopheles albimanus,Anopheles freeborni,0.213220216226016,Huawei866C
6b55631e4cc32eb6238e63a9565dea2aba7c0ffd8366278cf4b2aed7a4826e33,data/raw/Anopheles stephensi/Anopheles stephensi/Huawei866C/Recording19800215_038.wav,Huawei866C,Anopheles stephensi|raw/Anopheles stephensi/Anopheles stephensi/Huawei866C,15,50,7,Anopheles stephensi,Anopheles dirus,0.21219502809239468,Huawei866C
6be5c7ce4527d815627b9bfad5ca326744c0243027ea54df59f2fa943140a66a,data/raw/Anopheles minimus/Anopheles minimus/Huawei866C/Recording19800216_005.wav,Huawei866C,Anopheles minimus|raw/Anopheles minimus/Anopheles minimus/Huawei866C,12,28,7,Anopheles minimus,Anopheles dirus,0.2289823698088998,Huawei866C
7f2c98e8a3ce5539b47cf884936b4bd527d8ffe4ae7e30546df1724e45577221,data/raw/Anopheles freeborni/Anopheles freeborni/Huawei866C/Recording19800216_002.wav,Huawei866C,Anopheles freeborni|raw/Anopheles freeborni/Anopheles freeborni/Huawei866C,9,23,9,Anopheles freeborni,Anopheles freeborni,0.2037943741265624,Huawei866C
815ffbba1add1276c63618f2bb03b19a3548314ab633272fe55eec089ce12a7e,data/raw/Anopheles farauti/Anopheles farauti/Huawei866C/Recording19800216_011.wav,Huawei866C,Anopheles farauti|raw/Anopheles farauti/Anopheles farauti/Huawei866C,8,49,15,Anopheles farauti,Anopheles stephensi,0.18275026602368816,Huawei866C
830494ca172af884e890db18c10fc799c641760f99c1af6b1f9cc123c8637a2d,data/raw/Anopheles gambiae/Anopheles gambiae kisumu/Huawei866C/Recording19800215_014_F.wav,Huawei866C,Anopheles gambiae|raw/Anopheles gambiae/Anopheles gambiae kisumu/Huawei866C,10,24,9,Anopheles gambiae,Anopheles freeborni,0.19464193583415001,Huawei866C
84b13f67a7fbdbc50155a1ffb912dd2ccb2d6f713be49e4c60e370c1f99428f0,data/raw/Anopheles gambiae/Anopheles gambiae kisumu/Huawei866C/Recording19800215_013_F.wav,Huawei866C,Anopheles gambiae|raw/Anopheles gambiae/Anopheles gambiae kisumu/Huawei866C,10,19,9,Anopheles gambiae,Anopheles freeborni,0.21668860335181217,Huawei866C
85cdb9f91d0234017af98959ad1b3ba9930938451989cf1bee7482ab67085ac2,data/raw/Anopheles stephensi/Anopheles stephensi/Huawei866C/Recording19800215_036.wav,Huawei866C,Anopheles stephensi|raw/Anopheles stephensi/Anopheles stephensi/Huawei866C,15,59,8,Anopheles stephensi,Anopheles farauti,0.18490201825373687,Huawei866C
8670767f381c0300cb801c624bfad554bd6be3fe19833f873f0074bce3f4c2ca,data/raw/Anopheles gambiae/Anopheles gambiae kisumu/Huawei866C/Recording19800215_017_M.wav,Huawei866C,Anopheles gambiae|raw/Anopheles gambiae/Anopheles gambiae kisumu/Huawei866C,10,17,7,Anopheles gambiae,Anopheles dirus,0.22961087109037118,Huawei866C
8716a3053f9efdb60093494b40523308d5ec46338f871978019d2a5a111dd19f,data/raw/Anopheles gambiae/Anopheles gambiae kisumu/Huawei866C/Recording19800215_006_F.wav,Huawei866C,Anopheles gambiae|raw/Anopheles gambiae/Anopheles gambiae kisumu/Huawei866C,10,10,15,Anopheles gambiae,Anopheles stephensi,0.21841157090318913,Huawei866C
93139a723a87939528a03019acaa70c1f5aa67a64dbced403bf9d6e382701080,data/raw/Anopheles gambiae/Anopheles gambiae kisumu/Huawei866C/Recording19800215_015_F.wav,Huawei866C,Anopheles gambiae|raw/Anopheles gambiae/Anopheles gambiae kisumu/Huawei866C,10,18,7,Anopheles gambiae,Anopheles dirus,0.21957777835999942,Huawei866C
97c49988ef586a89777773d8c5e8a7a48982928839fdc6f9c49537974704e664,data/raw/Anopheles dirus/Anopheles dirus/Huawei866C/Recording19800215_026_F.wav,Huawei866C,Anopheles dirus|raw/Anopheles dirus/Anopheles dirus/Huawei866C,7,37,7,Anopheles dirus,Anopheles dirus,0.18326869177668556,Huawei866C
984ee31980998ab976be565f9338c848aa2b26d3fa78dc1887eca92df2cace50,data/raw/Anopheles minimus/Anopheles minimus/Huawei866C/Recording19800216_007.wav,Huawei866C,Anopheles minimus|raw/Anopheles minimus/Anopheles minimus/Huawei866C,12,59,7,Anopheles minimus,Anopheles dirus,0.2130491021346136,Huawei866C
98d0bfe71e2ff223b451bf8b379086acbf5a7b8569c6f9970e0a288db7eae250,data/raw/Anopheles gambiae/Anopheles gambiae kisumu/Huawei866C/Recording19800215_010_MF.wav,Huawei866C,Anopheles gambiae|raw/Anopheles gambiae/Anopheles gambiae kisumu/Huawei866C,10,13,7,Anopheles gambiae,Anopheles dirus,0.21094760288977468,Huawei866C
a6f9678c1b934e8cf229fa8da74188eb4c2e35538c1c351dae1f3d880948594d,data/raw/Anopheles gambiae/Anopheles gambiae kisumu/Huawei866C/Recording19800215_007_F.wav,Huawei866C,Anopheles gambiae|raw/Anopheles gambiae/Anopheles gambiae kisumu/Huawei866C,10,10,15,Anopheles gambiae,Anopheles stephensi,0.21010086089440266,Huawei866C
a8e174f2c6968a35c578a832ae8c2e18f037e4c8ad11a5cd97186809409c388f,data/raw/Anopheles farauti/Anopheles farauti/Huawei866C/Recording19800216_014.wav,Huawei866C,Anopheles farauti|raw/Anopheles farauti/Anopheles farauti/Huawei866C,8,26,7,Anopheles farauti,Anopheles dirus,0.17605805376920688,Huawei866C
c87f2c766d5759a2b50875befe3db33a617e9ec09fe27de124efd1cae358bb89,data/raw/Anopheles freeborni/Anopheles freeborni/Huawei866C/Recording19800216_001.wav,Huawei866C,Anopheles freeborni|raw/Anopheles freeborni/Anopheles freeborni/Huawei866C,9,28,9,Anopheles freeborni,Anopheles freeborni,0.23703398218820146,Huawei866C
debf52e6156c7c13c6ba8a4583b585678dd542582bb0aa0cb7f7ad7e3a295697,data/raw/Anopheles dirus/Anopheles dirus/Huawei866C/Recording19800215_022_F.wav,Huawei866C,Anopheles dirus|raw/Anopheles dirus/Anopheles dirus/Huawei866C,7,13,7,Anopheles dirus,Anopheles dirus,0.19393984926993277,Huawei866C
df9a1765885956882b4f52e669d31a83bd800877207265bbb23dab54550c8e78,data/raw/Anopheles freeborni/Anopheles freeborni/Huawei866C/Recording19800216_003.wav,Huawei866C,Anopheles freeborni|raw/Anopheles freeborni/Anopheles freeborni/Huawei866C,9,42,9,Anopheles freeborni,Anopheles freeborni,0.21726689691898068,Huawei866C
e2a456d033fdbb0c03f0168f58a3813e2ed70eb69f9eea54c83d0d1ae3c490e6,data/raw/Anopheles gambiae/Anopheles gambiae kisumu/Huawei866C/Recording19800215_008_M.wav,Huawei866C,Anopheles gambiae|raw/Anopheles gambiae/Anopheles gambiae kisumu/Huawei866C,10,3,7,Anopheles gambiae,Anopheles dirus,0.22461319842419422,Huawei866C
e38c1ac26db727b35596d8e54787addcd54bae67dace6021cbab4f80327e02aa,data/raw/Anopheles gambiae/Anopheles gambiae kisumu/Huawei866C/Recording19800215_019_MF.wav,Huawei866C,Anopheles gambiae|raw/Anopheles gambiae/Anopheles gambiae kisumu/Huawei866C,10,28,7,Anopheles gambiae,Anopheles dirus,0.2094141922937087,Huawei866C
e42078584234279f6e2f394c9cd66284fcae52d55a23b76f72e81dd78266b6f3,data/raw/Anopheles dirus/Anopheles dirus/Huawei866C/Recording19800215_027_M.wav,Huawei866C,Anopheles dirus|raw/Anopheles dirus/Anopheles dirus/Huawei866C,7,28,7,Anopheles dirus,Anopheles dirus,0.19469954640387985,Huawei866C
e692f144b357a81acd77cf3d3ce02b9158a867b88c4ab08d7d37c215b62dbeef,data/raw/Anopheles stephensi/Anopheles stephensi/Huawei866C/Recording19800215_032.wav,Huawei866C,Anopheles stephensi|raw/Anopheles stephensi/Anopheles stephensi/Huawei866C,15,59,7,Anopheles stephensi,Anopheles dirus,0.19586060805612165,Huawei866C
e9403d20688768d6f84c0150bfca5a705b7d2f58822aac7dc6b537a843838759,data/raw/Anopheles minimus/Anopheles minimus/Huawei866C/Recording19800216_009.wav,Huawei866C,Anopheles minimus|raw/Anopheles minimus/Anopheles minimus/Huawei866C,12,59,7,Anopheles minimus,Anopheles dirus,0.21670327094193728,Huawei866C
ea3659528842dfa23ef69b5728bc07c9490f532abf5fb7f3efe8c4639eb57319,data/raw/Anopheles gambiae/Anopheles gambiae kisumu/Huawei866C/Recording19800215_020_F.wav,Huawei866C,Anopheles gambiae|raw/Anopheles gambiae/Anopheles gambiae kisumu/Huawei866C,10,29,9,Anopheles gambiae,Anopheles freeborni,0.18248635812943206,Huawei866C
eb702c923f80fe5427fcc955fe322d397aa7712288a9f146ec6c1a6ed4ca51bf,data/raw/Anopheles gambiae/Anopheles gambiae kisumu/Huawei866C/Recording19800215_009_F.wav,Huawei866C,Anopheles gambiae|raw/Anopheles gambiae/Anopheles gambiae kisumu/Huawei866C,10,17,7,Anopheles gambiae,Anopheles dirus,0.21317854043917503,Huawei866C
ebd457c96b0486579245601cf92450261a6dbb6e2da002c479518d11dcb9cc0c,data/raw/Anopheles dirus/Anopheles dirus/Huawei866C/Recording19800215_025_F.wav,Huawei866C,Anopheles dirus|raw/Anopheles dirus/Anopheles dirus/Huawei866C,7,24,7,Anopheles dirus,Anopheles dirus,0.18335319426240002,Huawei866C
ef301c14ff1f1fc6413d1245468f37a8dfd645f25edfc22e8e1b0c9fef9fe3a5,data/raw/Anopheles dirus/Anopheles dirus/Huawei866C/Recording19800215_029_F.wav,Huawei866C,Anopheles dirus|raw/Anopheles dirus/Anopheles dirus/Huawei866C,7,16,7,Anopheles dirus,Anopheles dirus,0.19802203182731867,Huawei866C
f30e45deccc04f1458a6b8a42596f74a8d779bfbd2fb7b39047313223baa90a2,data/raw/Anopheles stephensi/Anopheles stephensi/Huawei866C/Recording19800215_033.wav,Huawei866C,Anopheles stephensi|raw/Anopheles stephensi/Anopheles stephensi/Huawei866C,15,59,7,Anopheles stephensi,Anopheles dirus,0.19020493859109935,Huawei866C
f586b01a3fae8c41ea9d176fd2dc51191de2fbb403119e09d3bf53f7083fed97,data/raw/Anopheles freeborni/Anopheles freeborni/Huawei866C/Recording19800216_004.wav,Huawei866C,Anopheles freeborni|raw/Anopheles freeborni/Anopheles freeborni/Huawei866C,9,39,7,Anopheles freeborni,Anopheles dirus,0.19160368816159407,Huawei866C
fff368995ca38b5064b46a34e47f73dcf4337d9512557d476f665350fa8c279e,data/raw/Anopheles albimanus/Anopheles albimanus/Huawei866C/Recording19800216_023.wav,Huawei866C,Anopheles albimanus|raw/Anopheles albimanus/Anopheles albimanus/Huawei866C,4,57,9,Anopheles albimanus,Anopheles freeborni,0.1884564591454395,Huawei866C
0335e4f335f5f6bacbaed409d764d2f8b10a75dda24a28d51cae80b49bd06f3a,data/raw/Anopheles farauti/Anopheles farauti/GoogleNexus/Rec_1980-02-16_15.59.31afar.wav,Nexus,Anopheles farauti|raw/Anopheles farauti/Anopheles farauti/GoogleNexus,8,60,7,Anopheles farauti,Anopheles dirus,0.18824822377310316,Nexus
042408a9de35a4def41a4ca21f93b4de00ac23eec08428c99759e18449cc437e,data/raw/Aedes albopictus/Aedes albopictus/CDC_Nexus/albof.wav,Nexus,Aedes albopictus|raw/Aedes albopictus/Aedes albopictus/CDC_Nexus,1,60,15,Aedes albopictus,Anopheles stephensi,0.18689389162114384,Nexus
054d9081163dec12110e7d8a4250bb13bb01d92c3d5b3be12ab4cc72db64e2fd,data/raw/Anopheles albimanus/Anopheles albimanus/GoogleNexus/Rec_1980-02-16_17.42.01aalb.wav,Nexus,Anopheles albimanus|raw/Anopheles albimanus/Anopheles albimanus/GoogleNexus,4,47,4,Anopheles albimanus,Anopheles albimanus,0.19982343632291588,Nexus
0a1f7c7b22fe675147e83439834cbd79cc885afd91f5f508afcf310a042813cd,data/raw/Anopheles albimanus/Anopheles albimanus/GoogleNexus/Rec_1980-02-16_17.44.18aalb.wav,Nexus,Anopheles albimanus|raw/Anopheles albimanus/Anopheles albimanus/GoogleNexus,4,60,9,Anopheles albimanus,Anopheles freeborni,0.16330828329096894,Nexus
0c7d304dd510dccc14a7271927236734b0d68ad6d10dc866d1a115fe45fc43ec,data/raw/Anopheles minimus/Anopheles minimus/GoogleNexus/am5.wav,Nexus,Anopheles minimus|raw/Anopheles minimus/Anopheles minimus/GoogleNexus,12,9,7,Anopheles minimus,Anopheles dirus,0.18936498837643026,Nexus
0f54f055f068691c4dbce8423de896fbf2390d2c283f8899e41b0e670f983990,data/raw/Anopheles stephensi/Anopheles stephensi/GoogleNexus/asm1.wav,Nexus,Anopheles stephensi|raw/Anopheles stephensi/Anopheles stephensi/GoogleNexus,15,25,8,Anopheles stephensi,Anopheles farauti,0.24419235682082457,Nexus
126fd36b0370d5af99b6cc71665a506b9429995e4ef0247db848d99a46e5f3da,data/raw/Anopheles minimus/Anopheles minimus/GoogleNexus/Rec_1980-02-16_13.52.45amin.wav,Nexus,Anopheles minimus|raw/Anopheles minimus/Anopheles minimus/GoogleNexus,12,45,12,Anopheles minimus,Anopheles minimus,0.24287332969825928,Nexus
17ac44f70be37c53bbab59d9571e99bb7b2adc4f51ad945b9b03912ca576b3d2,data/raw/Anopheles minimus/Anopheles minimus/GoogleNexus/am4.wav,Nexus,Anopheles minimus|raw/Anopheles minimus/Anopheles minimus/GoogleNexus,12,13,8,Anopheles minimus,Anopheles farauti,0.20697667719863339,Nexus
18c8cc5755c89df50c02b72f49765b88e932a92fac37cf1dd9164c78af7dd0d3,data/raw/Anopheles gambiae/Anopheles gambiae kisumu/GoogleNexus/Rec_1980-02-15_13.02.54 ag1ft.wav,Nexus,Anopheles gambiae|raw/Anopheles gambiae/Anopheles gambiae kisumu/GoogleNexus,10,31,7,Anopheles gambiae,Anopheles dirus,0.18762423224002447,Nexus
1ba3146678e6da6535db2a41f59386f5a3311fefc9b3c5527fbdd2280590b577,data/raw/Anopheles stephensi/Anopheles stephensi/GoogleNexus/asf2.wav,Nexus,Anopheles stephensi|raw/Anopheles stephensi/Anopheles stephensi/GoogleNexus,15,42,15,Anopheles stephensi,Anopheles stephensi,0.2162743209418055,Nexus
2538e914bc7bd4969001d1b446f79861aadf50886a9927f6470d52e690c692ae,data/raw/Anopheles stephensi/Anopheles stephensi/GoogleNexus/as5.wav,Nexus,Anopheles stephensi|raw/Anopheles stephensi/Anopheles stephensi/GoogleNexus,15,46,15,Anopheles stephensi,Anopheles stephensi,0.23305689862345413,Nexus
2cd19390081130365278bd3a4a00d9458f73669e8bda5606f4769c23e320cebe,data/raw/Anopheles freeborni/Anopheles freeborni/GoogleNexus/af5.wav,Nexus,Anopheles freeborni|raw/Anopheles freeborni/Anopheles freeborni/GoogleNexus,9,10,7,Anopheles freeborni,Anopheles dirus,0.18934558507038318,Nexus
2fc98224c9000cd84ac8d6ac02511cc8f94d9e7c45369b05bc5c4474fab4b51e,data/raw/Anopheles arabiensis/Anopheles arabiensis dongola/CDC_Nexus/dongola f.wav,Nexus,Anopheles arabiensis|raw/Anopheles arabiensis/Anopheles arabiensis dongola/CDC_Nexus,5,60,15,Anopheles arabiensis,Anopheles stephensi,0.15749985847663844,Nexus
34aceb284e4f5d726e30c9cf1c26d9bbd8a5f213a02d7e098b221f629f23de3b,data/raw/Anopheles gambiae/Anopheles gambiae rsp/CDC_Nexus/rsp.wav,Nexus,Anopheles gambiae|raw/Anopheles gambiae/Anopheles gambiae rsp/CDC_Nexus,10,60,15,Anopheles gambiae,Anopheles stephensi,0.1690012533145967,Nexus
37147316cc3724260e5cfa81488a047f443b4db1d5f297f5bc5b85f4a183a127,data/raw/Anopheles farauti/Anopheles farauti/GoogleNexus/Rec_1980-02-16_15.58.23afarf.wav,Nexus,Anopheles farauti|raw/Anopheles farauti/Anopheles farauti/GoogleNexus,8,39,15,Anopheles farauti,Anopheles stephensi,0.2122097538531248,Nexus
393f427535446649168a95d51ccb3b908af34c0833783b026d6a464f9cfec116,data/raw/Anopheles dirus/Anopheles dirus/GoogleNexus/Rec_1980-02-15_16.38.25 adirus mix.wav,Nexus,Anopheles dirus|raw/Anopheles dirus/Anopheles dirus/GoogleNexus,7,30,12,Anopheles dirus,Anopheles minimus,0.1836295399621321,Nexus
3b0bbb7458d9b0ac8e19b50cfdb97fa210725c6ef75a3fad8bcd8ac2e67fd12a,data/raw/Anopheles minimus/Anopheles minimus/GoogleNexus/am1.wav,Nexus,Anopheles minimus|raw/Anopheles minimus/Anopheles minimus/GoogleNexus,12,7,7,Anopheles minimus,Anopheles dirus,0.19767074302500867,Nexus
3c196d8efcb733c62164e2134762de5f8bef13c7177e282db442ac3fc06104f2,data/raw/Anopheles albimanus/Anopheles albimanus/GoogleNexus/Rec_1980-02-16_17.43.05aalb.wav,Nexus,Anopheles albimanus|raw/Anopheles albimanus/Anopheles albimanus/GoogleNexus,4,57,7,Anopheles albimanus,Anopheles dirus,0.18799818900996884,Nexus
45fd46909630ada5778f664f8f58f0bcd188c38dd27b7512019971d573228b36,data/raw/Anopheles minimus/Anopheles minimus/GoogleNexus/am3.wav,Nexus,Anopheles minimus|raw/Anopheles minimus/Anopheles minimus/GoogleNexus,12,5,8,Anopheles minimus,Anopheles farauti,0.24144416432541585,Nexus
54466cab27684c879cffd2adc1c0bfb19bb563038ea75064d7c3874cf8192747,data/raw/Anopheles dirus/Anopheles dirus/GoogleNexus/Rec_1980-02-15_16.44.54 adirus mix.wav,Nexus,Anopheles dirus|raw/Anopheles dirus/Anopheles dirus/GoogleNexus,7,60,12,Anopheles dirus,Anopheles minimus,0.27426450792336554,Nexus
563905d03e1cbcfb7012f0e43d461bebc682e4b363be646e61e63a741b3f22a6,data/raw/Anopheles minimus/Anopheles minimus/GoogleNexus/Rec_1980-02-16_13.53.59amin.wav,Nexus,Anopheles minimus|raw/Anopheles minimus/Anopheles minimus/GoogleNexus,12,60,7,Anopheles minimus,Anopheles dirus,0.21727527867864385,Nexus
573937d2487ae1a17d04e443f9edec0a028228160e43db0cdd16f5fcec959032,data/raw/Anopheles farauti/Anopheles farauti/GoogleNexus/Rec_1980-02-16_15.56.16afar.wav,Nexus,Anopheles farauti|raw/Anopheles farauti/Anopheles farauti/GoogleNexus,8,38,7,Anopheles farauti,Anopheles dirus,0.2195415818655349,Nexus
5870f20058a08ca321d5825c604e3a76374689ec6f59f200eb3c5a46d47a39e0,data/raw/Anopheles minimus/Anopheles minimus/GoogleNexus/am2.wav,Nexus,Anopheles minimus|raw/Anopheles minimus/Anopheles minimus/GoogleNexus,12,6,8,Anopheles minimus,Anopheles farauti,0.1791009160179227,Nexus
59f586d060f2b0dcc94795b659cc4f2d0420c2bf0c37bf2c3cad8d993ee02a9f,data/raw/Anopheles freeborni/Anopheles freeborni/GoogleNexus/Rec_1980-02-16_12.58.11afree.wav,Nexus,Anopheles freeborni|raw/Anopheles freeborni/Anopheles freeborni/GoogleNexus,9,60,7,Anopheles freeborni,Anopheles dirus,0.18686839156604704,Nexus
6755db8355ba1eb1591421303ecb73f8a53f47483a8ad3378120f29bc2d67085,data/raw/Anopheles stephensi/Anopheles stephensi/GoogleNexus/as3.wav,Nexus,Anopheles stephensi|raw/Anopheles stephensi/Anopheles stephensi/GoogleNexus,15,60,15,Anopheles stephensi,Anopheles stephensi,0.25381371625245447,Nexus
6b675f576ad83c3ce18dac158f1502bbbbf9871300bcdd37213c762b5cfbce20,data/raw/Anopheles freeborni/Anopheles freeborni/GoogleNexus/af7.wav,Nexus,Anopheles freeborni|raw/Anopheles freeborni/Anopheles freeborni/GoogleNexus,9,5,12,Anopheles freeborni,Anopheles minimus,0.22448130611565809,Nexus
6f4d97aff50e0b3a7e8ab2fdcd9836f0ef63e2dcdc5c49800995a99eb54a2ecc,data/raw/Anopheles gambiae/Anopheles gambiae kisumu/GoogleNexus/ag3.wav,Nexus,Anopheles gambiae|raw/Anopheles gambiae/Anopheles gambiae kisumu/GoogleNexus,10,13,7,Anopheles gambiae,Anopheles dirus,0.18524084316199524,Nexus
76932db78657c1034d4dac4bba9776b6360a6d71b518ac9b623d127f07ea39b8,data/raw/Anopheles freeborni/Anopheles freeborni/GoogleNexus/Rec_1980-02-16_12.56.33afreeM.wav,Nexus,Anopheles freeborni|raw/Anopheles freeborni/Anopheles freeborni/GoogleNexus,9,56,7,Anopheles freeborni,Anopheles dirus,0.22032252851682826,Nexus
794ce5680d00bb7f2a081891726c8dd2938e12c16a6a8cff88b0a1931f32c603,data/raw/Anopheles freeborni/Anopheles freeborni/GoogleNexus/aff.wav,Nexus,Anopheles freeborni|raw/Anopheles freeborni/Anopheles freeborni/GoogleNexus,9,60,7,Anopheles freeborni,Anopheles dirus,0.23482211216687818,Nexus
7abfcee0f5db35d75a3fd32b9bbeefc3eef4df858a1a0fd428e560b12c68f25b,data/raw/Anopheles freeborni/Anopheles freeborni/GoogleNexus/af2.wav,Nexus,Anopheles freeborni|raw/Anopheles freeborni/Anopheles freeborni/GoogleNexus,9,60,12,Anopheles freeborni,Anopheles minimus,0.2482410818852475,Nexus
85cf179437dd033a6932b188b644ad21a7cd067ac843abb9cbd98b7859cf7126,data/raw/Anopheles freeborni/Anopheles freeborni/GoogleNexus/Rec_1980-02-16_12.53.50afree.wav,Nexus,Anopheles freeborni|raw/Anopheles freeborni/Anopheles freeborni/GoogleNexus,9,57,7,Anopheles freeborni,Anopheles dirus,0.175368183298049,Nexus
8960271f7d80d15eff34ac743e1a4fb70fc585bc71c1e6c9f0f929bffbb00691,data/raw/Anopheles freeborni/Anopheles freeborni/GoogleNexus/af1.wav,Nexus,Anopheles freeborni|raw/Anopheles freeborni/Anopheles freeborni/GoogleNexus,9,60,9,Anopheles freeborni,Anopheles freeborni,0.2000760345921142,Nexus
8a6fb51b7e64bd451d1adfd9a24e54bbe618046a048c6dcaa3968a843990f745,data/raw/Anopheles quadriannulatus/Anopheles quadriannulatus/CDC_Nexus/sanqua.wav,Nexus,Anopheles quadriannulatus|raw/Anopheles quadriannulatus/Anopheles quadriannulatus/CDC_Nexus,13,60,9,Anopheles quadriannulatus,Anopheles freeborni,0.2420265891801895,Nexus
9971adc2cc981f11071191eea150684602fd5c217e0ad04edfdcfef3fb4a7035,data/raw/Anopheles freeborni/Anopheles freeborni/GoogleNexus/Rec_1980-02-16_12.51.15afree.wav,Nexus,Anopheles freeborni|raw/Anopheles freeborni/Anopheles freeborni/GoogleNexus,9,49,12,Anopheles freeborni,Anopheles minimus,0.20768617359851976,Nexus
9a1beee6635c1ea752fb7bbe1db6eee55f2c900fc4ed309ae57da770d79951c9,data/raw/Anopheles gambiae/Anopheles gambiae kisumu/GoogleNexus/ag5.wav,Nexus,Anopheles gambiae|raw/Anopheles gambiae/Anopheles gambiae kisumu/GoogleNexus,10,22,7,Anopheles gambiae,Anopheles dirus,0.19816018062746235,Nexus
9b3e821051966e7f5cc6ac0fc070c65a4bc79d84c5e0c948b852b840edfb396b,data/raw/Anopheles stephensi/Anopheles stephensi/GoogleNexus/asf1.wav,Nexus,Anopheles stephensi|raw/Anopheles stephensi/Anopheles stephensi/GoogleNexus,15,60,15,Anopheles stephensi,Anopheles stephensi,0.2325345897443742,Nexus
9b775b7f23f0f2e7b11f64199dd25b2460a95f85c83133db7f9d971e2c9c89d1,data/raw/Anopheles gambiae/Anopheles gambiae kisumu/GoogleNexus/agf.wav,Nexus,Anopheles gambiae|raw/Anopheles gambiae/Anopheles gambiae kisumu/GoogleNexus,10,6,7,Anopheles gambiae,Anopheles dirus,0.1752174768852703,Nexus
a074b1311c4e9cbb37a75c6cd309e1d937c3feee606310b3d98a52bc104fd5a3,data/raw/Anopheles freeborni/Anopheles freeborni/GoogleNexus/af8.wav,Nexus,Anopheles freeborni|raw/Anopheles freeborni/Anopheles freeborni/GoogleNexus,9,30,8,Anopheles freeborni,Anopheles farauti,0.20715849386972887,Nexus
a15850f9936cb8e34ab88096dfae0e04495405d059e40ba4a5fcc429b4ad05e1,data/raw/Anopheles freeborni/Anopheles freeborni/GoogleNexus/Rec_1980-02-16_12.55.18afreeF.wav,Nexus,Anopheles freeborni|raw/Anopheles freeborni/Anopheles freeborni/GoogleNexus,9,47,7,Anopheles freeborni,Anopheles dirus,0.19410352665182912,Nexus
a276c1c47e15782bb2d0ab853a700d6fef31363111d3ad1ecd6d1846a19fc6fb,data/raw/Anopheles minimus/Anopheles minimus/GoogleNexus/Rec_1980-02-16_13.51.21aminF.wav,Nexus,Anopheles minimus|raw/Anopheles minimus/Anopheles minimus/GoogleNexus,12,60,7,Anopheles minimus,Anopheles dirus,0.19493020920011514,Nexus
a6d022b96319aff2146829a8645e2bd2c866304c2f36cfe48cb20748903223c0,data/raw/Anopheles gambiae/Anopheles gambiae kisumu/GoogleNexus/ag4.wav,Nexus,Anopheles gambiae|raw/Anopheles gambiae/Anopheles gambiae kisumu/GoogleNexus,10,4,15,Anopheles gambiae,Anopheles stephensi,0.16803312453858346,Nexus
a8f57a0be2cf50f6c02acce5992a8d9737d98acc24962c742a3d00f74c3ef60b,data/raw/Anopheles stephensi/Anopheles stephensi/GoogleNexus/as6.wav,Nexus,Anopheles stephensi|raw/Anopheles stephensi/Anopheles stephensi/GoogleNexus,15,35,12,Anopheles stephensi,Anopheles minimus,0.21938139761604777,Nexus
ad90b6311aa56ae2763d7edd83072d3c758c9b9f8e1bc80e839831b49b7f72a2,data/raw/Anopheles stephensi/Anopheles stephensi/GoogleNexus/asswarm1.wav,Nexus,Anopheles stephensi|raw/Anopheles stephensi/Anopheles stephensi/GoogleNexus,15,18,15,Anopheles stephensi,Anopheles stephensi,0.3359888768731905,Nexus
b1fd81e769afb89d17515794f6cae42a19190b3a97fec5853d191d447a9b0684,data/raw/Anopheles farauti/Anopheles farauti/GoogleNexus/Rec_1980-02-16_15.57.33afarm.wav,Nexus,Anopheles farauti|raw/Anopheles farauti/Anopheles farauti/GoogleNexus,8,30,8,Anopheles farauti,Anopheles farauti,0.2295205731674331,Nexus
b263a8a09ee225d907c6079977b6a6973d621c781173a886ba73618d003cb2a7,data/raw/Anopheles gambiae/Anopheles gambiae kisumu/GoogleNexus/ag2.wav,Nexus,Anopheles gambiae|raw/Anopheles gambiae/Anopheles gambiae kisumu/GoogleNexus,10,6,7,Anopheles gambiae,Anopheles dirus,0.19251917577922614,Nexus
b449f1ba9fe3a902c2d0d5ee203c2b2434bf790f779d008ea308afda16449f01,data/raw/Aedes aegypti/Aedes aegypti/CDC_Nexus/10130f.wav,Nexus,Aedes aegypti|raw/Aedes aegypti/Aedes aegypti/CDC_Nexus,0,60,12,Aedes aegypti,Anopheles minimus,0.18221843335334686,Nexus
b5587058890e365f7dbfaf2db74381a131959bc35c12df146879a4f2e02c6f01,data/raw/Anopheles stephensi/Anopheles stephensi/GoogleNexus/as1.wav,Nexus,Anopheles stephensi|raw/Anopheles stephensi/Anopheles stephensi/GoogleNexus,15,39,15,Anopheles stephensi,Anopheles stephensi,0.20253223601896791,Nexus
b6941e4abc57ca8c6b94354d8111a236fbc961d1553bb11fb07a82436f9c906d,data/raw/Anopheles stephensi/Anopheles stephensi/GoogleNexus/as4.wav,Nexus,Anopheles stephensi|raw/Anopheles stephensi/Anopheles stephensi/GoogleNexus,15,45,15,Anopheles stephensi,Anopheles stephensi,0.25404712922779105,Nexus
bed7ecf982a50b27c154a9626171361ba5076d85150bbd6107c6275e2d36e366,data/raw/Anopheles minimus/Anopheles minimus/GoogleNexus/Rec_1980-02-16_13.49.10amin.wav,Nexus,Anopheles minimus|raw/Anopheles minimus/Anopheles minimus/GoogleNexus,12,40,12,Anopheles minimus,Anopheles minimus,0.22649318002885802,Nexus
c4366b2755f7ef5d793d312460fc9a16ab22131f2079596c26b9c4d8f7857125,data/raw/Anopheles albimanus/Anopheles albimanus/GoogleNexus/Rec_1980-02-16_17.39.29aalb.wav,Nexus,Anopheles albimanus|raw/Anopheles albimanus/Anopheles albimanus/GoogleNexus,4,60,7,Anopheles albimanus,Anopheles dirus,0.18980597769036936,Nexus
c4bd66c43a212496ef9ab2c916b82f7f92fe8c3950f28e9bf52a228fa1c120cc,data/raw/Anopheles minimus/Anopheles minimus/GoogleNexus/Rec_1980-02-16_13.50.19aminM.wav,Nexus,Anopheles minimus|raw/Anopheles minimus/Anopheles minimus/GoogleNexus,12,37,7,Anopheles minimus,Anopheles dirus,0.20617886854523895,Nexus
c78d14c71f8ad7a72266216f61b6fac86b7225a8ca4cff14e3f82e4a41d8b4d4,data/raw/Anopheles albimanus/Anopheles albimanus/GoogleNexus/Rec_1980-02-16_17.40.56aalb.wav,Nexus,Anopheles albimanus|raw/Anopheles albimanus/Anopheles albimanus/GoogleNexus,4,49,4,Anopheles albimanus,Anopheles albimanus,0.20441241083310188,Nexus
ca0ebe42eec9923cb49afb97dd636455023fff3b7c1619bf79e26fbeccb61070,data/raw/Anopheles gambiae/Anopheles gambiae akron/CDC_Nexus/akronf.wav,Nexus,Anopheles gambiae|raw/Anopheles gambiae/Anopheles gambiae akron/CDC_Nexus,10,60,15,Anopheles gambiae,Anopheles stephensi,0.1683560677978542,Nexus
cb5f8f561a151294331318ea602d01c52571f89f2fd84583657f46ea15ed1be4,data/raw/Anopheles gambiae/Anopheles gambiae kisumu/GoogleNexus/agf1.wav,Nexus,Anopheles gambiae|raw/Anopheles gambiae/Anopheles gambiae kisumu/GoogleNexus,10,7,7,Anopheles gambiae,Anopheles dirus,0.23193457071862436,Nexus
ce04eb93683128be7c13f67d0b47eacf2f9ef3c900f2d07b573a21ff2e205060,data/raw/Anopheles minimus/Anopheles minimus/GoogleNexus/am6.wav,Nexus,Anopheles minimus|raw/Anopheles minimus/Anopheles minimus/GoogleNexus,12,22,15,Anopheles minimus,Anopheles stephensi,0.19317286011341617,Nexus
d32ffa74e57570708bb176761b24a119df08519e5bb70853859de4bd8bac7237,data/raw/Anopheles dirus/Anopheles dirus/GoogleNexus/Rec_1980-02-15_16.47.04 adirus.wav,Nexus,Anopheles dirus|raw/Anopheles dirus/Anopheles dirus/GoogleNexus,7,48,12,Anopheles dirus,Anopheles minimus,0.26506933336779276,Nexus
d9ca196eb782b4889b7439d8e1e06f2c20a1c35d5ac9e3a7d3d8700c8f76a981,data/raw/Anopheles atroparvus/Anopheles atroparvus/CDC_Nexus/ebro f.wav,Nexus,Anopheles atroparvus|raw/Anopheles atroparvus/Anopheles atroparvus/CDC_Nexus,6,60,4,Anopheles atroparvus,Anopheles albimanus,0.20941370099261575,Nexus
e0c6df90a217b5f48735f419b4b83a9085f764956ab63d16a9f5c41771001a4e,data/raw/Anopheles arabiensis/Anopheles arabiensis rufisque/CDC_Nexus/rufisque.wav,Nexus,Anopheles arabiensis|raw/Anopheles arabiensis/Anopheles arabiensis rufisque/CDC_Nexus,5,60,5,Anopheles arabiensis,Anopheles arabiensis,0.17616588782376236,Nexus
e6f3845112241ff6503bf55546d8fc4912c18ca663b6d1f48dcf735270f55faa,data/raw/Anopheles freeborni/Anopheles freeborni/GoogleNexus/af3.wav,Nexus,Anopheles freeborni|raw/Anopheles freeborni/Anopheles freeborni/GoogleNexus,9,43,12,Anopheles freeborni,Anopheles minimus,0.20207271596318727,Nexus
e87eed9eb36dec0d1286d5cff8e8a85aa5aae7f2573dd6519e4c5d7e7d18f0af,data/raw/Anopheles stephensi/Anopheles stephensi/GoogleNexus/as2.wav,Nexus,Anopheles stephensi|raw/Anopheles stephensi/Anopheles stephensi/GoogleNexus,15,27,15,Anopheles stephensi,Anopheles stephensi,0.2592302023298958,Nexus
e884c56b848bb0ce709981793e95bb39a76eab8a0bb0283f7a852553933eef95,data/raw/Anopheles freeborni/Anopheles freeborni/GoogleNexus/afm.wav,Nexus,Anopheles freeborni|raw/Anopheles freeborni/Anopheles freeborni/GoogleNexus,9,46,7,Anopheles freeborni,Anopheles dirus,0.18851977920530003,Nexus
ea24d974e89d0e641300b55d4e7d2f0ca325a316140d9b73c8f831475fb79077,data/raw/Anopheles farauti/Anopheles farauti/GoogleNexus/Rec_1980-02-16_16.01.00afar.wav,Nexus,Anopheles farauti|raw/Anopheles farauti/Anopheles farauti/GoogleNexus,8,52,15,Anopheles farauti,Anopheles stephensi,0.18441826945067108,Nexus
eec7a4e6d4f9ee526215754604a72b9bdb8200f59ff8b6299ef7d39a7a6c7e50,data/raw/Anopheles gambiae/Anopheles gambiae kisumu/GoogleNexus/ag1ft rec1.wav,Nexus,Anopheles gambiae|raw/Anopheles gambiae/Anopheles gambiae kisumu/GoogleNexus,10,26,7,Anopheles gambiae,Anopheles dirus,0.1834670393990891,Nexus
f31c375f281a13383f56a41af2736cd66325f15978d8e6a65e3af147041d5598,data/raw/Anopheles gambiae/Anopheles gambiae kisumu/GoogleNexus/Rec_1980-02-15_13.05.09 ag1ft.wav,Nexus,Anopheles gambiae|raw/Anopheles gambiae/Anopheles gambiae kisumu/GoogleNexus,10,29,7,Anopheles gambiae,Anopheles dirus,0.18243555642389245,Nexus
f44e6a04f1701c09278e1126010dcf0448c457a1e5939fe69bab3fdbd1433ede,data/raw/Anopheles freeborni/Anopheles freeborni/GoogleNexus/af4.wav,Nexus,Anopheles freeborni|raw/Anopheles freeborni/Anopheles freeborni/GoogleNexus,9,60,12,Anopheles freeborni,Anopheles minimus,0.19095991594075884,Nexus
f6060c0cab889e2871aeee9a898b2bb41dfa21d640d7f4555e93e40ce18d0cf8,data/raw/Anopheles freeborni/Anopheles freeborni/GoogleNexus/af6.wav,Nexus,Anopheles freeborni|raw/Anopheles freeborni/Anopheles freeborni/GoogleNexus,9,11,7,Anopheles freeborni,Anopheles dirus,0.19208733730452668,Nexus
f6346e226f3b688a14b49e61a2faa338cdbd5b5e38c2e5f46ddf5f1240afd6c2,data/raw/Anopheles gambiae/Anopheles gambiae kisumu/CDC_Nexus/gambiaef.wav,Nexus,Anopheles gambiae|raw/Anopheles gambiae/Anopheles gambiae kisumu/CDC_Nexus,10,60,12,Anopheles gambiae,Anopheles minimus,0.1885479576176801,Nexus
f7d717b0a3a5d320ae1e8fe65872fd3d3e02a85e4550ef882618dcad8176822c,data/raw/Anopheles dirus/Anopheles dirus/GoogleNexus/Rec_1980-02-15_16.35.43 adirus mix.wav,Nexus,Anopheles dirus|raw/Anopheles dirus/Anopheles dirus/GoogleNexus,7,60,7,Anopheles dirus,Anopheles dirus,0.18356130440880813,Nexus
fb11c6018b97da2645b1d9b1cc7015326ab7bfccdc525cd0020d13568dc3ccc3,data/raw/Anopheles stephensi/Anopheles stephensi/GoogleNexus/as7.wav,Nexus,Anopheles stephensi|raw/Anopheles stephensi/Anopheles stephensi/GoogleNexus,15,37,7,Anopheles stephensi,Anopheles dirus,0.18772590003429349,Nexus
fc1b20afc9c22d0222af3748097c349e823d55fb118039ffeee689da56d89276,data/raw/Anopheles freeborni/Anopheles freeborni/GoogleNexus/Rec_1980-02-16_12.59.43afree.wav,Nexus,Anopheles freeborni|raw/Anopheles freeborni/Anopheles freeborni/GoogleNexus,9,38,9,Anopheles freeborni,Anopheles freeborni,0.25496079211630607,Nexus
0790a15706d3a8db2939a9d3e1b985b490af737ed7c1e70b40abe79fd6480515,data/raw/Anopheles farauti/Anopheles farauti/Nokia5235/Afar4.mp4,Nokia5235,Anopheles farauti|raw/Anopheles farauti/Anopheles farauti/Nokia5235,8,60,9,Anopheles farauti,Anopheles freeborni,0.1724166947986287,Nokia5235
130dc1b50514ae3b7cb656a516b9497fd407b23de1e3a47d19ad772be0342488,data/raw/Anopheles stephensi/Anopheles stephensi/Nokia5235/As2.wav,Nokia5235,Anopheles stephensi|raw/Anopheles stephensi/Anopheles stephensi/Nokia5235,15,59,15,Anopheles stephensi,Anopheles stephensi,0.21988821391493674,Nokia5235
188f431fab1b7f5b4da9ec4f87839f5245b647e83ea7300ee45124fe8e5309e2,data/raw/Anopheles freeborni/Anopheles freeborni/Nokia5235/Sound clip 171 afmix.mp4,Nokia5235,Anopheles freeborni|raw/Anopheles freeborni/Anopheles freeborni/Nokia5235,9,24,9,Anopheles freeborni,Anopheles freeborni,0.25647859011639046,Nokia5235
1f24b947468f93c730731e08c61242c63ecd7f2f643d1690642c1f8b89f2763e,data/raw/Anopheles dirus/Anopheles dirus/Nokia5235/Adf3.mp4,Nokia5235,Anopheles dirus|raw/Anopheles dirus/Anopheles dirus/Nokia5235,7,60,7,Anopheles dirus,Anopheles dirus,0.1683889923399688,Nokia5235
261127173c94e63c0544198351d5188aa62510072dcc8ad978b99f516f8ac33b,data/raw/Anopheles minimus/Anopheles minimus/Nokia5235/Amin3.wav,Nokia5235,Anopheles minimus|raw/Anopheles minimus/Anopheles minimus/Nokia5235,12,60,9,Anopheles minimus,Anopheles freeborni,0.21666610890628307,Nokia5235
292c8fdb7e9d6097ae6fb3bd50533a4cb2929b643b15df2e99a4289198c2c7eb,data/raw/Anopheles farauti/Anopheles farauti/Nokia5235/Afar2.mp4,Nokia5235,Anopheles farauti|raw/Anopheles farauti/Anopheles farauti/Nokia5235,8,60,15,Anopheles farauti,Anopheles stephensi,0.18604285329792616,Nokia5235
2cc786fffefafc3349102857200d8a6cee5095351d8223641f659928e5faccdb,data/raw/Anopheles stephensi/Anopheles stephensi/Nokia5235/As.wav,Nokia5235,Anopheles stephensi|raw/Anopheles stephensi/Anopheles stephensi/Nokia5235,15,57,15,Anopheles stephensi,Anopheles stephensi,0.25888940487466355,Nokia5235
2cf0d9587664c292a694c0947e03fb52bf61e273588751daf69a6b3ddf1d4008,data/raw/Anopheles albimanus/Anopheles albimanus/Nokia5235/Sound clip 194 aalbf.mp4,Nokia5235,Anopheles albimanus|raw/Anopheles albimanus/Anopheles albimanus/Nokia5235,4,60,4,Anopheles albimanus,Anopheles albimanus,0.2149399419240313,Nokia5235
35d636369568b43044a6c948d12c68ae97af33d298b6805b247b69cf55e11b45,data/raw/Anopheles farauti/Anopheles farauti/Nokia5235/Afar.mp4,Nokia5235,Anopheles farauti|raw/Anopheles farauti/Anopheles farauti/Nokia5235,8,47,15,Anopheles farauti,Anopheles stephensi,0.1749581121454073,Nokia5235
3931dc6f970fd1738bf24b4f85a2f573c1bc7489edb37dab33f87bdbe53cddd4,data/raw/Anopheles freeborni/Anopheles freeborni/Nokia5235/Sound clip 175 afmix.mp4,Nokia5235,Anopheles freeborni|raw/Anopheles freeborni/Anopheles freeborni/Nokia5235,9,60,4,Anopheles freeborni,Anopheles albimanus,0.19220709540995215,Nokia5235
3d68ef1319433f0ec274e4f4e05330035278b7e8893f826cac686537b13b5e64,data/raw/Anopheles gambiae/Anopheles gambiae kisumu/Nokia5235/Sound clip 146 ag1ft.mp4,Nokia5235,Anopheles gambiae|raw/Anopheles gambiae/Anopheles gambiae kisumu/Nokia5235,10,23,10,Anopheles gambiae,Anopheles gambiae,0.20755761335852133,Nokia5235
41073fddeb82bb07a0dc9cf2adce3b1b1568f0925010a9d934bebf398c738158,data/raw/Anopheles freeborni/Anopheles freeborni/Nokia5235/Sound clip 172 aff.mp4,Nokia5235,Anopheles freeborni|raw/Anopheles freeborni/Anopheles freeborni/Nokia5235,9,60,9,Anopheles freeborni,Anopheles freeborni,0.1984332683309932,Nokia5235
5016cb8a9c67e776fd4892ec2c8cd9a67c5bc01c4f020ab585bc2b70195e087c,data/raw/Anopheles gambiae/Anopheles gambiae kisumu/Nokia5235/Sound clip 148 agmix.mp4,Nokia5235,Anopheles gambiae|raw/Anopheles gambiae/Anopheles gambiae kisumu/Nokia5235,10,39,15,Anopheles gambiae,Anopheles stephensi,0.20536394595956467,Nokia5235
53019a24c7392e0674dca8c96cd858d0bfa21064c3460b904153e1cf8d0d3d6d,data/raw/Anopheles minimus/Anopheles minimus/Nokia5235/Amin6.wav,Nokia5235,Anopheles minimus|raw/Anopheles minimus/Anopheles minimus/Nokia5235,12,36,15,Anopheles minimus,Anopheles stephensi,0.18169086867893547,Nokia5235
548cadc88ea2670844f202b73980e1e31cbca5ef29e66bcdd44afb106db1d446,data/raw/Anopheles albimanus/Anopheles albimanus/Nokia5235/Sound clip 191 aalbi.mp4,Nokia5235,Anopheles albimanus|raw/Anopheles albimanus/Anopheles albimanus/Nokia5235,4,60,4,Anopheles albimanus,Anopheles albimanus,0.2311575516497083,Nokia5235
5954ebbed3d86d39e4db3f51764fd023ee327118d5efe6dfff2b23dd2dc4d359,data/raw/Anopheles minimus/Anopheles minimus/Nokia5235/Amin1.wav,Nokia5235,Anopheles minimus|raw/Anopheles minimus/Anopheles minimus/Nokia5235,12,55,7,Anopheles minimus,Anopheles dirus,0.1865025224877043,Nokia5235
596fc4f45c2952e68f67a41c0f5936788e455206472a5883305011e4c63e247c,data/raw/Anopheles freeborni/Anopheles freeborni/Nokia5235/Sound clip 173 afm.mp4,Nokia5235,Anopheles freeborni|raw/Anopheles freeborni/Anopheles freeborni/Nokia5235,9,60,9,Anopheles freeborni,Anopheles freeborni,0.23884732134158074,Nokia5235
5971236d44339c5dae42f9b5a251a8864d1d500ef8970d3a252e688f1666a3ce,data/raw/Anopheles dirus/Anopheles dirus/Nokia5235/Adf.mp4,Nokia5235,Anopheles dirus|raw/Anopheles dirus/Anopheles dirus/Nokia5235,7,33,8,Anopheles dirus,Anopheles farauti,0.18239575930344024,Nokia5235
5b7dd801ba0d4e30a014aae86724e5fc7a6dbacf24280ead54b0af9750ec87b0,data/raw/Anopheles gambiae/Anopheles gambiae kisumu/Nokia5235/Sound clip 149 agmix.mp4,Nokia5235,Anopheles gambiae|raw/Anopheles gambiae/Anopheles gambiae kisumu/Nokia5235,10,60,15,Anopheles gambiae,Anopheles stephensi,0.2611709121862485,Nokia5235
7bdfbb29596f91f6d7805a3d54d0ce518000181418518bb4c21aa69fc46fadcf,data/raw/Anopheles albimanus/Anopheles albimanus/Nokia5235/Sound clip 190 aalbi.mp4,Nokia5235,Anopheles albimanus|raw/Anopheles albimanus/Anopheles albimanus/Nokia5235,4,60,4,Anopheles albimanus,Anopheles albimanus,0.23997398162639427,Nokia5235
8619890031858274619ed9af6dc20843866c87cd0daa726217c9c3962927e2f9,data/raw/Anopheles gambiae/Anopheles gambiae kisumu/Nokia5235/Sound clip 147 ag1ft.mp4,Nokia5235,Anopheles gambiae|raw/Anopheles gambiae/Anopheles gambiae kisumu/Nokia5235,10,33,10,Anopheles gambiae,Anopheles gambiae,0.19006205371571944,Nokia5235
91b3a7f74abe5cb6470788f1fe7bf76b726f4fd9d3517f6ec941004d4a693134,data/raw/Anopheles minimus/Anopheles minimus/Nokia5235/Amin7.wav,Nokia5235,Anopheles minimus|raw/Anopheles minimus/Anopheles minimus/Nokia5235,12,60,9,Anopheles minimus,Anopheles freeborni,0.17990903150009696,Nokia5235
92785db42b0f645a2261622dc10ed937c3f2ecfee5ded5b54e9dc409400e96b5,data/raw/Anopheles minimus/Anopheles minimus/Nokia5235/Amin4.wav,Nokia5235,Anopheles minimus|raw/Anopheles minimus/Anopheles minimus/Nokia5235,12,60,9,Anopheles minimus,Anopheles freeborni,0.20183318291300817,Nokia5235
9bc63a79fc617424cba082c0e086e639a5b4c4106e4f6014c7df5c65d591ff65,data/raw/Anopheles gambiae/Anopheles gambiae kisumu/Nokia5235/Sound clip 150 agmix.mp4,Nokia5235,Anopheles gambiae|raw/Anopheles gambiae/Anopheles gambiae kisumu/Nokia5235,10,50,15,Anopheles gambiae,Anopheles stephensi,0.19978371031912975,Nokia5235
a0787a969e07937605ee65dbc779ef1db53a85e465ba2335ea1464064da17f6c,data/raw/Anopheles farauti/Anopheles farauti/Nokia5235/Afar5.mp4,Nokia5235,Anopheles farauti|raw/Anopheles farauti/Anopheles farauti/Nokia5235,8,57,8,Anopheles farauti,Anopheles farauti,0.1902121517735631,Nokia5235
af44d93579ec398f802fb9ee70e49f563d3dd9f53bee14da9ff5aab70c2ed1fb,data/raw/Anopheles dirus/Anopheles dirus/Nokia5235/Adm2.mp4,Nokia5235,Anopheles dirus|raw/Anopheles dirus/Anopheles dirus/Nokia5235,7,60,15,Anopheles dirus,Anopheles stephensi,0.16590320413435974,Nokia5235
b5c5947e7e7f165584b493d3d869c9a8caecb6545eb71bcc2f523073d04784e4,data/raw/Anopheles albimanus/Anopheles albimanus/Nokia5235/Sound clip 193 aalbm.mp4,Nokia5235,Anopheles albimanus|raw/Anopheles albimanus/Anopheles albimanus/Nokia5235,4,60,4,Anopheles albimanus,Anopheles albimanus,0.18643171861299662,Nokia5235
c41214fd42c3a7787015e9c874248f3b8d4e9840b62ba620b81e159e79137c19,data/raw/Anopheles minimus/Anopheles minimus/Nokia5235/Amin5.wav,Nokia5235,Anopheles minimus|raw/Anopheles minimus/Anopheles minimus/Nokia5235,12,60,7,Anopheles minimus,Anopheles dirus,0.20477764390306144,Nokia5235
cebe6a8b0bac7fa05e6acccf0376cdfbda7b334c36ad6d1ebe877e0e918dbae3,data/raw/Anopheles stephensi/Anopheles stephensi/Nokia5235/As1.wav,Nokia5235,Anopheles stephensi|raw/Anopheles stephensi/Anopheles stephensi/Nokia5235,15,28,15,Anopheles stephensi,Anopheles stephensi,0.24639814819160857,Nokia5235
d17c39b26fb572350c7b4c8cfb1d0689a4c7b03edfbacab9515b99505bc4a0b6,data/raw/Anopheles stephensi/Anopheles stephensi/Nokia5235/As4.wav,Nokia5235,Anopheles stephensi|raw/Anopheles stephensi/Anopheles stephensi/Nokia5235,15,60,15,Anopheles stephensi,Anopheles stephensi,0.2315442941943478,Nokia5235
d71d747442a1cb624db142b6acb2057c0b3ec7d1764f99de9427deaf7920fa08,data/raw/Anopheles dirus/Anopheles dirus/Nokia5235/Adf2.mp4,Nokia5235,Anopheles dirus|raw/Anopheles dirus/Anopheles dirus/Nokia5235,7,50,15,Anopheles dirus,Anopheles stephensi,0.17773236911643217,Nokia5235
d72e1e7a9bbcf6eb43d435eec84c4694fee734e2b1b95c25dc4f27511ac98c35,data/raw/Anopheles albimanus/Anopheles albimanus/Nokia5235/Sound clip 192 aalbi.mp4,Nokia5235,Anopheles albimanus|raw/Anopheles albimanus/Anopheles albimanus/Nokia5235,4,60,4,Anopheles albimanus,Anopheles albimanus,0.19616729451670775,Nokia5235
df1c848783a9d6f222a12e5c02297807c36480d7e0b092a5acc9d332c38aeeec,data/raw/Anopheles dirus/Anopheles dirus/Nokia5235/Admf.mp4,Nokia5235,Anopheles dirus|raw/Anopheles dirus/Anopheles dirus/Nokia5235,7,30,9,Anopheles dirus,Anopheles freeborni,0.22448603231121778,Nokia5235
e010a686cfaec92cf4a5df8ce2e9363277b0ec60c2a9c86e6c1bfaaacc15d79e,data/raw/Anopheles farauti/Anopheles farauti/Nokia5235/Afar3.mp4,Nokia5235,Anopheles farauti|raw/Anopheles farauti/Anopheles farauti/Nokia5235,8,47,9,Anopheles farauti,Anopheles freeborni,0.1718501307259004,Nokia5235
e420b50e3ea0c7abca65fc852b1d1f919a3bf1629afda6e0f542ce0db9440945,data/raw/Anopheles dirus/Anopheles dirus/Nokia5235/Adm3.mp4,Nokia5235,Anopheles dirus|raw/Anopheles dirus/Anopheles dirus/Nokia5235,7,60,15,Anopheles dirus,Anopheles stephensi,0.1977479808315186,Nokia5235
e643733c2337842903e77c7e0aeb254fbad02ebac738f1cfc87387570a949cb4,data/raw/Anopheles dirus/Anopheles dirus/Nokia5235/Adf1.mp4,Nokia5235,Anopheles dirus|raw/Anopheles dirus/Anopheles dirus/Nokia5235,7,60,15,Anopheles dirus,Anopheles stephensi,0.1745115037964337,Nokia5235
ec17d4e739388bdfd17ed21863bc64f1de8b57431e10d3aa22984fbbc18edf24,data/raw/Anopheles dirus/Anopheles dirus/Nokia5235/Adm1.mp4,Nokia5235,Anopheles dirus|raw/Anopheles dirus/Anopheles dirus/Nokia5235,7,59,9,Anopheles dirus,Anopheles freeborni,0.1806089586012039,Nokia5235
f898a244b9f8117158e184a809e091b6e467cfe28c15c29d24faecd0492e671b,data/raw/Anopheles minimus/Anopheles minimus/Nokia5235/Amin2.wav,Nokia5235,Anopheles minimus|raw/Anopheles minimus/Anopheles minimus/Nokia5235,12,60,7,Anopheles minimus,Anopheles dirus,0.192802567730023,Nokia5235
fcbd7676e4678f6a1e36df2c70a448fd1d45534f7096cba1c686bbaa278b8d78,data/raw/Anopheles stephensi/Anopheles stephensi/Nokia5235/As5.wav,Nokia5235,Anopheles stephensi|raw/Anopheles stephensi/Anopheles stephensi/Nokia5235,15,44,15,Anopheles stephensi,Anopheles stephensi,0.38544944805120296,Nokia5235
ffe84d1bc0ecbe287ab20c4ce3d37bb306772457fab76d90ecc9e538716d6a94,data/raw/Anopheles freeborni/Anopheles freeborni/Nokia5235/Sound clip 170 af.mp4,Nokia5235,Anopheles freeborni|raw/Anopheles freeborni/Anopheles freeborni/Nokia5235,9,36,4,Anopheles freeborni,Anopheles albimanus,0.18528678491559603,Nokia5235
08b4a4d1625e64fb7219e883f000eb44916ebc50280efe4e3e8fa2ebfada9da1,data/raw/Anopheles minimus/Anopheles minimus/Nokia6555B/Audio021 am .wav,Nokia6555B,Anopheles minimus|raw/Anopheles minimus/Anopheles minimus/Nokia6555B,12,60,15,Anopheles minimus,Anopheles stephensi,0.18620736248001168,Nokia6555B
08bdc742898e155d7fe781fa85c40a81e677b3dd40a5f187be04a9c746f13cc6,data/raw/Anopheles dirus/Anopheles dirus/Nokia6555B/Audio006.wav,Nokia6555B,Anopheles dirus|raw/Anopheles dirus/Anopheles dirus/Nokia6555B,7,60,15,Anopheles dirus,Anopheles stephensi,0.17475519736852677,Nokia6555B
0b5d5ca4f5921a8a0a6017f7370be9ec80fe146b97b8eaba23d8300232c2ae51,data/raw/Anopheles dirus/Anopheles dirus/Nokia6555B/Audio005.wav,Nokia6555B,Anopheles dirus|raw/Anopheles dirus/Anopheles dirus/Nokia6555B,7,60,15,Anopheles dirus,Anopheles stephensi,0.16785638612402168,Nokia6555B
0da4cffa1a223cf1ccaf7f69a3e3e78a0bd1f67f625709eb81ffe9a1c28b40f6,data/raw/Anopheles albimanus/Anopheles albimanus/Nokia6555B/Audio034 aalbm.wav,Nokia6555B,Anopheles albimanus|raw/Anopheles albimanus/Anopheles albimanus/Nokia6555B,4,60,4,Anopheles albimanus,Anopheles albimanus,0.18862350547493575,Nokia6555B
1719fea38f8b49f809232826c5fe2811498c201e1d5880033d17c63da7faa97d,data/raw/Anopheles farauti/Anopheles farauti/Nokia6555B/Afar4.wav,Nokia6555B,Anopheles farauti|raw/Anopheles farauti/Anopheles farauti/Nokia6555B,8,42,7,Anopheles farauti,Anopheles dirus,0.18190213329760047,Nokia6555B
1931e6082525e232a53da26f90cd826b727bdd4bf9e12ce1d26a31e1dabc0a46,data/raw/Anopheles minimus/Anopheles minimus/Nokia6555B/Audio019 amm.wav,Nokia6555B,Anopheles minimus|raw/Anopheles minimus/Anopheles minimus/Nokia6555B,12,60,7,Anopheles minimus,Anopheles dirus,0.17342058861352827,Nokia6555B
2217fdc4b1a1348792de109c442295b4d71f9d180af9a8ee49d3ac5e75b2649f,data/raw/Anopheles stephensi/Anopheles stephensi/Nokia6555B/Audio010.wav,Nokia6555B,Anopheles stephensi|raw/Anopheles stephensi/Anopheles stephensi/Nokia6555B,15,60,15,Anopheles stephensi,Anopheles stephensi,0.20005820452106168,Nokia6555B
2725eeeb7895a1a5d4419cece6895caa5ff2716f1b4aaad946dfc4bb05ccacd2,data/raw/Anopheles stephensi/Anopheles stephensi/Nokia6555B/Audio011.wav,Nokia6555B,Anopheles stephensi|raw/Anopheles stephensi/Anopheles stephensi/Nokia6555B,15,60,15,Anopheles stephensi,Anopheles stephensi,0.17358214116320314,Nokia6555B
32ef32d18e6f850d44f324b30d399bab9ed9d5a651f101dcc471a3f0b9d38fc2,data/raw/Anopheles farauti/Anopheles farauti/Nokia6555B/Afar2.wav,Nokia6555B,Anopheles farauti|raw/Anopheles farauti/Anopheles farauti/Nokia6555B,8,60,15,Anopheles farauti,Anopheles stephensi,0.1960134992748475,Nokia6555B
3614bfd692931e1bde437eb6e8b6439cb79591824d8dbb4f82e8c9d93d8c1ec8,data/raw/Anopheles albimanus/Anopheles albimanus/Nokia6555B/Audio032 aalbi.wav,Nokia6555B,Anopheles albimanus|raw/Anopheles albimanus/Anopheles albimanus/Nokia6555B,4,60,4,Anopheles albimanus,Anopheles albimanus,0.20906242003755177,Nokia6555B
3e8a6825ed5614f09e50a5a6bbd15755bceeefae78a0a08de97a33f265638d22,data/raw/Anopheles dirus/Anopheles dirus/Nokia6555B/Audio004.wav,Nokia6555B,Anopheles dirus|raw/Anopheles dirus/Anopheles dirus/Nokia6555B,7,60,4,Anopheles dirus,Anopheles albimanus,0.16468383705027673,Nokia6555B
460f24da6111b26b0dd3f6e9dd213d0e824303e6069a0475459df2143d9d9c36,data/raw/Anopheles albimanus/Anopheles albimanus/Nokia6555B/Audio033 aalbf.wav,Nokia6555B,Anopheles albimanus|raw/Anopheles albimanus/Anopheles albimanus/Nokia6555B,4,48,4,Anopheles albimanus,Anopheles albimanus,0.18643143317675767,Nokia6555B
5873f4b3bc017d1b07257d145a0051b20a832c3b08cb26ca2b786649481bc130,data/raw/Anopheles albimanus/Anopheles albimanus/Nokia6555B/Audio035 aalbi.wav,Nokia6555B,Anopheles albimanus|raw/Anopheles albimanus/Anopheles albimanus/Nokia6555B,4,60,4,Anopheles albimanus,Anopheles albimanus,0.2126065246152505,Nokia6555B
611c54ab71779bd5bc6bb190a11ef98891bf51f8cde4ce3891909d4f801e3861,data/raw/Anopheles freeborni/Anopheles freeborni/Nokia6555B/Audio014 afmix bugdorm.wav,Nokia6555B,Anopheles freeborni|raw/Anopheles freeborni/Anopheles freeborni/Nokia6555B,9,60,4,Anopheles freeborni,Anopheles albimanus,0.18858221798518768,Nokia6555B
691ee1d897588e2cc6a3a0a82272381469be1382f2056437186c87b6409fa98a,data/raw/Anopheles dirus/Anopheles dirus/Nokia6555B/Audio007.wav,Nokia6555B,Anopheles dirus|raw/Anopheles dirus/Anopheles dirus/Nokia6555B,7,60,7,Anopheles dirus,Anopheles dirus,0.1708950841690572,Nokia6555B
712405492c82941d151fc296229ac6b46eaa7e4531beb1a57b2f98be0ad6352c,data/raw/Anopheles minimus/Anopheles minimus/Nokia6555B/Audio022 am.wav,Nokia6555B,Anopheles minimus|raw/Anopheles minimus/Anopheles minimus/Nokia6555B,12,60,7,Anopheles minimus,Anopheles dirus,0.16220480066391652,Nokia6555B
8108f8d7ecbaafe01fa87631ccdb12ee956f4f2f7ae8de3ab38b40ef9853b3a7,data/raw/Anopheles freeborni/Anopheles freeborni/Nokia6555B/Audio015 aff.wav,Nokia6555B,Anopheles freeborni|raw/Anopheles freeborni/Anopheles freeborni/Nokia6555B,9,60,4,Anopheles freeborni,Anopheles albimanus,0.1996999437454346,Nokia6555B
96621c4c383e0a28c6e9bc53543bd20f73501cee28a0978847ed31666511778b,data/raw/Anopheles minimus/Anopheles minimus/Nokia6555B/Audio020 amf.wav,Nokia6555B,Anopheles minimus|raw/Anopheles minimus/Anopheles minimus/Nokia6555B,12,60,7,Anopheles minimus,Anopheles dirus,0.16636929577749543,Nokia6555B
97deaa784a840e5fc8254bbfa4e399f1c5db88017636977c0d62dadd3a4da47c,data/raw/Anopheles minimus/Anopheles minimus/Nokia6555B/Audio023 am swarm.wav,Nokia6555B,Anopheles minimus|raw/Anopheles minimus/Anopheles minimus/Nokia6555B,12,60,7,Anopheles minimus,Anopheles dirus,0.1669192148148419,Nokia6555B
a473efefa847b8b23de52944adf00b8f157de83d166bdb32d3b34f8cb1e4bff2,data/raw/Anopheles freeborni/Anopheles freeborni/Nokia6555B/Audio018 afswarm.wav,Nokia6555B,Anopheles freeborni|raw/Anopheles freeborni/Anopheles freeborni/Nokia6555B,9,60,9,Anopheles freeborni,Anopheles freeborni,0.28858081481270303,Nokia6555B
ad05d88a19b370a7638dd904c0770a0bd10c4e0801b487ec0f43eb41dc9a2652,data/raw/Anopheles gambiae/Anopheles gambiae kisumu/Nokia6555B/Audio000.wav,Nokia6555B,Anopheles gambiae|raw/Anopheles gambiae/Anopheles gambiae kisumu/Nokia6555B,10,10,10,Anopheles gambiae,Anopheles gambiae,0.24127757933526342,Nokia6555B
ba32a0dc63c5a7d576a746c99d26a21a191f5169a96827199c73d00066c9357b,data/raw/Anopheles freeborni/Anopheles freeborni/Nokia6555B/Audio016 af f long.wav,Nokia6555B,Anopheles freeborni|raw/Anopheles freeborni/Anopheles freeborni/Nokia6555B,9,52,9,Anopheles freeborni,Anopheles freeborni,0.29100676611792237,Nokia6555B
cd7aacc5363a271a75194255e97d19c466aff9dd3d8dac87ec61c8fec36b1c17,data/raw/Anopheles gambiae/Anopheles gambiae kisumu/Nokia6555B/Audio001.wav,Nokia6555B,Anopheles gambiae|raw/Anopheles gambiae/Anopheles gambiae kisumu/Nokia6555B,10,27,10,Anopheles gambiae,Anopheles gambiae,0.34491207217734404,Nokia6555B
cd9638443c3de2a54a4189305081ca4216813b0b96b3c4c7fa330670caf41d25,data/raw/Anopheles freeborni/Anopheles freeborni/Nokia6555B/Audio017 afm.wav,Nokia6555B,Anopheles freeborni|raw/Anopheles freeborni/Anopheles freeborni/Nokia6555B,9,60,4,Anopheles freeborni,Anopheles albimanus,0.18868535981423437,Nokia6555B
d5407dd20889d403175384112e5f240ada7dea5fd9cab373eee2625c1a03130d,data/raw/Anopheles stephensi/Anopheles stephensi/Nokia6555B/Audio008.wav,Nokia6555B,Anopheles stephensi|raw/Anopheles stephensi/Anopheles stephensi/Nokia6555B,15,58,10,Anopheles stephensi,Anopheles gambiae,0.2672954476677977,Nokia6555B
d889dac1e11fc4e542e18f41bd96fd79c6c416b153c4eb546e4f24226a63aa65,data/raw/Anopheles farauti/Anopheles farauti/Nokia6555B/Afar3.wav,Nokia6555B,Anopheles farauti|raw/Anopheles farauti/Anopheles farauti/Nokia6555B,8,57,15,Anopheles farauti,Anopheles stephensi,0.18204324086435064,Nokia6555B
dbdf2882183fa13552614c7725d4645e9ef5a943cd8b3b842292190066ea1e4c,data/raw/Anopheles stephensi/Anopheles stephensi/Nokia6555B/Audio012.wav,Nokia6555B,Anopheles stephensi|raw/Anopheles stephensi/Anopheles stephensi/Nokia6555B,15,60,10,Anopheles stephensi,Anopheles gambiae,0.2561300728487223,Nokia6555B
e2957e44bdeec2638bafeb8f35bf1e86152303e15f6b1281a1d4c56c72f3b6d2,data/raw/Anopheles stephensi/Anopheles stephensi/Nokia6555B/Audio013.wav,Nokia6555B,Anopheles stephensi|raw/Anopheles stephensi/Anopheles stephensi/Nokia6555B,15,60,15,Anopheles stephensi,Anopheles stephensi,0.2060339724740125,Nokia6555B
e3e1ee5ad74dcd9bab3a7cec7cdfa7b1e839d781575349dd0b6cb96dba2ab75a,data/raw/Anopheles gambiae/Anopheles gambiae kisumu/Nokia6555B/Audio002.wav,Nokia6555B,Anopheles gambiae|raw/Anopheles gambiae/Anopheles gambiae kisumu/Nokia6555B,10,47,15,Anopheles gambiae,Anopheles stephensi,0.19742523098936823,Nokia6555B
e4cee475fb3b93223f890d00808b52edfa607d6facbbf8437a3b4412b554dc38,data/raw/Anopheles farauti/Anopheles farauti/Nokia6555B/Afar1.wav,Nokia6555B,Anopheles farauti|raw/Anopheles farauti/Anopheles farauti/Nokia6555B,8,59,15,Anopheles farauti,Anopheles stephensi,0.1786918867655161,Nokia6555B
e62d43a7a7af1ae97fa0db6388ca06fe73e697560e6c2399375e10b335794b5f,data/raw/Anopheles dirus/Anopheles dirus/Nokia6555B/Audio003.wav,Nokia6555B,Anopheles dirus|raw/Anopheles dirus/Anopheles dirus/Nokia6555B,7,60,12,Anopheles dirus,Anopheles minimus,0.1599785066244116,Nokia6555B
f4948b4187daafc8e1dbb14df0f5199857dd41d437c932292f361a67cd3593fa,data/raw/Anopheles farauti/Anopheles farauti/Nokia6555B/Afar5.wav,Nokia6555B,Anopheles farauti|raw/Anopheles farauti/Anopheles farauti/Nokia6555B,8,49,15,Anopheles farauti,Anopheles stephensi,0.17829840954495355,Nokia6555B
f6c54f3d255674ab48859a72115b9ba655c5a07d025e2c375943a42e947b1401,data/raw/Anopheles stephensi/Anopheles stephensi/Nokia6555B/Audio009.wav,Nokia6555B,Anopheles stephensi|raw/Anopheles stephensi/Anopheles stephensi/Nokia6555B,15,60,15,Anopheles stephensi,Anopheles stephensi,0.19104804461698924,Nokia6555B
05096ad88f3bf65f6ed421d0a7d27d242eb3ec6a461191490510ffd48419664e,data/raw/Anopheles minimus/Anopheles minimus/SamsungT209/Voice0029.wav,T209,Anopheles minimus|raw/Anopheles minimus/Anopheles minimus/SamsungT209,12,60,15,Anopheles minimus,Anopheles stephensi,0.17643537534965842,T209
0c036bfbebb3ecdd57293e244b14a589f69797141aadd2b7c810b5a79aa29d99,data/raw/Anopheles freeborni/Anopheles freeborni/SamsungT209/Voice0028.wav,T209,Anopheles freeborni|raw/Anopheles freeborni/Anopheles freeborni/SamsungT209,9,60,9,Anopheles freeborni,Anopheles freeborni,0.19350589388770015,T209
0c99bc8349fcaa7c1c329d58104529ad6ad2636114ceffa3bff77d4628367286,data/raw/Culex tarsalis/Culex tarsalis/PrakashLab_T209/Voice0067.wav,T209,Culex tarsalis|raw/Culex tarsalis/Culex tarsalis/PrakashLab_T209,18,60,15,Culex tarsalis,Anopheles stephensi,0.16308751368030866,T209
0ee8908ecf3cb274049d06bf9ce516152a456cc401ed423d3c60b67e69c9ce27,data/raw/Anopheles farauti/Anopheles farauti/SamsungT209/Voice0041.wav,T209,Anopheles farauti|raw/Anopheles farauti/Anopheles farauti/SamsungT209,8,60,4,Anopheles farauti,Anopheles albimanus,0.17337513381646624,T209
1117fc4538c9ea13935af761c8cb0786563f7ddccab434c00dd515d61dd64489,data/raw/Anopheles quadriannulatus/Anopheles quadriannulatus/CDC_T209/Voice0167 sanqua.wav,T209,Anopheles quadriannulatus|raw/Anopheles quadriannulatus/Anopheles quadriannulatus/CDC_T209,13,60,4,Anopheles quadriannulatus,Anopheles albimanus,0.2045068320758204,T209
11b3039c6f468caa1c21ad025e06c4e953d99dfea6d8dd2f1727687180b74a06,data/raw/Anopheles arabiensis/Anopheles arabiensis rufisque/CDC_T209/Voice0176 rufisque.wav,T209,Anopheles arabiensis|raw/Anopheles arabiensis/Anopheles arabiensis rufisque/CDC_T209,5,60,15,Anopheles arabiensis,Anopheles stephensi,0.18484469419806024,T209
12a96a09e207dc63cb767d8e3e0fd6ec78e3f8a018b9486e683fdbc46ab6e374,data/raw/Aedes aegypti/Aedes aegypti/Auburn_T209/Voice0124.wav,T209,Aedes aegypti|raw/Aedes aegypti/Aedes aegypti/Auburn_T209,0,60,15,Aedes aegypti,Anopheles stephensi,0.17843221779282906,T209
143e56314f153eb14b7a5d8ac8be52d6e46b242df1462d12b90f0497c633d6fe,data/raw/Anopheles arabiensis/Anopheles arabiensis rufisque/CDC_T209/Voice0173.wav,T209,Anopheles arabiensis|raw/Anopheles arabiensis/Anopheles arabiensis rufisque/CDC_T209,5,60,15,Anopheles arabiensis,Anopheles stephensi,0.16967349392914596,T209
16b428806c240ef74142bbc8b1af819f0a6da54ed3f02a191b008d36a73ba35d,data/raw/Anopheles gambiae/Anopheles gambiae akron/CDC_T209/Voice0146 akron.wav,T209,Anopheles gambiae|raw/Anopheles gambiae/Anopheles gambiae akron/CDC_T209,10,60,15,Anopheles gambiae,Anopheles stephensi,0.20409079208852102,T209
22030202fefe71c20ef2e43053a13075b0a3de6b4fd071f3e5bb3643af41f3f2,data/raw/Culex tarsalis/Culex tarsalis/PrakashLab_T209/Voice0065.wav,T209,Culex tarsalis|raw/Culex tarsalis/Culex tarsalis/PrakashLab_T209,18,60,15,Culex tarsalis,Anopheles stephensi,0.15650173013233049,T209
22a5acf70e6ab940b9eebb296b4e8eeeab40ce0b05a45d4a94ab666109cdbb5f,data/raw/Anopheles minimus/Anopheles minimus/SamsungT209/Voice0031.wav,T209,Anopheles minimus|raw/Anopheles minimus/Anopheles minimus/SamsungT209,12,60,15,Anopheles minimus,Anopheles stephensi,0.19523700478816428,T209
22bab67d35b51f87a6bb14d333bda50a94f576d2345137ac73243e38eed68047,data/raw/Anopheles gambiae/Anopheles gambiae kisumu/CDC_T209/Voice0143.wav,T209,Anopheles gambiae|raw/Anopheles gambiae/Anopheles gambiae kisumu/CDC_T209,10,60,15,Anopheles gambiae,Anopheles stephensi,0.19266834049015683,T209
29b9f17fce02ba780fffe5754643a7b10f49371a5211c1deda516acb5491a1ab,data/raw/Anopheles atroparvus/Anopheles atroparvus/CDC_T209/Voice0162.wav,T209,Anopheles atroparvus|raw/Anopheles atroparvus/Anopheles atroparvus/CDC_T209,6,60,4,Anopheles atroparvus,Anopheles albimanus,0.21499527915305683,T209
3074d190df4a37ea79c72e82acae3c215c0ec9d2c90770cb53185e89a8efbe73,data/raw/Anopheles arabiensis/Anopheles arabiensis dongola/CDC_T209/Voice0157.wav,T209,Anopheles arabiensis|raw/Anopheles arabiensis/Anopheles arabiensis dongola/CDC_T209,5,60,15,Anopheles arabiensis,Anopheles stephensi,0.1735297647902863,T209
34bee0bd50774f378125584d704e2a059ab577cc6aa9f8f18e50f6462b24fa7d,data/raw/Anopheles arabiensis/Anopheles arabiensis dongola/CDC_T209/Voice0160 dongolaf.wav,T209,Anopheles arabiensis|raw/Anopheles arabiensis/Anopheles arabiensis dongola/CDC_T209,5,60,15,Anopheles arabiensis,Anopheles stephensi,0.17922240759279498,T209
36b9d8787feb8e8fb8e94aa001d901a0d91239adaf8a3737a2451889755549e0,data/raw/Anopheles atroparvus/Anopheles atroparvus/CDC_T209/Voice0161 ebrof.wav,T209,Anopheles atroparvus|raw/Anopheles atroparvus/Anopheles atroparvus/CDC_T209,6,60,4,Anopheles atroparvus,Anopheles albimanus,0.2230532238428315,T209
36c41b4160caf3e242637aa717963c5f6e4dbdfab739dad8ffaa0f490831f021,data/raw/Aedes aegypti/Aedes aegypti/UCD_PR_T209/Voice0092.wav,T209,Aedes aegypti|raw/Aedes aegypti/Aedes aegypti/UCD_PR_T209,0,60,9,Aedes aegypti,Anopheles freeborni,0.19979157236247894,T209
3705cbfc0dfbd007a768ccc17c69514e424d38a8f980e64052940965f34f1285,data/raw/Anopheles minimus/Anopheles minimus/SamsungT209/Voice0032.wav,T209,Anopheles minimus|raw/Anopheles minimus/Anopheles minimus/SamsungT209,12,60,15,Anopheles minimus,Anopheles stephensi,0.1778266149146243,T209
373b270e055442cd4f994cbc9077d5a4ae86d3a75806d92088f35ea049de12b4,data/raw/Aedes albopictus/Aedes albopictus/CDC_T209/Voice0138.wav,T209,Aedes albopictus|raw/Aedes albopictus/Aedes albopictus/CDC_T209,1,60,15,Aedes albopictus,Anopheles stephensi,0.19219986165441275,T209
3deaed7df3715e89e51a6dcd712ba1c62b130ffece374a04c7194447866e01f1,data/raw/Anopheles freeborni/Anopheles freeborni/SamsungT209/Voice0027.wav,T209,Anopheles freeborni|raw/Anopheles freeborni/Anopheles freeborni/SamsungT209,9,60,4,Anopheles freeborni,Anopheles albimanus,0.18859108642421799,T209
3ea414c175d60d516c47ac934f4b0da0595a5d466643d7a89f4df7c65e1be82d,data/raw/Anopheles albimanus/Anopheles albimanus/SamsungT209/Voice0046.wav,T209,Anopheles albimanus|raw/Anopheles albimanus/Anopheles albimanus/SamsungT209,4,60,4,Anopheles albimanus,Anopheles albimanus,0.2244582465177671,T209
3eb82c75ee2d288487a25985eef7d29bd30a6f9832f677692c39ab0ee1e50448,data/raw/Aedes aegypti/Aedes aegypti/CDC_T209/Voice0135 AEGY10130f.wav,T209,Aedes aegypti|raw/Aedes aegypti/Aedes aegypti/CDC_T209,0,60,15,Aedes aegypti,Anopheles stephensi,0.20385057009008684,T209
4178dd0284137c5292691207fe88443803c2415bcf549488f6cefac715211ed8,data/raw/Anopheles dirus/Anopheles dirus/SamsungT209/Voice0015.wav,T209,Anopheles dirus|raw/Anopheles dirus/Anopheles dirus/SamsungT209,7,60,4,Anopheles dirus,Anopheles albimanus,0.18722441114372604,T209
42cc9e385b56c3a2969a49beac843b136735a50c651f210e0b85e81c423b94e0,data/raw/Aedes aegypti/Aedes aegypti/UCD_PR_T209/Voice0091.wav,T209,Aedes aegypti|raw/Aedes aegypti/Aedes aegypti/UCD_PR_T209,0,60,9,Aedes aegypti,Anopheles freeborni,0.20720064774882255,T209
44d80c192110f3643c165758d8da5af1340ecb1b2afee96d1f605f582f96e0de,data/raw/Anopheles gambiae/Anopheles gambiae akron/CDC_T209/Voice0149.wav,T209,Anopheles gambiae|raw/Anopheles gambiae/Anopheles gambiae akron/CDC_T209,10,60,15,Anopheles gambiae,Anopheles stephensi,0.2046477452574854,T209
4513c7ab37f5c5f1a309160c149bbbfcf438485afb7b8f6fd3e0152474efe229,data/raw/Aedes aegypti/Aedes aegypti/CDC_T209/Voice0132.wav,T209,Aedes aegypti|raw/Aedes aegypti/Aedes aegypti/CDC_T209,0,60,15,Aedes aegypti,Anopheles stephensi,0.2000693899757065,T209
46507807e9b78bcb5a16d2065148bae176a0d0a92c8248f547075b92e929549e,data/raw/Aedes albopictus/Aedes albopictus/CDC_T209/Voice0140 albof.wav,T209,Aedes albopictus|raw/Aedes albopictus/Aedes albopictus/CDC_T209,1,60,15,Aedes albopictus,Anopheles stephensi,0.19442891410314933,T209
46aed821f8d5e6edcc76d25ee2abf34efed4678aadc659efa1c5579be6770ec2,data/raw/Anopheles arabiensis/Anopheles arabiensis dongola/CDC_T209/Voice0159.wav,T209,Anopheles arabiensis|raw/Anopheles arabiensis/Anopheles arabiensis dongola/CDC_T209,5,60,15,Anopheles arabiensis,Anopheles stephensi,0.1719991607712407,T209
4f667e5b9a30d16d05ee2ed8781596ceddd82f75061e4e17fcce83565212be8d,data/raw/Anopheles freeborni/Anopheles freeborni/SamsungT209/Voice0026.wav,T209,Anopheles freeborni|raw/Anopheles freeborni/Anopheles freeborni/SamsungT209,9,60,9,Anopheles freeborni,Anopheles freeborni,0.1998528517110872,T209
4f7c1f26623d78d233101ee5140704c43ead1420665b583170cab50ff596d42d,data/raw/Aedes aegypti/Aedes aegypti/UCD_LA_T209/Aela2.wav,T209,Aedes aegypti|raw/Aedes aegypti/Aedes aegypti/UCD_LA_T209,0,60,9,Aedes aegypti,Anopheles freeborni,0.16793886764622296,T209
507613b05cef18aa4d1ca51b732790ab16b5fffca63438e8cbf0a40d9b33f1b7,data/raw/Anopheles dirus/Anopheles dirus/SamsungT209/Voice0017.wav,T209,Anopheles dirus|raw/Anopheles dirus/Anopheles dirus/SamsungT209,7,60,15,Anopheles dirus,Anopheles stephensi,0.20960752928156173,T209
54d58059aa71b6361c8291e0ee454710a4a794a300d7c4f4ca8d17780749ff8c,data/raw/Aedes aegypti/Aedes aegypti/CDC_T209/Voice0131 10130f.wav,T209,Aedes aegypti|raw/Aedes aegypti/Aedes aegypti/CDC_T209,0,60,10,Aedes aegypti,Anopheles gambiae,0.20741301976042328,T209
58b43d03fed7d7203acd7431b6b4c0ae250e104de893e95ba2d47acdfab8398b,data/raw/Aedes aegypti/Aedes aegypti/Auburn_T209/Voice0123.wav,T209,Aedes aegypti|raw/Aedes aegypti/Aedes aegypti/Auburn_T209,0,60,15,Aedes aegypti,Anopheles stephensi,0.20770025237208348,T209
5eddc5bc536236595706517d628959c3ff8f7012be935bd44fb77e76ee45353d,data/raw/Anopheles dirus/Anopheles dirus/SamsungT209/Voice0016.wav,T209,Anopheles dirus|raw/Anopheles dirus/Anopheles dirus/SamsungT209,7,60,4,Anopheles dirus,Anopheles albimanus,0.16842672609640694,T209
608bb5cd2c99080a95de994f00e6e3e0c54abcba7f974c3252b11495ba85e224,data/raw/Anopheles stephensi/Anopheles stephensi/SamsungT209/Voice0022.wav,T209,Anopheles stephensi|raw/Anopheles stephensi/Anopheles stephensi/SamsungT209,15,60,15,Anopheles stephensi,Anopheles stephensi,0.19757294474424353,T209
6275182e3e9bcd9bcc8dd3c03ab79bc55bf00c61128e5f6005c474fa0c999d20,data/raw/Anopheles dirus/Anopheles dirus/SamsungT209/Voice0014.wav,T209,Anopheles dirus|raw/Anopheles dirus/Anopheles dirus/SamsungT209,7,60,4,Anopheles dirus,Anopheles albimanus,0.21633719762911852,T209
64d549d8741b966edf48f62b83191a060a933447ea664bfeac2a4a256e08877e,data/raw/Anopheles stephensi/Anopheles stephensi/SamsungT209/Voice0020.wav,T209,Anopheles stephensi|raw/Anopheles stephensi/Anopheles stephensi/SamsungT209,15,60,4,Anopheles stephensi,Anopheles albimanus,0.17539150105179738,T209
6908bc8440be0ad249ec628240561348624a37cb47d134a5f9a41efbcd4399e6,data/raw/Anopheles stephensi/Anopheles stephensi/SamsungT209/Voice0023.wav,T209,Anopheles stephensi|raw/Anopheles stephensi/Anopheles stephensi/SamsungT209,15,60,15,Anopheles stephensi,Anopheles stephensi,0.1792511169776242,T209
6973b49d7b8973222a23a3d7eeb42d5645d25bbbeefac81afd824e54c4a011c3,data/raw/Anopheles gambiae/Anopheles gambiae kisumu/SamsungT209/Voice0011.wav,T209,Anopheles gambiae|raw/Anopheles gambiae/Anopheles gambiae kisumu/SamsungT209,10,35,15,Anopheles gambiae,Anopheles stephensi,0.1948144526383968,T209
6e8f49574579cff4fc0217a05fd6c8884dfc749e9705bc04d1ebc991bd9e20ae,data/raw/Aedes aegypti/Aedes aegypti/Auburn_T209/Voice0122.wav,T209,Aedes aegypti|raw/Aedes aegypti/Aedes aegypti/Auburn_T209,0,60,10,Aedes aegypti,Anopheles gambiae,0.18964390922879035,T209
78e0631c91faf904c84f8569148778099be383553af71a56b63da02e49eac12a,data/raw/Aedes aegypti/Aedes aegypti/Auburn_T209/Voice0121 AEGY ui.wav,T209,Aedes aegypti|raw/Aedes aegypti/Aedes aegypti/Auburn_T209,0,60,10,Aedes aegypti,Anopheles gambiae,0.19981807622393,T209
83728ec4fa2182c18d07b9ad20508804e120f5021c95ed186552c6835063da0e,data/raw/Anopheles arabiensis/Anopheles arabiensis rufisque/CDC_T209/Voice0175.wav,T209,Anopheles arabiensis|raw/Anopheles arabiensis/Anopheles arabiensis rufisque/CDC_T209,5,60,15,Anopheles arabiensis,Anopheles stephensi,0.16855675772585127,T209
856ffc767f0bef40c6606cd6443a923f365b664b222fa75f9d6c7f33538f7853,data/raw/Aedes aegypti/Aedes aegypti/UCD_LA_T209/Aela3.wav,T209,Aedes aegypti|raw/Aedes aegypti/Aedes aegypti/UCD_LA_T209,0,60,9,Aedes aegypti,Anopheles freeborni,0.16612053334258778,T209
87a552c8243939585de4b159131e5efc27a02a731c7d2cb5cda37a222a4556ef,data/raw/Anopheles freeborni/Anopheles freeborni/SamsungT209/Voice0025.wav,T209,Anopheles freeborni|raw/Anopheles freeborni/Anopheles freeborni/SamsungT209,9,60,9,Anopheles freeborni,Anopheles freeborni,0.25983218185788476,T209
8edeeb66857050f4175b773e0e2371efa61f09a07e3b34e745d85b8eee1d0ef4,data/raw/Anopheles gambiae/Anopheles gambiae kisumu/SamsungT209/Voice0008.wav,T209,Anopheles gambiae|raw/Anopheles gambiae/Anopheles gambiae kisumu/SamsungT209,10,16,4,Anopheles gambiae,Anopheles albimanus,0.20176050753638866,T209
91a16af7947e5f95babc9a3d16bc11d724dd9c6c6606f0759190b2342835fba6,data/raw/Aedes albopictus/Aedes albopictus/CDC_T209/Voice0137.wav,T209,Aedes albopictus|raw/Aedes albopictus/Aedes albopictus/CDC_T209,1,60,15,Aedes albopictus,Anopheles stephensi,0.18537063255863076,T209
934bf8f58e69a3eb2f98a56811c556a1616742ea99b85905d977fb018f90fbf6,data/raw/Anopheles gambiae/Anopheles gambiae kisumu/CDC_T209/Voice0141 agam.wav,T209,Anopheles gambiae|raw/Anopheles gambiae/Anopheles gambiae kisumu/CDC_T209,10,60,15,Anopheles gambiae,Anopheles stephensi,0.19417025918693856,T209
93dbf9403ef7e22fd7804c12063670efbcbc21897f44e8448fed364cd6a6d604,data/raw/Anopheles albimanus/Anopheles albimanus/SamsungT209/Voice0045.wav,T209,Anopheles albimanus|raw/Anopheles albimanus/Anopheles albimanus/SamsungT209,4,60,4,Anopheles albimanus,Anopheles albimanus,0.21227414250485724,T209
965f3ea6bd5f0f09da45ab0be2417a119becfa3fa4bd4f36fab52f540773aa69,data/raw/Anopheles minimus/Anopheles minimus/SamsungT209/Voice0030.wav,T209,Anopheles minimus|raw/Anopheles minimus/Anopheles minimus/SamsungT209,12,60,15,Anopheles minimus,Anopheles stephensi,0.17324203494360135,T209
96847c2208d19df72b9809930c9549299bd9b8ffdc2b7174d801f8209523f949,data/raw/Aedes aegypti/Aedes aegypti/Auburn_T209/Voice0125 aegy ui.wav,T209,Aedes aegypti|raw/Aedes aegypti/Aedes aegypti/Auburn_T209,0,60,15,Aedes aegypti,Anopheles stephensi,0.1877343193639246,T209
9b7683104890bdf9a5939924042cd81572109b0ada56fd2fbcfbd58006addb4c,data/raw/Anopheles albimanus/Anopheles albimanus/SamsungT209/Voice0047.wav,T209,Anopheles albimanus|raw/Anopheles albimanus/Anopheles albimanus/SamsungT209,4,60,4,Anopheles albimanus,Anopheles albimanus,0.2141132608427657,T209
9d1e2c105daff3f23741b34afb67bfde923c0d24ef6c0ca8456347d4ea95bb04,data/raw/Anopheles arabiensis/Anopheles arabiensis dongola/CDC_T209/Voice0156 dongolaf.wav,T209,Anopheles arabiensis|raw/Anopheles arabiensis/Anopheles arabiensis dongola/CDC_T209,5,60,15,Anopheles arabiensis,Anopheles stephensi,0.18406725333799173,T209
9d7f572a2ec0f2bd5549b2c61d6c0992b1e974834d4612689732ea5624b76da8,data/raw/Aedes aegypti/Aedes aegypti/UCD_LA_T209/Aela1.wav,T209,Aedes aegypti|raw/Aedes aegypti/Aedes aegypti/UCD_LA_T209,0,60,9,Aedes aegypti,Anopheles freeborni,0.16912060462337528,T209
9fed0b1adfd5516aea7871e24fa74abd1673994f8a6018691f8033361b5fbe09,data/raw/Anopheles stephensi/Anopheles stephensi/SamsungT209/Voice0019.wav,T209,Anopheles stephensi|raw/Anopheles stephensi/Anopheles stephensi/SamsungT209,15,58,15,Anopheles stephensi,Anopheles stephensi,0.1967774657395402,T209
a9bbbaa777703b8925443a5e1a254206ae2fd4e2dcc1e3fdd490aa8a8100a201,data/raw/Anopheles gambiae/Anopheles gambiae akron/CDC_T209/Voice0150 akron.wav,T209,Anopheles gambiae|raw/Anopheles gambiae/Anopheles gambiae akron/CDC_T209,10,60,15,Anopheles gambiae,Anopheles stephensi,0.1957700804176293,T209
aaa9dfb0aecd2e0c9069fc46b6f4b914fcb25efbb8afe3b277aa3d0e5d10f29b,data/raw/Anopheles quadriannulatus/Anopheles quadriannulatus/CDC_T209/Voice0171 sanqua.wav,T209,Anopheles quadriannulatus|raw/Anopheles quadriannulatus/Anopheles quadriannulatus/CDC_T209,13,60,4,Anopheles quadriannulatus,Anopheles albimanus,0.19620594094633698,T209
ab3ddf927edc452484e5ea0c399a142a997ab971e16c60ee15336c01829138ad,data/raw/Anopheles gambiae/Anopheles gambiae kisumu/SamsungT209/Voice0012.wav,T209,Anopheles gambiae|raw/Anopheles gambiae/Anopheles gambiae kisumu/SamsungT209,10,60,4,Anopheles gambiae,Anopheles albimanus,0.1992610324069635,T209
ab9f07005ca066f8484c23bb82968f3f92fbd876596eb186226c20b05636e2bc,data/raw/Aedes aegypti/Aedes aegypti/CDC_T209/Voice0133.wav,T209,Aedes aegypti|raw/Aedes aegypti/Aedes aegypti/CDC_T209,0,60,15,Aedes aegypti,Anopheles stephensi,0.20138058555017146,T209
af19eaac10b7c215f8ae16c00222a142fb235385dc819382e75d77dfe2da068a,data/raw/Aedes aegypti/Aedes aegypti/CDC_T209/Voice0134.wav,T209,Aedes aegypti|raw/Aedes aegypti/Aedes aegypti/CDC_T209,0,60,15,Aedes aegypti,Anopheles stephensi,0.20317837744048534,T209
b04e6a36c9b04ffd753055e52e0e6a68bb98aff71a2ca6a2adc712f642fe2acc,data/raw/Anopheles stephensi/Anopheles stephensi/SamsungT209/Voice0021.wav,T209,Anopheles stephensi|raw/Anopheles stephensi/Anopheles stephensi/SamsungT209,15,60,15,Anopheles stephensi,Anopheles stephensi,0.17452782828208024,T209
b129d135de1f8ed8edf6f5905705cfa55d89151a101f8aa4fc8c7e6f257a40db,data/raw/Culex tarsalis/Culex tarsalis/PrakashLab_T209/Voice0068.wav,T209,Culex tarsalis|raw/Culex tarsalis/Culex tarsalis/PrakashLab_T209,18,60,15,Culex tarsalis,Anopheles stephensi,0.15984119776331068,T209
b8a506fb8c6a4e2329453e3f0aa588cb7f99216665628b6de37c5443e5249320,data/raw/Anopheles farauti/Anopheles farauti/SamsungT209/Voice0042.wav,T209,Anopheles farauti|raw/Anopheles farauti/Anopheles farauti/SamsungT209,8,60,4,Anopheles farauti,Anopheles albimanus,0.2028657380747206,T209
b8ee49a45e0d6780fb90044bb0474d518f07d5812c196ce690f2716062c45785,data/raw/Anopheles arabiensis/Anopheles arabiensis rufisque/CDC_T209/Voice0172 rufisque.wav,T209,Anopheles arabiensis|raw/Anopheles arabiensis/Anopheles arabiensis rufisque/CDC_T209,5,60,15,Anopheles arabiensis,Anopheles stephensi,0.15915579135252675,T209
b95d6cb877dafb44f9dd0835d0bfc30da655d1a7a3c4503a34a9ba093f6d0a0c,data/raw/Aedes aegypti/Aedes aegypti/UCD_LA_T209/Aela4.wav,T209,Aedes aegypti|raw/Aedes aegypti/Aedes aegypti/UCD_LA_T209,0,60,9,Aedes aegypti,Anopheles freeborni,0.16723107220929778,T209
ba0ee3525dfec6a86f33d8eb44595d1ea22cad4f684020161224b13a2eaf5f9c,data/raw/Anopheles dirus/Anopheles dirus/SamsungT209/Voice0013.wav,T209,Anopheles dirus|raw/Anopheles dirus/Anopheles dirus/SamsungT209,7,60,4,Anopheles dirus,Anopheles albimanus,0.18987627358361064,T209
c46b80698e92a94877e78445b45dcf08d7f83254ffe5c1ba752cb46e91a079da,data/raw/Aedes aegypti/Aedes aegypti/UCD_LA_T209/Aela5.wav,T209,Aedes aegypti|raw/Aedes aegypti/Aedes aegypti/UCD_LA_T209,0,60,9,Aedes aegypti,Anopheles freeborni,0.17059870400869373,T209
c7773bd9baf75d6ae21644879f31bcca4ae79afbc3e5fed4da842389df12255b,data/raw/Culex tarsalis/Culex tarsalis/PrakashLab_T209/Voice0066.wav,T209,Culex tarsalis|raw/Culex tarsalis/Culex tarsalis/PrakashLab_T209,18,60,15,Culex tarsalis,Anopheles stephensi,0.15703737852636143,T209
d19b50ed94deda04134b6d49883aeff115636925dc433eb235f9d3c394aa571b,data/raw/Anopheles farauti/Anopheles farauti/SamsungT209/Voice0039.wav,T209,Anopheles farauti|raw/Anopheles farauti/Anopheles farauti/SamsungT209,8,60,4,Anopheles farauti,Anopheles albimanus,0.18636601653739085,T209
d24d143ef2fb19dc11d7063edb9897be7638e0fb3f444fe8fdc0421f68e6e985,data/raw/Culex tarsalis/Culex tarsalis/PrakashLab_T209/Voice0069.wav,T209,Culex tarsalis|raw/Culex tarsalis/Culex tarsalis/PrakashLab_T209,18,32,4,Culex tarsalis,Anopheles albimanus,0.1975509175247422,T209
d407871883d3843d7449690d4b5749e29d97b2ef0320420af8dcd2dc34b4a326,data/raw/Anopheles gambiae/Anopheles gambiae kisumu/SamsungT209/Voice0009.wav,T209,Anopheles gambiae|raw/Anopheles gambiae/Anopheles gambiae kisumu/SamsungT209,10,28,4,Anopheles gambiae,Anopheles albimanus,0.2092786805748396,T209
d414a137aabc7ea4f212758fcff6f99742e039ffc90f16fc078e04e17ae403fc,data/raw/Anopheles farauti/Anopheles farauti/SamsungT209/Voice0037.wav,T209,Anopheles farauti|raw/Anopheles farauti/Anopheles farauti/SamsungT209,8,60,4,Anopheles farauti,Anopheles albimanus,0.1881854885169204,T209
d462978918c71050c3e92d8582f2223c4980f924485e496513b1593b70a1c86d,data/raw/Anopheles albimanus/Anopheles albimanus/SamsungT209/Voice0043.wav,T209,Anopheles albimanus|raw/Anopheles albimanus/Anopheles albimanus/SamsungT209,4,60,4,Anopheles albimanus,Anopheles albimanus,0.21079858011774252,T209
d51bf7af52336157fc9ab4b8c8a7d83588ef1e649c010488ab5e22b76aea69f0,data/raw/Aedes albopictus/Aedes albopictus/CDC_T209/Voice0139.wav,T209,Aedes albopictus|raw/Aedes albopictus/Aedes albopictus/CDC_T209,1,60,15,Aedes albopictus,Anopheles stephensi,0.19577818468825364,T209
d576cd44a35f7ef267368e3202320f114e985ef0c1708ed7d701b51d53eb3960,data/raw/Anopheles atroparvus/Anopheles atroparvus/CDC_T209/Voice0163.wav,T209,Anopheles atroparvus|raw/Anopheles atroparvus/Anopheles atroparvus/CDC_T209,6,60,9,Anopheles atroparvus,Anopheles freeborni,0.2137584390062514,T209
d5cc1de06db896659d3601366371c6660643e85e212a36b84f9c80a4df68fbeb,data/raw/Anopheles gambiae/Anopheles gambiae kisumu/CDC_T209/Voice0145 agam.wav,T209,Anopheles gambiae|raw/Anopheles gambiae/Anopheles gambiae kisumu/CDC_T209,10,60,15,Anopheles gambiae,Anopheles stephensi,0.1957278527840839,T209
d66b53722241f45cea7f21b50e0c2b2c40a47fcca4f70294fdf1836e7a40811c,data/raw/Anopheles quadriannulatus/Anopheles quadriannulatus/CDC_T209/Voice0170.wav,T209,Anopheles quadriannulatus|raw/Anopheles quadriannulatus/Anopheles quadriannulatus/CDC_T209,13,60,4,Anopheles quadriannulatus,Anopheles albimanus,0.20297572737936245,T209
da612522ba1a83c591334720deac4bcbf332c0d4d0d79ed6a47653c649982e09,data/raw/Anopheles freeborni/Anopheles freeborni/SamsungT209/Voice0024.wav,T209,Anopheles freeborni|raw/Anopheles freeborni/Anopheles freeborni/SamsungT209,9,60,9,Anopheles freeborni,Anopheles freeborni,0.255738772831085,T209
dc1dc95e5426b3046b5c982939a098305e34b2d14b880972b26168cb70005fcd,data/raw/Anopheles atroparvus/Anopheles atroparvus/CDC_T209/Voice0166 ebrof.wav,T209,Anopheles atroparvus|raw/Anopheles atroparvus/Anopheles atroparvus/CDC_T209,6,60,9,Anopheles atroparvus,Anopheles freeborni,0.21020011627338994,T209
e03f05cafa15a2a7fb3dcc4ce4790ead095655493605ad853521525852e07dde,data/raw/Anopheles farauti/Anopheles farauti/SamsungT209/Voice0040.wav,T209,Anopheles farauti|raw/Anopheles farauti/Anopheles farauti/SamsungT209,8,60,15,Anopheles farauti,Anopheles stephensi,0.17401316521083382,T209
e093f462321d4d4eec666d5a98d9d8e2a9a90e03c4949b348bc1a327ded643cb,data/raw/Anopheles gambiae/Anopheles gambiae kisumu/SamsungT209/Voice0010.wav,T209,Anopheles gambiae|raw/Anopheles gambiae/Anopheles gambiae kisumu/SamsungT209,10,24,15,Anopheles gambiae,Anopheles stephensi,0.19327322033972058,T209
e49441bb2a80d3022836930e730b976e88e8441bd06bc99ee636ce4a4a1ad2ad,data/raw/Aedes albopictus/Aedes albopictus/CDC_T209/Voice0136 albof.wav,T209,Aedes albopictus|raw/Aedes albopictus/Aedes albopictus/CDC_T209,1,60,15,Aedes albopictus,Anopheles stephensi,0.1878633565510842,T209
e7f3cb73128358ebbaddd014536b63ea8561627bd92b6b54f91aedf617e0060f,data/raw/Anopheles farauti/Anopheles farauti/SamsungT209/Voice0038.wav,T209,Anopheles farauti|raw/Anopheles farauti/Anopheles farauti/SamsungT209,8,60,15,Anopheles farauti,Anopheles stephensi,0.17530467039713368,T209
e8ed41408196b7c8d7f55117c0619848125d1bdd751eddac03836a4167849d29,data/raw/Anopheles albimanus/Anopheles albimanus/SamsungT209/Voice0044.wav,T209,Anopheles albimanus|raw/Anopheles albimanus/Anopheles albimanus/SamsungT209,4,60,4,Anopheles albimanus,Anopheles albimanus,0.20446069562010247,T209
ea9c1d2ab29f55830718857467879cc7790aa54e0f3e6eb36735045c9fbed7af,data/raw/Anopheles gambiae/Anopheles gambiae akron/CDC_T209/Voice0147.wav,T209,Anopheles gambiae|raw/Anopheles gambiae/Anopheles gambiae akron/CDC_T209,10,60,15,Anopheles gambiae,Anopheles stephensi,0.20246647314262295,T209
ed4e19e3233574e105fe66d6ab6d441ec12691e1ea9404de1d62f0f374069d49,data/raw/Anopheles atroparvus/Anopheles atroparvus/CDC_T209/Voice0165.wav,T209,Anopheles atroparvus|raw/Anopheles atroparvus/Anopheles atroparvus/CDC_T209,6,60,9,Anopheles atroparvus,Anopheles freeborni,0.20443975585309007,T209
f173b13a27b5b77762359e3f19ebd418563d4a9c0b87cffb5fbf63f78f987d69,data/raw/Anopheles gambiae/Anopheles gambiae kisumu/CDC_T209/Voice0142.wav,T209,Anopheles gambiae|raw/Anopheles gambiae/Anopheles gambiae kisumu/CDC_T209,10,60,10,Anopheles gambiae,Anopheles gambiae,0.19365388150808638,T209
f1c2148f24a065a4880647ec310b30ac4e6a97ddb45ca1df6b66e625291904bd,data/raw/Anopheles gambiae/Anopheles gambiae akron/CDC_T209/Voice0148.wav,T209,Anopheles gambiae|raw/Anopheles gambiae/Anopheles gambiae akron/CDC_T209,10,60,15,Anopheles gambiae,Anopheles stephensi,0.20288707999833938,T209
f5b93f0e932d6e00638cf4b381a2d2dea85df475457660bbfb16459290e79f25,data/raw/Anopheles quadriannulatus/Anopheles quadriannulatus/CDC_T209/Voice0168.wav,T209,Anopheles quadriannulatus|raw/Anopheles quadriannulatus/Anopheles quadriannulatus/CDC_T209,13,60,4,Anopheles quadriannulatus,Anopheles albimanus,0.19285203760361103,T209
f64a73b669ed33fa4c87abf13fe2d912378473e68831110d7841edd8221f30b1,data/raw/Anopheles arabiensis/Anopheles arabiensis rufisque/CDC_T209/Voice0174.wav,T209,Anopheles arabiensis|raw/Anopheles arabiensis/Anopheles arabiensis rufisque/CDC_T209,5,60,4,Anopheles arabiensis,Anopheles albimanus,0.16022974354965472,T209
f89be2c19cedc28053d16d8b91cbce309680db7d632b1bfd5950e16ce3cb3aeb,data/raw/Anopheles minimus/Anopheles minimus/SamsungT209/Voice0033.wav,T209,Anopheles minimus|raw/Anopheles minimus/Anopheles minimus/SamsungT209,12,60,15,Anopheles minimus,Anopheles stephensi,0.17056435279994567,T209
f9b5bb8491f7a4cc2bd7b92b3b84ea8086d68695e1adb3bd62abdf953eb1161c,data/raw/Anopheles quadriannulatus/Anopheles quadriannulatus/CDC_T209/Voice0169.wav,T209,Anopheles quadriannulatus|raw/Anopheles quadriannulatus/Anopheles quadriannulatus/CDC_T209,13,60,4,Anopheles quadriannulatus,Anopheles albimanus,0.1966890410785049,T209
03887d4f1c0732c1d40d5c68cacfa761b92e43b2c62d40b7a4be51cfb5fc4bf4,data/raw/Anopheles arabiensis/Anopheles arabiensis dongola/CDC_Xperia/11-17-2016-191652 dongola .wav,Xperia,Anopheles arabiensis|raw/Anopheles arabiensis/Anopheles arabiensis dongola/CDC_Xperia,5,60,4,Anopheles arabiensis,Anopheles albimanus,0.15939413592809176,Xperia
0e269f2c19a014bee6e97ce23578e0e6d84e2a79bd84454da7b6cb7b8b09c122,data/raw/Culex quinquefasciatus/Culex quinquefasciatus/SanMateoVCD_Xperia/Cxq 2.wav,Xperia,Culex quinquefasciatus|raw/Culex quinquefasciatus/Culex quinquefasciatus/SanMateoVCD_Xperia,17,60,4,Culex quinquefasciatus,Anopheles albimanus,0.13649062880560883,Xperia
10d7c13ed8818c0c50a48ab7828207e0c490a8e6e86c18bcfa0ba7b00699ac12,data/raw/Anopheles freeborni/Anopheles freeborni/SonyXperia/03-03-2016-105658 afmix bugdorm .wav,Xperia,Anopheles freeborni|raw/Anopheles freeborni/Anopheles freeborni/SonyXperia,9,60,4,Anopheles freeborni,Anopheles albimanus,0.16675086007878662,Xperia
13457d6fe40946de7fc4d792dda1dad091136202d4e8ab4988747ed510161d87,data/raw/Culex quinquefasciatus/Culex quinquefasciatus/SanMateoVCD_Xperia/Cxq 4.wav,Xperia,Culex quinquefasciatus|raw/Culex quinquefasciatus/Culex quinquefasciatus/SanMateoVCD_Xperia,17,60,4,Culex quinquefasciatus,Anopheles albimanus,0.1600960293683514,Xperia
1960e3ca0e56d7a1aa72b4125d88547dff0d13c957d06f4c39757396f72aea6c,data/raw/Anopheles gambiae/Anopheles gambiae kisumu/CDC_Xperia/11-16-2016-150308 gambiae f.wav,Xperia,Anopheles gambiae|raw/Anopheles gambiae/Anopheles gambiae kisumu/CDC_Xperia,10,60,10,Anopheles gambiae,Anopheles gambiae,0.17254858039541965,Xperia
1a6d38788b502b5893e57a1639636529b7f420aad35057af78e63c87a155f451,data/raw/Anopheles gambiae/Anopheles gambiae rsp/CDC_Xperia/11-18-2016-145016 rsp f.wav,Xperia,Anopheles gambiae|raw/Anopheles gambiae/Anopheles gambiae rsp/CDC_Xperia,10,60,10,Anopheles gambiae,Anopheles gambiae,0.16797381078117224,Xperia
1aab0e6cb6a9cd2fd98d9f0cdea89ec5671a039c2f2994c3a160a4d34327fe91,data/raw/Anopheles stephensi/Anopheles stephensi/SonyXperia/03-02-2016-173312 asm bugdorm .wav,Xperia,Anopheles stephensi|raw/Anopheles stephensi/Anopheles stephensi/SonyXperia,15,45,15,Anopheles stephensi,Anopheles stephensi,0.17473802520824055,Xperia
1c46cc157d225d4ea3c3db3269ac30ede1a37c057ccebeb9e825c5ebe3ce01f3,data/raw/Culex pipiens/Culex pipiens/SanMateoVCD_Xperia/Cxp 1.wav,Xperia,Culex pipiens|raw/Culex pipiens/Culex pipiens/SanMateoVCD_Xperia,16,60,15,Culex pipiens,Anopheles stephensi,0.14315225156884429,Xperia
20c0c8a467454fdbc4858a4b58369e777cece6e3dc82cf5b0e1a094dc53c5be6,data/raw/Anopheles farauti/Anopheles farauti/SonyXperia/03-03-2016-152936Afar.wav,Xperia,Anopheles farauti|raw/Anopheles farauti/Anopheles farauti/SonyXperia,8,36,15,Anopheles farauti,Anopheles stephensi,0.16434414420427945,Xperia
24f82827c94b3464fe5457faede513e3a869786db96c41c692fc2bc0fe57e297,data/raw/Anopheles gambiae/Anopheles gambiae kisumu/SonyXperia/03-02-2016-124107 agmix bugdorm .wav,Xperia,Anopheles gambiae|raw/Anopheles gambiae/Anopheles gambiae kisumu/SonyXperia,10,39,15,Anopheles gambiae,Anopheles stephensi,0.17832743912215268,Xperia
25bdc9498c7edbf03d8316ef67073538935b69ec44e83720c898b22d334992ca,data/raw/Anopheles quadriannulatus/Anopheles quadriannulatus/CDC_Xperia/11-18-2016-105358 sanqua.wav,Xperia,Anopheles quadriannulatus|raw/Anopheles quadriannulatus/Anopheles quadriannulatus/CDC_Xperia,13,60,6,Anopheles quadriannulatus,Anopheles atroparvus,0.21896928875143462,Xperia
2770081ea062be874eae21fedbca34c893cb1472b740807d49f992ef79dde19b,data/raw/Anopheles gambiae/Anopheles gambiae kisumu/SonyXperia/03-02-2016-124432 agmix bugdorm swarm .wav,Xperia,Anopheles gambiae|raw/Anopheles gambiae/Anopheles gambiae kisumu/SonyXperia,10,35,15,Anopheles gambiae,Anopheles stephensi,0.16768018283869132,Xperia
2e4e080108f1eb3d1e75ddcb7732392338f3a89b97c23046a0c77f788d59c435,data/raw/Anopheles freeborni/Anopheles freeborni/SonyXperia/03-03-2016-110042 aff bugdorm .wav,Xperia,Anopheles freeborni|raw/Anopheles freeborni/Anopheles freeborni/SonyXperia,9,60,4,Anopheles freeborni,Anopheles albimanus,0.21191430684334758,Xperia
32e7a3db36865a84ee71d1ef34dc3597608684d8c22229b4ffae28ecdcedb515,data/raw/Anopheles farauti/Anopheles farauti/SonyXperia/03-03-2016-153127Afar.wav,Xperia,Anopheles farauti|raw/Anopheles farauti/Anopheles farauti/SonyXperia,8,60,15,Anopheles farauti,Anopheles stephensi,0.15796810610917164,Xperia
33c5d0bfd744653b189a8220b2d1272d01e3c9977b7c8675709ab6cc8c4e760b,data/raw/Anopheles dirus/Anopheles dirus/SonyXperia/03-02-2016-163400 adirus mix .wav,Xperia,Anopheles dirus|raw/Anopheles dirus/Anopheles dirus/SonyXperia,7,29,4,Anopheles dirus,Anopheles albimanus,0.13909810201692838,Xperia
38e9a52f0dd1bf9ce7a3340adc3c20e5adb9584404be3e66bafb92e67bb12d48,data/raw/Anopheles minimus/Anopheles minimus/SonyXperia/03-03-2016-123404 amm2.wav,Xperia,Anopheles minimus|raw/Anopheles minimus/Anopheles minimus/SonyXperia,12,60,12,Anopheles minimus,Anopheles minimus,0.14754026588410935,Xperia
3a6cd971097d76135383b4a8a43af1860a9fbdfe9b75bf8c024c8120cf5bd6c5,data/raw/Anopheles albimanus/Anopheles albimanus/SonyXperia/03-03-2016-163123 aalbm.wav,Xperia,Anopheles albimanus|raw/Anopheles albimanus/Anopheles albimanus/SonyXperia,4,60,4,Anopheles albimanus,Anopheles albimanus,0.28362130214675935,Xperia
3db0d38d88cc23b0fbe3a24dbeb068c9a1cea153bc2c1efcb484a33959ea4f72,data/raw/Anopheles albimanus/Anopheles albimanus/SonyXperia/03-03-2016-163521 aalbi .wav,Xperia,Anopheles albimanus|raw/Anopheles albimanus/Anopheles albimanus/SonyXperia,4,56,4,Anopheles albimanus,Anopheles albimanus,0.24862550697652647,Xperia
441d5c00ad98c59785e5049183333de1f1ef703ca088a27c93ddbb898a7c6016,data/raw/Culex quinquefasciatus/Culex quinquefasciatus/SanMateoVCD_Xperia/Cxq 3.wav,Xperia,Culex quinquefasciatus|raw/Culex quinquefasciatus/Culex quinquefasciatus/SanMateoVCD_Xperia,17,60,15,Culex quinquefasciatus,Anopheles stephensi,0.1369744193022982,Xperia
4663dbbf99de0325d9e2fbf9a4f2c55a1df6709571129841464bbf3ca5bce21c,data/raw/Anopheles dirus/Anopheles dirus/SonyXperia/03-02-2016-163922 adirus mix .wav,Xperia,Anopheles dirus|raw/Anopheles dirus/Anopheles dirus/SonyXperia,7,59,4,Anopheles dirus,Anopheles albimanus,0.1608206640743139,Xperia
52c86552aac4c326710bbdf1f9f2a5516f9bffa7738f2bfa679964f3423dd96e,data/raw/Aedes aegypti/Aedes aegypti/CDC_Xperia/11-16-2016-111457 10130f.wav,Xperia,Aedes aegypti|raw/Aedes aegypti/Aedes aegypti/CDC_Xperia,0,60,15,Aedes aegypti,Anopheles stephensi,0.13295568799860352,Xperia
62de8566f44d01d09e66cb3953bf605fa11e82d1bb50d972a63132ba30515baa,data/raw/Anopheles albimanus/Anopheles albimanus/SonyXperia/03-03-2016-163314 aalbf.wav,Xperia,Anopheles albimanus|raw/Anopheles albimanus/Anopheles albimanus/SonyXperia,4,60,4,Anopheles albimanus,Anopheles albimanus,0.27835291906696913,Xperia
641b4e341f140fd9f9f6cf3d3c33808b7bd8e03d83600f16780addafc286a85a,data/raw/Anopheles dirus/Anopheles dirus/SonyXperia/03-02-2016-164309 adirus mix bugdorm .wav,Xperia,Anopheles dirus|raw/Anopheles dirus/Anopheles dirus/SonyXperia,7,60,7,Anopheles dirus,Anopheles dirus,0.15251311451231925,Xperia
6577ee452c83422ea80d76b7e9dbcbe6990723be5595c20887300200d2a27cf8,data/raw/Anopheles albimanus/Anopheles albimanus/SonyXperia/03-03-2016-164124 aalbi tube .wav,Xperia,Anopheles albimanus|raw/Anopheles albimanus/Anopheles albimanus/SonyXperia,4,29,4,Anopheles albimanus,Anopheles albimanus,0.137816429281015,Xperia
6633393383ce8e02a434685db3d5b96fa93716822d04b7b3839863d50c47d1e3,data/raw/Anopheles dirus/Anopheles dirus/SonyXperia/03-02-2016-164146 adirus mix bugdorm .wav,Xperia,Anopheles dirus|raw/Anopheles dirus/Anopheles dirus/SonyXperia,7,60,8,Anopheles dirus,Anopheles farauti,0.16473119855737525,Xperia
70964da217dfa5ed5854b28e81c1d73db3c72cf0301f4d60d8ee69477c41589f,data/raw/Anopheles freeborni/Anopheles freeborni/SonyXperia/03-03-2016-105844 afm bugdorm .wav,Xperia,Anopheles freeborni|raw/Anopheles freeborni/Anopheles freeborni/SonyXperia,9,60,4,Anopheles freeborni,Anopheles albimanus,0.16850566149603768,Xperia
76ff0e1aaac63519bbd374670a9a15621278d8a39d2e2062b29902706c06844d,data/raw/Anopheles farauti/Anopheles farauti/SonyXperia/03-03-2016-153508Afar.wav,Xperia,Anopheles farauti|raw/Anopheles farauti/Anopheles farauti/SonyXperia,8,24,8,Anopheles farauti,Anopheles farauti,0.16829266126898443,Xperia
8c075dd2509a6ebf4322740762867759f2e6bb9008e2aef2f20585b402739098,data/raw/Anopheles farauti/Anopheles farauti/SonyXperia/03-03-2016-153338AfarM.wav,Xperia,Anopheles farauti|raw/Anopheles farauti/Anopheles farauti/SonyXperia,8,54,8,Anopheles farauti,Anopheles farauti,0.171297297871911,Xperia
8e6545244c3920a8894ffe845bb991a3c04c5c285a8017cd4e0c4cd989d636a1,data/raw/Anopheles gambiae/Anopheles gambiae kisumu/SonyXperia/03-02-2016-113427 ag1mt.wav,Xperia,Anopheles gambiae|raw/Anopheles gambiae/Anopheles gambiae kisumu/SonyXperia,10,24,15,Anopheles gambiae,Anopheles stephensi,0.1769397286285285,Xperia
904472ba4fbec853e7356c313e54b6ef4f187fbd0cefda9f91a08b0348bbc932,data/raw/Anopheles minimus/Anopheles minimus/SonyXperia/03-03-2016-125307 am.wav,Xperia,Anopheles minimus|raw/Anopheles minimus/Anopheles minimus/SonyXperia,12,60,15,Anopheles minimus,Anopheles stephensi,0.14368991717240034,Xperia
9163d2dad99466683189525d21ea9612864f31b82e952461acf6cd26658b195e,data/raw/Anopheles minimus/Anopheles minimus/SonyXperia/03-03-2016-122802 am.wav,Xperia,Anopheles minimus|raw/Anopheles minimus/Anopheles minimus/SonyXperia,12,60,4,Anopheles minimus,Anopheles albimanus,0.17775928584659928,Xperia
9441aa1a600bb83b761c87b0146ceb0cdce94bfd82a8ea8e13b02d5f59a31026,data/raw/Culex pipiens/Culex pipiens/SanMateoVCD_Xperia/Cxp 3.wav,Xperia,Culex pipiens|raw/Culex pipiens/Culex pipiens/SanMateoVCD_Xperia,16,60,15,Culex pipiens,Anopheles stephensi,0.15187541333094196,Xperia
9ce1aa5fb03a6410dc6f329920944cdc8c2ee46a288b112e01590cba6e5fc35e,data/raw/Anopheles arabiensis/Anopheles arabiensis rufisque/CDC_Xperia/11-18-2016-135704 rufisque f.wav,Xperia,Anopheles arabiensis|raw/Anopheles arabiensis/Anopheles arabiensis rufisque/CDC_Xperia,5,60,5,Anopheles arabiensis,Anopheles arabiensis,0.2733919799105799,Xperia
9d9325153106a9d59cbe4667637f8f8204142054260e1495ee10f3445029f2ec,data/raw/Anopheles gambiae/Anopheles gambiae kisumu/SonyXperia/03-02-2016-113334 ag1mt.wav,Xperia,Anopheles gambiae|raw/Anopheles gambiae/Anopheles gambiae kisumu/SonyXperia,10,25,10,Anopheles gambiae,Anopheles gambiae,0.17542550370063853,Xperia
9fb5480162a0e661f3bc8ff8b3e36083868060707fb1284b3be25aa5a6fe2c6b,data/raw/Culex quinquefasciatus/Culex quinquefasciatus/SanMateoVCD_Xperia/Cxq 1.wav,Xperia,Culex quinquefasciatus|raw/Culex quinquefasciatus/Culex quinquefasciatus/SanMateoVCD_Xperia,17,60,15,Culex quinquefasciatus,Anopheles stephensi,0.14057910507029878,Xperia
a49dcdab449a77ed73c6f62b94ae0dad15386023238341d3ad11db9b2e12d7ec,data/raw/Aedes albopictus/Aedes albopictus/CDC_Xperia/11-16-2016-125240 albopictus f.wav,Xperia,Aedes albopictus|raw/Aedes albopictus/Aedes albopictus/CDC_Xperia,1,60,4,Aedes albopictus,Anopheles albimanus,0.11821942347388018,Xperia
a8e787e0145553a4dd1d651f7518f70101ce823b1bf0ea24533f5baa27451652,data/raw/Anopheles freeborni/Anopheles freeborni/SonyXperia/03-03-2016-110345 af .wav,Xperia,Anopheles freeborni|raw/Anopheles freeborni/Anopheles freeborni/SonyXperia,9,59,4,Anopheles freeborni,Anopheles albimanus,0.14633442018680187,Xperia
a992f4ec751bc03ee268aaa1252e320875ead552cf021c6341426d620f09b970,data/raw/Anopheles dirus/Anopheles dirus/SonyXperia/03-02-2016-163059 adirus mix .wav,Xperia,Anopheles dirus|raw/Anopheles dirus/Anopheles dirus/SonyXperia,7,60,4,Anopheles dirus,Anopheles albimanus,0.1589994551114873,Xperia
a9edc37290f68164b6ff9f9f010ae13d39c8ac9b2cac52daf35d318388d015a6,data/raw/Anopheles stephensi/Anopheles stephensi/SonyXperia/03-02-2016-172557 asmix bugdorm .wav,Xperia,Anopheles stephensi|raw/Anopheles stephensi/Anopheles stephensi/SonyXperia,15,37,15,Anopheles stephensi,Anopheles stephensi,0.19941098571832408,Xperia
abad0f99c77a2d7cc63a3c072f0720825613c809c58d5794089bd14c1c5a0159,data/raw/Anopheles minimus/Anopheles minimus/SonyXperia/03-03-2016-123658 amf.wav,Xperia,Anopheles minimus|raw/Anopheles minimus/Anopheles minimus/SonyXperia,12,60,7,Anopheles minimus,Anopheles dirus,0.15199159689758032,Xperia
b38fd3dafa7d581f59552acb67ba7d7b88dd8fc05fb0c85b9a97b583efd3d5ae,data/raw/Anopheles stephensi/Anopheles stephensi/SonyXperia/03-02-2016-173822 as swarm .wav,Xperia,Anopheles stephensi|raw/Anopheles stephensi/Anopheles stephensi/SonyXperia,15,60,15,Anopheles stephensi,Anopheles stephensi,0.1916871947276627,Xperia
b68479a06772f6a44b19220e9cdd8e05e1d9bd3f3a71d5ec5d55a218df9852df,data/raw/Anopheles stephensi/Anopheles stephensi/SonyXperia/03-02-2016-172812 asmix bugdorm .wav,Xperia,Anopheles stephensi|raw/Anopheles stephensi/Anopheles stephensi/SonyXperia,15,60,15,Anopheles stephensi,Anopheles stephensi,0.20334214267935355,Xperia
b8dab5838f690b8629f95e5c87cc363ebfa18c6c9649475052697192d380b3bf,data/raw/Anopheles farauti/Anopheles farauti/SonyXperia/03-03-2016-153600AfarF.wav,Xperia,Anopheles farauti|raw/Anopheles farauti/Anopheles farauti/SonyXperia,8,60,15,Anopheles farauti,Anopheles stephensi,0.17193760149393678,Xperia
b9d3e0825ef11bfcb3b05728d4cb99070fdb4a466a8744b8d5860e57a32e59cf,data/raw/Aedes aegypti/Aedes aegypti/CDC_Xperia/11-16-2016-111839 10130f.wav,Xperia,Aedes aegypti|raw/Aedes aegypti/Aedes aegypti/CDC_Xperia,0,60,10,Aedes aegypti,Anopheles gambiae,0.13262842818007,Xperia
be9b1bb305c0b05c98979fd686014561fcd8070f998426ad80ae391a03e04e5b,data/raw/Culex pipiens/Culex pipiens/SanMateoVCD_Xperia/Cxp 2.wav,Xperia,Culex pipiens|raw/Culex pipiens/Culex pipiens/SanMateoVCD_Xperia,16,60,8,Culex pipiens,Anopheles farauti,0.1394749786149944,Xperia
c0af1372cab6a7bfb4207d0af64550814d467fefaa70ab7219e25f4bd4a4c35d,data/raw/Anopheles minimus/Anopheles minimus/SonyXperia/03-03-2016-123102 amm.wav,Xperia,Anopheles minimus|raw/Anopheles minimus/Anopheles minimus/SonyXperia,12,60,4,Anopheles minimus,Anopheles albimanus,0.16572752121118947,Xperia
c1adbf92d8093a9039da55d5df0adc1165eb9f3538772727b1bd5c1b5e63daea,data/raw/Anopheles gambiae/Anopheles gambiae kisumu/SonyXperia/03-02-2016-115917 ag1ft .wav,Xperia,Anopheles gambiae|raw/Anopheles gambiae/Anopheles gambiae kisumu/SonyXperia,10,25,10,Anopheles gambiae,Anopheles gambiae,0.19330957319153577,Xperia
c745954cc9c49d04f884f4bd1960ed7c826a0fea2ff462c8c579b447cc76a65e,data/raw/Anopheles gambiae/Anopheles gambiae kisumu/SonyXperia/03-02-2016-113928 ag1ft.wav,Xperia,Anopheles gambiae|raw/Anopheles gambiae/Anopheles gambiae kisumu/SonyXperia,10,19,15,Anopheles gambiae,Anopheles stephensi,0.1608457936017617,Xperia
d0ac19605175a8450f917d0808b79b6b50ddbc2b5b19ce8ea8ea4c954c3ccfa4,data/raw/Anopheles gambiae/Anopheles gambiae akron/CDC_Xperia/11-17-2016-150332 akron .wav,Xperia,Anopheles gambiae|raw/Anopheles gambiae/Anopheles gambiae akron/CDC_Xperia,10,60,4,Anopheles gambiae,Anopheles albimanus,0.13771192521205314,Xperia
d55a4de54c0bf981b49b384687cc1c7db066e8f28418700bc63bebab9a93bbf8,data/raw/Anopheles freeborni/Anopheles freeborni/SonyXperia/03-03-2016-110540 afswarm .wav,Xperia,Anopheles freeborni|raw/Anopheles freeborni/Anopheles freeborni/SonyXperia,9,58,4,Anopheles freeborni,Anopheles albimanus,0.2226172058143648,Xperia
d6d50bd2655e415dcd5471e6efaa8cd18b8fcba763331bd164d0e559387fd94c,data/raw/Anopheles quadrimaculatus/Anopheles quadrimaculatus/Auburn_Xperia/11-11-2016-151731 quadri.wav,Xperia,Anopheles quadrimaculatus|raw/Anopheles quadrimaculatus/Anopheles quadrimaculatus/Auburn_Xperia,14,60,9,Anopheles quadrimaculatus,Anopheles freeborni,0.15061036020155946,Xperia
d786f89284688e5282eca22c23576b028a5380beec3227b9408cc8b6f5226e11,data/raw/Anopheles stephensi/Anopheles stephensi/SonyXperia/03-02-2016-174431 asmix .wav,Xperia,Anopheles stephensi|raw/Anopheles stephensi/Anopheles stephensi/SonyXperia,15,60,15,Anopheles stephensi,Anopheles stephensi,0.17199638684524954,Xperia
e16e09e6d2f3dbcdde6075cbd17a6e28022d2e9857d98dfbb481eb78eb24cfe0,data/raw/Anopheles stephensi/Anopheles stephensi/SonyXperia/03-02-2016-173231 asf bugdorm .wav,Xperia,Anopheles stephensi|raw/Anopheles stephensi/Anopheles stephensi/SonyXperia,15,36,15,Anopheles stephensi,Anopheles stephensi,0.19770565906601995,Xperia
e181f64b3a93dcc519ec1295ba67ab2bd199a248fd4a853de02a1cc3bb71db5a,data/raw/Anopheles farauti/Anopheles farauti/SonyXperia/03-03-2016-152728Afar.wav,Xperia,Anopheles farauti|raw/Anopheles farauti/Anopheles farauti/SonyXperia,8,51,8,Anopheles farauti,Anopheles farauti,0.16425204599623716,Xperia
e690dec6c287b31c595787d61359008b5eedab08f15b677dcac977137148f985,data/raw/Anopheles gambiae/Anopheles gambiae kisumu/SonyXperia/03-02-2016-113635 ag1mt .wav,Xperia,Anopheles gambiae|raw/Anopheles gambiae/Anopheles gambiae kisumu/SonyXperia,10,26,9,Anopheles gambiae,Anopheles freeborni,0.18339356418421196,Xperia
efbe63290294000ad2768cb5814b286646be9b8d05ea122665074b56c72878ac,data/raw/Anopheles atroparvus/Anopheles atroparvus/CDC_Xperia/11-18-2016-092525 ebro f.wav,Xperia,Anopheles atroparvus|raw/Anopheles atroparvus/Anopheles atroparvus/CDC_Xperia,6,60,6,Anopheles atroparvus,Anopheles atroparvus,0.23625201427946624,Xperia
f1fb6a629be2b23e75dc00c36024d711b9458bcf25ad837af23727d56e94de84,data/raw/Anopheles albimanus/Anopheles albimanus/SonyXperia/03-03-2016-162952 aalbi.wav,Xperia,Anopheles albimanus|raw/Anopheles albimanus/Anopheles albimanus/SonyXperia,4,54,4,Anopheles albimanus,Anopheles albimanus,0.24039500319327553,Xperia
f6db6cd2c21d2a24a50145072c272bde7ea922dd461cd18443fa10e53157ed00,data/raw/Anopheles gambiae/Anopheles gambiae kisumu/SonyXperia/03-02-2016-114051 ag1ft .wav,Xperia,Anopheles gambiae|raw/Anopheles gambiae/Anopheles gambiae kisumu/SonyXperia,10,28,15,Anopheles gambiae,Anopheles stephensi,0.1686835015557047,Xperia
f8330eb6f5c5c8fc869dc9a8388030d10c451bbb173e3e789fd319deb8a64946,data/raw/Anopheles minimus/Anopheles minimus/SonyXperia/03-03-2016-121410 am in tube held on end .wav,Xperia,Anopheles minimus|raw/Anopheles minimus/Anopheles minimus/SonyXperia,12,60,15,Anopheles minimus,Anopheles stephensi,0.14028678995408,Xperia
2da5e5fc17ab599c8bcc3b1d5d7a9e54c5b5d6605bf61645609ab7d240aa00cf,data/raw/Culiseta incidens/Culiseta incidens/Glen Park - Black Mosquito - Day 2 - dS4 - Iphone5.wav,iPhone,Culiseta incidens|raw/Culiseta incidens/Culiseta incidens,19,60,19,Culiseta incidens,Culiseta incidens,0.8531258578964523,iPhone
354a0daba2476ee5e29220d76d6fb6d4b382232d89267f058a3e51ea25f91fb8,data/raw/Anopheles minimus/Anopheles minimus/iPhone4C/20160303 121930.wav,iPhone,Anopheles minimus|raw/Anopheles minimus/Anopheles minimus/iPhone4C,12,54,12,Anopheles minimus,Anopheles minimus,0.846956287977545,iPhone
5bba6e3f9c09e942b3e1c53fed725ce2c59525c88a6b54d0c66d0b436f11bf7f,data/raw/Anopheles minimus/Anopheles minimus/iPhone4C/20160303 121505.wav,iPhone,Anopheles minimus|raw/Anopheles minimus/Anopheles minimus/iPhone4C,12,49,12,Anopheles minimus,Anopheles minimus,0.8063151818798973,iPhone
5eced0dfc0363db7adee7c15edb7b8afb759172473e991454d9fb3ec8271f681,data/raw/Culiseta incidens/Culiseta incidens/Glen Park Black Mosquito Day 1 DS6 - Iphone5.wav,iPhone,Culiseta incidens|raw/Culiseta incidens/Culiseta incidens,19,60,19,Culiseta incidens,Culiseta incidens,0.8139241192365794,iPhone
6cfe92570854f941b873ce82f19a96614aec0b6c977d7ad031e1134accafde3b,data/raw/Anopheles minimus/Anopheles minimus/iPhone4C/20160303 121659AminM.wav,iPhone,Anopheles minimus|raw/Anopheles minimus/Anopheles minimus/iPhone4C,12,27,12,Anopheles minimus,Anopheles minimus,0.8036471859020206,iPhone
7a2d13ff5803807c974f1f680b6ab874582b7f67a598d8efa326533a817fdff3,data/raw/Culiseta incidens/Culiseta incidens/Glen Park Black Mosquito Day 2 Ds8 - Iphone5.wav,iPhone,Culiseta incidens|raw/Culiseta incidens/Culiseta incidens,19,60,19,Culiseta incidens,Culiseta incidens,0.6176386401587322,iPhone
9c738b51e994b20214dbd5fcd7295fe61b373301fe6ac4fee6906b338e735777,data/raw/Anopheles minimus/Anopheles minimus/iPhone4C/20160303 122127.wav,iPhone,Anopheles minimus|raw/Anopheles minimus/Anopheles minimus/iPhone4C,12,60,12,Anopheles minimus,Anopheles minimus,0.8325028258258741,iPhone
9e75575a5c9aa085fc4d6976f4a8fb48c36141957c874e6fdcdf7c75e39d474a,data/raw/Culiseta incidens/Culiseta incidens/Glen Park Black Mosquito Day 2 - Ds7 - Iphone5.wav,iPhone,Culiseta incidens|raw/Culiseta incidens/Culiseta incidens,19,60,19,Culiseta incidens,Culiseta incidens,0.8410081074091905,iPhone
d32886b607b8c5d65622bfb66154c23ab077e5db33e1a4b77e960791fcd0c69f,data/raw/Culiseta incidens/Culiseta incidens/Glenn park black mosquito - day 2 - da5 - iphone5.wav,iPhone,Culiseta incidens|raw/Culiseta incidens/Culiseta incidens,19,60,19,Culiseta incidens,Culiseta incidens,0.7970441389049137,iPhone
de296ab0386b2506ef9c02d413ca59f085c5011025840f2dbd963fd39789de3a,data/raw/Anopheles minimus/Anopheles minimus/iPhone4C/20160303 121749AminF.wav,iPhone,Anopheles minimus|raw/Anopheles minimus/Anopheles minimus/iPhone4C,12,36,12,Anopheles minimus,Anopheles minimus,0.8216845777367857,iPhone
ded6fce7cb36b5d66dc9c8b1f237daad3709ace78c1d803e6d321c6601fd4e0c,data/raw/Anopheles minimus/Anopheles minimus/iPhone4C/20160303 122033.wav,iPhone,Anopheles minimus|raw/Anopheles minimus/Anopheles minimus/iPhone4C,12,42,12,Anopheles minimus,Anopheles minimus,0.8408872339637593,iPhone
05c6272ea1c3aed5db30864cdbbcc5451a81ad473c11e413e89f8f70289dd275,data/raw/Anopheles stephensi/Anopheles stephensi/iPhone4S/20160302 172325AsteM.wav,iPhone4S,Anopheles stephensi|raw/Anopheles stephensi/Anopheles stephensi/iPhone4S,15,19,15,Anopheles stephensi,Anopheles stephensi,0.2073411556090571,iPhone4S
07dbeb43d62e3ca72f6c6cb2dc6fc6ba3d2401dd220b6097c2d04e9424708c84,data/raw/Anopheles freeborni/Anopheles freeborni/iPhone4S/20160303 111100.wav,iPhone4S,Anopheles freeborni|raw/Anopheles freeborni/Anopheles freeborni/iPhone4S,9,47,9,Anopheles freeborni,Anopheles freeborni,0.33673740284494097,iPhone4S
07f727c02a2b73fd2e5782078b4e657f39b58bd15a292ce3711a92d3497fa0b6,data/raw/Anopheles stephensi/Anopheles stephensi/iPhone4S/20160302 171140AsteF.wav,iPhone4S,Anopheles stephensi|raw/Anopheles stephensi/Anopheles stephensi/iPhone4S,15,51,15,Anopheles stephensi,Anopheles stephensi,0.21300352287724572,iPhone4S
0954383a32a2972ca5476816a62e4c4a2fcf4a79dd1c6509a8dc2648568f24a5,data/raw/Anopheles albimanus/Anopheles albimanus/iPhone4S/20160303 160934.wav,iPhone4S,Anopheles albimanus|raw/Anopheles albimanus/Anopheles albimanus/iPhone4S,4,33,4,Anopheles albimanus,Anopheles albimanus,0.25916681061649854,iPhone4S
0c7cb75aacea737209c9152483846a7cb63fc5a9c1b26b7fff98257acc5593a2,data/raw/Anopheles dirus/Anopheles dirus/iPhone4S/20160302 154000AdM.wav,iPhone4S,Anopheles dirus|raw/Anopheles dirus/Anopheles dirus/iPhone4S,7,38,7,Anopheles dirus,Anopheles dirus,0.20963211792550374,iPhone4S
0d18674538413e9cfe2fa52fed0eb9303f14cc1fb1df5f9346bb16aeae75569d,data/raw/Anopheles freeborni/Anopheles freeborni/iPhone4S/20160303 110941.wav,iPhone4S,Anopheles freeborni|raw/Anopheles freeborni/Anopheles freeborni/iPhone4S,9,60,9,Anopheles freeborni,Anopheles freeborni,0.3651091941362722,iPhone4S
0d61fcf7b324e1c340e8c9098b650d9063b366a7d90c6639c3d0ad50506ea4d3,data/raw/Anopheles gambiae/Anopheles gambiae kisumu/iPhone4S/Raw/20160302 113600AgamFThet.m4a,iPhone4S,Anopheles gambiae|raw/Anopheles gambiae/Anopheles gambiae kisumu/iPhone4S/Raw,10,15,7,Anopheles gambiae,Anopheles dirus,0.2833078223196572,iPhone4S
0e567b7cc525079e0fb090debe7a7ff4d4d2c8d5e37f518111a58daa385e4bf4,data/raw/Anopheles farauti/Anopheles farauti/iPhone4S/20160303 142649AfarTube.wav,iPhone4S,Anopheles farauti|raw/Anopheles farauti/Anopheles farauti/iPhone4S,8,18,15,Anopheles farauti,Anopheles stephensi,0.19207403288510883,iPhone4S
0fdbea149fab3a9423b7a905ab86ef5eafb9ee79f5c9aeb85c747e2e125bf752,data/raw/Anopheles freeborni/Anopheles freeborni/iPhone4S/20160303 110623.wav,iPhone4S,Anopheles freeborni|raw/Anopheles freeborni/Anopheles freeborni/iPhone4S,9,60,9,Anopheles freeborni,Anopheles freeborni,0.3244349078409012,iPhone4S
11632042d5fc12118f2107daea988720c851b43888bbdde0f59550ba34387a27,data/raw/Culex pipiens/Culex pipiens/SanMateoVCD_iPhone4S/P1.wav,iPhone4S,Culex pipiens|raw/Culex pipiens/Culex pipiens/SanMateoVCD_iPhone4S,16,49,9,Culex pipiens,Anopheles freeborni,0.24109056535441556,iPhone4S
13edc3dbd8a607fb027bf7a0a754fedaffc74b4b2bad7fe1d3eded85b8b7682e,data/raw/Anopheles farauti/Anopheles farauti/iPhone4S/20160303 143303AfarM.wav,iPhone4S,Anopheles farauti|raw/Anopheles farauti/Anopheles farauti/iPhone4S,8,39,8,Anopheles farauti,Anopheles farauti,0.2134273781834787,iPhone4S
15e149dee8b920ddf5e766ab6759f6749f7bb621d710d0d7fc2b05bcba5b1ebe,data/raw/Anopheles gambiae/Anopheles gambiae kisumu/iPhone4S/Raw/20160302 114300AgamM.m4a,iPhone4S,Anopheles gambiae|raw/Anopheles gambiae/Anopheles gambiae kisumu/iPhone4S/Raw,10,5,7,Anopheles gambiae,Anopheles dirus,0.23790829925963158,iPhone4S
1ba518c57cdff8a08b367da329c0c2637783b1fc6f70afac7d68715149ab91e3,data/raw/Anopheles dirus/Anopheles dirus/iPhone4S/20160302 154608AdM.wav,iPhone4S,Anopheles dirus|raw/Anopheles dirus/Anopheles dirus/iPhone4S,7,36,9,Anopheles dirus,Anopheles freeborni,0.2531181147147923,iPhone4S
28ca6d019f0812499578a90c2fffed87292ee18bbb8bf73e59748ee3a277913c,data/raw/Culex tarsalis/Culex tarsalis/PrakashLab_iPhone4S/CxT F.wav,iPhone4S,Culex tarsalis|raw/Culex tarsalis/Culex tarsalis/PrakashLab_iPhone4S,18,51,9,Culex tarsalis,Anopheles freeborni,0.17602724440444,iPhone4S
295f0c7255e8891379ddae66840cdc64ec6430965d508b4b09e50d4af394a020,data/raw/Anopheles farauti/Anopheles farauti/iPhone4S/20160303 143628.wav,iPhone4S,Anopheles farauti|raw/Anopheles farauti/Anopheles farauti/iPhone4S,8,44,15,Anopheles farauti,Anopheles stephensi,0.21105987563418055,iPhone4S
29f1548c4dcc6a1a832515b9a4fd99b2b154a78f5c78e6596c8a85f209ba33fc,data/raw/Anopheles albimanus/Anopheles albimanus/iPhone4S/20160303 161254.wav,iPhone4S,Anopheles albimanus|raw/Anopheles albimanus/Anopheles albimanus/iPhone4S,4,48,4,Anopheles albimanus,Anopheles albimanus,0.28022058356464025,iPhone4S
2a066d1af3e69fbff0b53d15dc799940ad373413d69c187c8f83035fb1589c20,data/raw/Anopheles stephensi/Anopheles stephensi/iPhone4S/20160302 171951.wav,iPhone4S,Anopheles stephensi|raw/Anopheles stephensi/Anopheles stephensi/iPhone4S,15,52,9,Anopheles stephensi,Anopheles freeborni,0.21887553649147365,iPhone4S
2ba8002c1c0ee1f184fc62fe51c5b328441576ebfe75409637cda8147ac7b629,data/raw/Anopheles farauti/Anopheles farauti/iPhone4S/20160303 143129.wav,iPhone4S,Anopheles farauti|raw/Anopheles farauti/Anopheles farauti/iPhone4S,8,36,15,Anopheles farauti,Anopheles stephensi,0.2518750105019993,iPhone4S
32099fdbdee43236865a855f10c403b08975352e1503ac27cc204e72a8c8ce4e,data/raw/Culex quinquefasciatus/Culex quinquefasciatus/SanMateoVCD_iPhone4S/Q8.wav,iPhone4S,Culex quinquefasciatus|raw/Culex quinquefasciatus/Culex quinquefasciatus/SanMateoVCD_iPhone4S,17,46,9,Culex quinquefasciatus,Anopheles freeborni,0.3447043119676552,iPhone4S
371c26f3c4490bb2267bc0a1afb647588445e11bd187636432b580ddbbe5df97,data/raw/Culex quinquefasciatus/Culex quinquefasciatus/SanMateoVCD_iPhone4S/Q6.wav,iPhone4S,Culex quinquefasciatus|raw/Culex quinquefasciatus/Culex quinquefasciatus/SanMateoVCD_iPhone4S,17,56,9,Culex quinquefasciatus,Anopheles freeborni,0.30111422587431236,iPhone4S
3d64e705b9efaacd85efa73efb59af2f6a93c2a969432a9f9d795cd9bfb0a0d3,data/raw/Anopheles stephensi/Anopheles stephensi/iPhone4S/20160302 172759.wav,iPhone4S,Anopheles stephensi|raw/Anopheles stephensi/Anopheles stephensi/iPhone4S,15,55,9,Anopheles stephensi,Anopheles freeborni,0.24698040602553858,iPhone4S
41a796883042da13cf79c6fbfaee64f31a3559e772379b286cfdbcf0b749614b,data/raw/Culex tarsalis/Culex tarsalis/PrakashLab_iPhone4S/CxT F (5).wav,iPhone4S,Culex tarsalis|raw/Culex tarsalis/Culex tarsalis/PrakashLab_iPhone4S,18,60,7,Culex tarsalis,Anopheles dirus,0.1783110328595696,iPhone4S
43d5c00c674d7ca113d271d6263cd6e0e81430512718d5ac34369f06777f248e,data/raw/Anopheles dirus/Anopheles dirus/iPhone4S/20160302 154124AdF.wav,iPhone4S,Anopheles dirus|raw/Anopheles dirus/Anopheles dirus/iPhone4S,7,40,7,Anopheles dirus,Anopheles dirus,0.19706646274386702,iPhone4S
4b1316bc3a7d329f4d04dd1d77cb508b199378c2691c4b3df37a4752d2b9ea5c,data/raw/Anopheles farauti/Anopheles farauti/iPhone4S/20160303 143402AfarF.wav,iPhone4S,Anopheles farauti|raw/Anopheles farauti/Anopheles farauti/iPhone4S,8,60,7,Anopheles farauti,Anopheles dirus,0.21155272823757082,iPhone4S
4ea54c7b14ff5146bbfb70c1928a1d23b605372048034f347c7e73065625edee,data/raw/Anopheles stephensi/Anopheles stephensi/iPhone4S/20160302 172533.wav,iPhone4S,Anopheles stephensi|raw/Anopheles stephensi/Anopheles stephensi/iPhone4S,15,52,15,Anopheles stephensi,Anopheles stephensi,0.22265430690825216,iPhone4S
517069f460908a4780fb605dd6770eb1c5bc53d80dbb88dad1bf749e69b19460,data/raw/Anopheles freeborni/Anopheles freeborni/iPhone4S/20160303 110441.wav,iPhone4S,Anopheles freeborni|raw/Anopheles freeborni/Anopheles freeborni/iPhone4S,9,60,9,Anopheles freeborni,Anopheles freeborni,0.3105265492523602,iPhone4S
53e40463497e00af9f2fbe61284fd6df88ec3fe92a7a293a74c64da0e13daf16,data/raw/Culex quinquefasciatus/Culex quinquefasciatus/SanMateoVCD_iPhone4S/Q4.wav,iPhone4S,Culex quinquefasciatus|raw/Culex quinquefasciatus/Culex quinquefasciatus/SanMateoVCD_iPhone4S,17,55,9,Culex quinquefasciatus,Anopheles freeborni,0.28095657051923056,iPhone4S
53f7008dc60ee69997c5b81d00b83ada74221e1483c1918e4652b20a0e8bb195,data/raw/Anopheles albimanus/Anopheles albimanus/iPhone4S/20160303 161039AalbF.wav,iPhone4S,Anopheles albimanus|raw/Anopheles albimanus/Anopheles albimanus/iPhone4S,4,34,9,Anopheles albimanus,Anopheles freeborni,0.2690840235517334,iPhone4S
59a6f971dd8b38e06f461400a810af915a50b37d9a80b0431cabc373913d4ed7,data/raw/Culex pipiens/Culex pipiens/SanMateoVCD_iPhone4S/P5.wav,iPhone4S,Culex pipiens|raw/Culex pipiens/Culex pipiens/SanMateoVCD_iPhone4S,16,60,9,Culex pipiens,Anopheles freeborni,0.2576651566711175,iPhone4S
5df9d809be8156afa6a216a6ceb43bf285ee91f07ccce767f0026e66865978e2,data/raw/Anopheles gambiae/Anopheles gambiae kisumu/iPhone4S/Raw/20160302 114604AgamM.m4a,iPhone4S,Anopheles gambiae|raw/Anopheles gambiae/Anopheles gambiae kisumu/iPhone4S/Raw,10,2,9,Anopheles gambiae,Anopheles freeborni,0.34172086512752675,iPhone4S
61ed74b335968c3eddda414d107e37fc834bc66436f1b6d7334fe0359832393f,data/raw/Anopheles albimanus/Anopheles albimanus/iPhone4S/20160303 161130AalbM.wav,iPhone4S,Anopheles albimanus|raw/Anopheles albimanus/Anopheles albimanus/iPhone4S,4,60,7,Anopheles albimanus,Anopheles dirus,0.2616694100455709,iPhone4S
6825aa590f3644dfb69d5ce6d877a2bdd0e64e99ad761f1baa1487b941e3fa9e,data/raw/Anopheles dirus/Anopheles dirus/iPhone4S/20160302 154329AdM.wav,iPhone4S,Anopheles dirus|raw/Anopheles dirus/Anopheles dirus/iPhone4S,7,28,9,Anopheles dirus,Anopheles freeborni,0.219716492924116,iPhone4S
6da441e0813734640a8ba538c58e32f19afaf6ad606c6b345499e3db88af2c4e,data/raw/Culex quinquefasciatus/Culex quinquefasciatus/SanMateoVCD_iPhone4S/Q5.wav,iPhone4S,Culex quinquefasciatus|raw/Culex quinquefasciatus/Culex quinquefasciatus/SanMateoVCD_iPhone4S,17,60,9,Culex quinquefasciatus,Anopheles freeborni,0.34634557904149205,iPhone4S
7017687ea7702d1399bccb3fa80d15c1771204c440771adab911494c1c75d6eb,data/raw/Anopheles gambiae/Anopheles gambiae kisumu/iPhone4S/Raw/20160302 115601AgamM.m4a,iPhone4S,Anopheles gambiae|raw/Anopheles gambiae/Anopheles gambiae kisumu/iPhone4S/Raw,10,13,9,Anopheles gambiae,Anopheles freeborni,0.23077020491082714,iPhone4S
701bb8463519e456321ba3826a02342a3da534d7edd3e2dea33008cc25a5259e,data/raw/Culex quinquefasciatus/Culex quinquefasciatus/SanMateoVCD_iPhone4S/Q3.wav,iPhone4S,Culex quinquefasciatus|raw/Culex quinquefasciatus/Culex quinquefasciatus/SanMateoVCD_iPhone4S,17,60,9,Culex quinquefasciatus,Anopheles freeborni,0.31706277918587633,iPhone4S
750f82be9bbdb091a52b2157945aa53f88ba16dbff03b0718745a0b78a24f3c6,data/raw/Anopheles freeborni/Anopheles freeborni/iPhone4S/20160303 110341.wav,iPhone4S,Anopheles freeborni|raw/Anopheles freeborni/Anopheles freeborni/iPhone4S,9,45,9,Anopheles freeborni,Anopheles freeborni,0.3577118497718335,iPhone4S
76f86d0f11424afc62ed16226912fabedfc2ff727cbeee6a52f1b179b9c3bae2,data/raw/Anopheles gambiae/Anopheles gambiae kisumu/iPhone4S/Raw/20160302 114921AgamF.m4a,iPhone4S,Anopheles gambiae|raw/Anopheles gambiae/Anopheles gambiae kisumu/iPhone4S/Raw,10,8,7,Anopheles gambiae,Anopheles dirus,0.23622664955011918,iPhone4S
7f7d515da5c8053cf8a91625dbf8a39e667cb63213c8f82f2e53ed588e9ef975,data/raw/Anopheles dirus/Anopheles dirus/iPhone4S/20160302 154229AdF.wav,iPhone4S,Anopheles dirus|raw/Anopheles dirus/Anopheles dirus/iPhone4S,7,49,9,Anopheles dirus,Anopheles freeborni,0.23796016256764183,iPhone4S
7fd217bf8ff749212f44a152fa9e30eeae758f92a745386b57bf0169983ae464,data/raw/Culex quinquefasciatus/Culex quinquefasciatus/SanMateoVCD_iPhone4S/Q7.wav,iPhone4S,Culex quinquefasciatus|raw/Culex quinquefasciatus/Culex quinquefasciatus/SanMateoVCD_iPhone4S,17,40,9,Culex quinquefasciatus,Anopheles freeborni,0.3071947030272505,iPhone4S
81b1e092c3d633600e961d6ef64cd154b0ca156109e91b0c5246f79017e2557f,data/raw/Anopheles stephensi/Anopheles stephensi/iPhone4S/20160302 172634.wav,iPhone4S,Anopheles stephensi|raw/Anopheles stephensi/Anopheles stephensi/iPhone4S,15,34,9,Anopheles stephensi,Anopheles freeborni,0.2350193284465815,iPhone4S
85307ebe218d9b23a4529b1b7422c38f40a41091b1892c4c8afbbeed964853d2,data/raw/Anopheles albimanus/Anopheles albimanus/iPhone4S/20160303 161512.wav,iPhone4S,Anopheles albimanus|raw/Anopheles albimanus/Anopheles albimanus/iPhone4S,4,40,7,Anopheles albimanus,Anopheles dirus,0.22343074104431038,iPhone4S
8a537a059a05f44233a4f2334aca02996f4a484336472acc15246ef9cd8b8f04,data/raw/Anopheles stephensi/Anopheles stephensi/iPhone4S/20160302 171441AsteF.wav,iPhone4S,Anopheles stephensi|raw/Anopheles stephensi/Anopheles stephensi/iPhone4S,15,42,15,Anopheles stephensi,Anopheles stephensi,0.26729130454670563,iPhone4S
8e0fae70f050787d993f61d1117567ad0f0ec32d9828f989de8ef81b39db81d6,data/raw/Anopheles stephensi/Anopheles stephensi/iPhone4S/20160302 172215AsteF.wav,iPhone4S,Anopheles stephensi|raw/Anopheles stephensi/Anopheles stephensi/iPhone4S,15,10,15,Anopheles stephensi,Anopheles stephensi,0.23015816872090214,iPhone4S
9039a6d80ff17907a69ff19697a62b5e9c753683e79a053754464a2be1a594a7,data/raw/Culex tarsalis/Culex tarsalis/PrakashLab_iPhone4S/CxT F (3).wav,iPhone4S,Culex tarsalis|raw/Culex tarsalis/Culex tarsalis/PrakashLab_iPhone4S,18,37,9,Culex tarsalis,Anopheles freeborni,0.1862234547279653,iPhone4S
90e85d92f903609e80cd8a005079a585069e18ffaabc0500964e9577a5322aad,data/raw/Culex pipiens/Culex pipiens/SanMateoVCD_iPhone4S/P4.wav,iPhone4S,Culex pipiens|raw/Culex pipiens/Culex pipiens/SanMateoVCD_iPhone4S,16,60,9,Culex pipiens,Anopheles freeborni,0.2927957456358387,iPhone4S
910a1326c87f7f60a6d9746311ab8dc622347ec63e36e57607bb31122db61aad,data/raw/Anopheles gambiae/Anopheles gambiae kisumu/iPhone4S/Raw/20160302 114342AgamF.m4a,iPhone4S,Anopheles gambiae|raw/Anopheles gambiae/Anopheles gambiae kisumu/iPhone4S/Raw,10,9,7,Anopheles gambiae,Anopheles dirus,0.314629192218891,iPhone4S
91837f8a6150754314f3398416da6b3048fa0740577a2f1e7fe371dccf0c1fc6,data/raw/Anopheles freeborni/Anopheles freeborni/iPhone4S/20160303 110154AfreeM.wav,iPhone4S,Anopheles freeborni|raw/Anopheles freeborni/Anopheles freeborni/iPhone4S,9,59,9,Anopheles freeborni,Anopheles freeborni,0.3102171402940487,iPhone4S
939676357b82f0db7cd715ea61a98d4605b4e00d7ee2bd9dbee5ae4a05049d41,data/raw/Anopheles gambiae/Anopheles gambiae kisumu/iPhone4S/Raw/20160302 115346.m4a,iPhone4S,Anopheles gambiae|raw/Anopheles gambiae/Anopheles gambiae kisumu/iPhone4S/Raw,10,23,15,Anopheles gambiae,Anopheles stephensi,0.23746801885940477,iPhone4S
94719f1c9e18aaaf6ae85553e6246276ce77f1106fa3f1d4216089ea7dbf5dc9,data/raw/Anopheles gambiae/Anopheles gambiae kisumu/iPhone4S/20160302 114652AgamF.wav,iPhone4S,Anopheles gambiae|raw/Anopheles gambiae/Anopheles gambiae kisumu/iPhone4S,10,12,9,Anopheles gambiae,Anopheles freeborni,0.33038816171971,iPhone4S
9757b70a17b9b48b89f28b401599830a890193de0df97f8c4241ac9c282d7f30,data/raw/Anopheles gambiae/Anopheles gambiae kisumu/iPhone4S/Raw/20160302 115120AgamF.m4a,iPhone4S,Anopheles gambiae|raw/Anopheles gambiae/Anopheles gambiae kisumu/iPhone4S/Raw,10,7,7,Anopheles gambiae,Anopheles dirus,0.23077130248423192,iPhone4S
983331f507baf248338a4f61987ac16a9ab31a85f934830234806161bd99a033,data/raw/Anopheles farauti/Anopheles farauti/iPhone4S/20160303 142944AfarTube.wav,iPhone4S,Anopheles farauti|raw/Anopheles farauti/Anopheles farauti/iPhone4S,8,9,7,Anopheles farauti,Anopheles dirus,0.22656754106572713,iPhone4S
9e1d89803405af0428fde4e8660a4227da66adb09a06673d584ed6182660751c,data/raw/Anopheles gambiae/Anopheles gambiae kisumu/iPhone4S/Raw/20160302 115227AgamF.m4a,iPhone4S,Anopheles gambiae|raw/Anopheles gambiae/Anopheles gambiae kisumu/iPhone4S/Raw,10,3,15,Anopheles gambiae,Anopheles stephensi,0.20788696741884727,iPhone4S
9fdb3ea1d807fb7aacdc5cb8c1a335845af9d53fedd78f9102176c6517cff355,data/raw/Anopheles dirus/Anopheles dirus/iPhone4S/20160302 154836AdM.wav,iPhone4S,Anopheles dirus|raw/Anopheles dirus/Anopheles dirus/iPhone4S,7,39,7,Anopheles dirus,Anopheles dirus,0.2279335921783887,iPhone4S
a090e68424358a47c8ca73401c3a0a54497ba4bc6463d12b89651fa34a8d3d30,data/raw/Anopheles gambiae/Anopheles gambiae kisumu/iPhone4S/Raw/20160302 115315AgamM.m4a,iPhone4S,Anopheles gambiae|raw/Anopheles gambiae/Anopheles gambiae kisumu/iPhone4S/Raw,10,9,8,Anopheles gambiae,Anopheles farauti,0.2486644824458915,iPhone4S
a122349ea0d01b5341af5795ee4542f223124852a6f2098f1920efac433d5187,data/raw/Anopheles stephensi/Anopheles stephensi/iPhone4S/20160302 172902.wav,iPhone4S,Anopheles stephensi|raw/Anopheles stephensi/Anopheles stephensi/iPhone4S,15,60,9,Anopheles stephensi,Anopheles freeborni,0.21712637464090492,iPhone4S
a430eb4a13cc64d201cb162a5a2dcfa842334be6b4be03754aba9f42764f0158,data/raw/Anopheles gambiae/Anopheles gambiae kisumu/iPhone4S/20160302 115033AgamF.wav,iPhone4S,Anopheles gambiae|raw/Anopheles gambiae/Anopheles gambiae kisumu/iPhone4S,10,18,9,Anopheles gambiae,Anopheles freeborni,0.24747502592188184,iPhone4S
ac3b3013d4a13dbd2f7c0dbade77c93e3bfaf268f236cce800c457e1763b04f1,data/raw/Culex pipiens/Culex pipiens/SanMateoVCD_iPhone4S/P3.wav,iPhone4S,Culex pipiens|raw/Culex pipiens/Culex pipiens/SanMateoVCD_iPhone4S,16,60,9,Culex pipiens,Anopheles freeborni,0.2674904171864466,iPhone4S
ae5883283eeb4a14ae5b0c76c31d3e8585ca8e8a236d31922aa18ae408f5ebea,data/raw/Anopheles gambiae/Anopheles gambiae kisumu/iPhone4S/Raw/20160302 114505AgamF.m4a,iPhone4S,Anopheles gambiae|raw/Anopheles gambiae/Anopheles gambiae kisumu/iPhone4S/Raw,10,9,15,Anopheles gambiae,Anopheles stephensi,0.23097367081868564,iPhone4S
b663b34a4df195c176cccd711d155802cbbf6fcc1c27e867213cdae304d7a143,data/raw/Anopheles gambiae/Anopheles gambiae kisumu/iPhone4S/Raw/20160302 115438.m4a,iPhone4S,Anopheles gambiae|raw/Anopheles gambiae/Anopheles gambiae kisumu/iPhone4S/Raw,10,17,15,Anopheles gambiae,Anopheles stephensi,0.1946280138156848,iPhone4S
b752a1c74cea60dc5a785d675ae0ecd0e82e7204dd48fbce2495777db3796a71,data/raw/Anopheles dirus/Anopheles dirus/iPhone4S/20160302 154733AdM.wav,iPhone4S,Anopheles dirus|raw/Anopheles dirus/Anopheles dirus/iPhone4S,7,40,7,Anopheles dirus,Anopheles dirus,0.20613330896712972,iPhone4S
b8faefef071b7480e4380af67f9d6e5020c53951da6a6411e5d9184f9de9be11,data/raw/Anopheles stephensi/Anopheles stephensi/iPhone4S/20160302 171604AsteF.wav,iPhone4S,Anopheles stephensi|raw/Anopheles stephensi/Anopheles stephensi/iPhone4S,15,37,15,Anopheles stephensi,Anopheles stephensi,0.2241664400763507,iPhone4S
ba14b9fe82f98710834f25e214b396fc88ddf6246d0c6a0e8f09874ad24907bb,data/raw/Culex pipiens/Culex pipiens/SanMateoVCD_iPhone4S/P2.wav,iPhone4S,Culex pipiens|raw/Culex pipiens/Culex pipiens/SanMateoVCD_iPhone4S,16,44,9,Culex pipiens,Anopheles freeborni,0.27176439533896524,iPhone4S
be1af120c91cb1db552626126e0056a91b30537e34e856bd24387b935422b323,data/raw/Culex tarsalis/Culex tarsalis/PrakashLab_iPhone4S/CxT F (6).wav,iPhone4S,Culex tarsalis|raw/Culex tarsalis/Culex tarsalis/PrakashLab_iPhone4S,18,60,10,Culex tarsalis,Anopheles gambiae,0.16731856267551096,iPhone4S
bf037764179011a373127551cb6d98611871ffbebba252cb825220485434c941,data/raw/Anopheles dirus/Anopheles dirus/iPhone4S/20160302 154415AdF.wav,iPhone4S,Anopheles dirus|raw/Anopheles dirus/Anopheles dirus/iPhone4S,7,29,9,Anopheles dirus,Anopheles freeborni,0.24106719610269195,iPhone4S
c484deedbcdd17bca325a918d118aa07ace675eaa686d090a49ccf524d46d024,data/raw/Anopheles farauti/Anopheles farauti/iPhone4S/20160303 143729.wav,iPhone4S,Anopheles farauti|raw/Anopheles farauti/Anopheles farauti/iPhone4S,8,49,15,Anopheles farauti,Anopheles stephensi,0.2212277183347328,iPhone4S
c51138da6f8e13fe80d559969da6060469ef71c06200fe0c1a8675030148089f,data/raw/Culex quinquefasciatus/Culex quinquefasciatus/SanMateoVCD_iPhone4S/Q1.wav,iPhone4S,Culex quinquefasciatus|raw/Culex quinquefasciatus/Culex quinquefasciatus/SanMateoVCD_iPhone4S,17,21,9,Culex quinquefasciatus,Anopheles freeborni,0.23598458589642507,iPhone4S
c6e1137c6af440923be81a3e751082971d2740c238b2cefe658858aede1d6638,data/raw/Anopheles farauti/Anopheles farauti/iPhone4S/20160303 143541.wav,iPhone4S,Anopheles farauti|raw/Anopheles farauti/Anopheles farauti/iPhone4S,8,35,15,Anopheles farauti,Anopheles stephensi,0.21370323515283388,iPhone4S
ca0670d6c7b3fd63fbbb67cefdbe1c96b9938016ad7d5b0c13b3b7f2c17f49b7,data/raw/Culex tarsalis/Culex tarsalis/PrakashLab_iPhone4S/CxT F (1).wav,iPhone4S,Culex tarsalis|raw/Culex tarsalis/Culex tarsalis/PrakashLab_iPhone4S,18,18,15,Culex tarsalis,Anopheles stephensi,0.19642689756056345,iPhone4S
d0b12f66f78c449f407842d187044d78fbcf5676305a03b3d06e39012dcbb29c,data/raw/Anopheles dirus/Anopheles dirus/iPhone4S/20160302 154516AdF.wav,iPhone4S,Anopheles dirus|raw/Anopheles dirus/Anopheles dirus/iPhone4S,7,25,9,Anopheles dirus,Anopheles freeborni,0.25719233545352305,iPhone4S
dc635bbe3830243966aa169322b5ca3417ebc7255e7070da5cca6f1805abb418,data/raw/Anopheles freeborni/Anopheles freeborni/iPhone4S/20160303 110028AfreeF.wav,iPhone4S,Anopheles freeborni|raw/Anopheles freeborni/Anopheles freeborni/iPhone4S,9,33,9,Anopheles freeborni,Anopheles freeborni,0.2863830250638847,iPhone4S
e490ab3c0e9313eab15a186a8e34800d49b485beb5c101e7465015d2415b906e,data/raw/Culex tarsalis/Culex tarsalis/PrakashLab_iPhone4S/CxT F (4).wav,iPhone4S,Culex tarsalis|raw/Culex tarsalis/Culex tarsalis/PrakashLab_iPhone4S,18,37,9,Culex tarsalis,Anopheles freeborni,0.1951013013053232,iPhone4S
e6bf7263d88c8921f42f3ca4822add2dc707eb71df8566930046fde3d0fa16e2,data/raw/Anopheles freeborni/Anopheles freeborni/iPhone4S/20160303 110753.wav,iPhone4S,Anopheles freeborni|raw/Anopheles freeborni/Anopheles freeborni/iPhone4S,9,47,9,Anopheles freeborni,Anopheles freeborni,0.3956650603453713,iPhone4S
ecec23212defc8f13fc5486185fa3c7415b42afd2df26213c239073eb96de505,data/raw/Culex quinquefasciatus/Culex quinquefasciatus/SanMateoVCD_iPhone4S/Q2.wav,iPhone4S,Culex quinquefasciatus|raw/Culex quinquefasciatus/Culex quinquefasciatus/SanMateoVCD_iPhone4S,17,58,9,Culex quinquefasciatus,Anopheles freeborni,0.2014612276855063,iPhone4S
fdb2c1aa14c1fb412df84f3926d0056b1ac2a1cde70a91bae36431e88a968d0d,data/raw/Anopheles albimanus/Anopheles albimanus/iPhone4S/20160303 161352.wav,iPhone4S,Anopheles albimanus|raw/Anopheles albimanus/Anopheles albimanus/iPhone4S,4,60,9,Anopheles albimanus,Anopheles freeborni,0.2316050445323863,iPhone4S
ff9ebcfe2104ba9dd201f5632fcf9ff52f32507a503a0b9e095e7b2d885c328b,data/raw/Culex tarsalis/Culex tarsalis/PrakashLab_iPhone4S/CxT F (2).wav,iPhone4S,Culex tarsalis|raw/Culex tarsalis/Culex tarsalis/PrakashLab_iPhone4S,18,50,9,Culex tarsalis,Anopheles freeborni,0.19426230932932292,iPhone4S
03108a3476133ec4880cf3117fe034c123c25d5112d73075a9d3f20e0edb059a,data/raw/Anopheles minimus/Anopheles minimus/iPhone6/Amin (1).wav,iPhone6,Anopheles minimus|raw/Anopheles minimus/Anopheles minimus/iPhone6,12,60,9,Anopheles minimus,Anopheles freeborni,0.17900557307144876,iPhone6
07ce29ba1039599bd1141692d2b621ed99e9d457b4411588cc6c3e9656905078,data/raw/Anopheles farauti/Anopheles farauti/iPhone6/Afar.m4a,iPhone6,Anopheles farauti|raw/Anopheles farauti/Anopheles farauti/iPhone6,8,25,9,Anopheles farauti,Anopheles freeborni,0.2700367854955937,iPhone6
19a71ccd4da01949b856ad72a7fa52ec70e3b67877872ed45397500015a25711,data/raw/Anopheles stephensi/Anopheles stephensi/iPhone6/Asm.wav,iPhone6,Anopheles stephensi|raw/Anopheles stephensi/Anopheles stephensi/iPhone6,15,23,8,Anopheles stephensi,Anopheles farauti,0.2041348702224398,iPhone6
1b01f0b29e567fac0fc3dfd3ca17b000a4776448612a45e56c6a1ceb885d48e4,data/raw/Anopheles minimus/Anopheles minimus/iPhone6/Amin.wav,iPhone6,Anopheles minimus|raw/Anopheles minimus/Anopheles minimus/iPhone6,12,51,12,Anopheles minimus,Anopheles minimus,0.2041990749065497,iPhone6
1daec132a1e1c6e6da51bb464b5e3c92c2ae920be451bba0dc347787bcaa4a6f,data/raw/Anopheles dirus/Anopheles dirus/iPhone6/Adm (2).m4a,iPhone6,Anopheles dirus|raw/Anopheles dirus/Anopheles dirus/iPhone6,7,31,9,Anopheles dirus,Anopheles freeborni,0.1813804627876613,iPhone6
201c70f821d61dbc4586aa2437f865df35f9d398db03569cf01a3c91e30a2097,data/raw/Anopheles dirus/Anopheles dirus/iPhone6/Adf (1).m4a,iPhone6,Anopheles dirus|raw/Anopheles dirus/Anopheles dirus/iPhone6,7,53,9,Anopheles dirus,Anopheles freeborni,0.24905922213540194,iPhone6
2b4fbad026c0973f62d13cf114b4a31ae5bc67982256bd913c79d1b44ef6716a,data/raw/Anopheles dirus/Anopheles dirus/iPhone6/Adf (4).m4a,iPhone6,Anopheles dirus|raw/Anopheles dirus/Anopheles dirus/iPhone6,7,57,4,Anopheles dirus,Anopheles albimanus,0.1924033399502649,iPhone6
2f89015a500eb5c476870e5a3aa1ac82ac65aad4d38fce7beec1f3fb59849bd5,data/raw/Anopheles dirus/Anopheles dirus/iPhone6/Adf Adm.m4a,iPhone6,Anopheles dirus|raw/Anopheles dirus/Anopheles dirus/iPhone6,7,47,7,Anopheles dirus,Anopheles dirus,0.17812178264198641,iPhone6
306403410fe6f1ab7eca629309933239ddcc76f7ac9d3269ea82527bd04fc540,data/raw/Anopheles minimus/Anopheles minimus/iPhone6/Amin (2).wav,iPhone6,Anopheles minimus|raw/Anopheles minimus/Anopheles minimus/iPhone6,12,60,12,Anopheles minimus,Anopheles minimus,0.20024053207792017,iPhone6
36c87d56a2fab09923817ce4798b9bbc341218c1602dd72d35862f784dd2bb22,data/raw/Anopheles farauti/Anopheles farauti/iPhone6/Afar (2).m4a,iPhone6,Anopheles farauti|raw/Anopheles farauti/Anopheles farauti/iPhone6,8,36,9,Anopheles farauti,Anopheles freeborni,0.1580186181813912,iPhone6
3795667d32fd559c9b049004c7defb7742768f6a6ed4fe8673db06abdb8b4a95,data/raw/Anopheles stephensi/Anopheles stephensi/iPhone6/Asf.wav,iPhone6,Anopheles stephensi|raw/Anopheles stephensi/Anopheles stephensi/iPhone6,15,33,7,Anopheles stephensi,Anopheles dirus,0.15638361011835342,iPhone6
3e4740a37621c5aed5d315ca6cadb0853dfcb2a4656c30db5584c9438216a75a,data/raw/Culiseta incidens/Culiseta incidens/Glenn Park Black Mosquito Day 3 Ds3 Iphone6.wav,iPhone6,Culiseta incidens|raw/Culiseta incidens/Culiseta incidens,19,20,19,Culiseta incidens,Culiseta incidens,0.6034591873616147,iPhone6
40b3632f799325b440c4be9530c0c2747a5cb8b5c808b81d256ff66ef8e88147,data/raw/Culiseta incidens/Culiseta incidens/Glenn Park - Black Mosquito - Day2_ Ds3_ Iphone6.wav,iPhone6,Culiseta incidens|raw/Culiseta incidens/Culiseta incidens,19,60,19,Culiseta incidens,Culiseta incidens,0.7146061015396304,iPhone6
43dc988092e9cbeb655e94e65f0c5cce6639475fbeca82f29131cc46c91a778a,data/raw/Anopheles dirus/Anopheles dirus/iPhone6/Adm.m4a,iPhone6,Anopheles dirus|raw/Anopheles dirus/Anopheles dirus/iPhone6,7,54,4,Anopheles dirus,Anopheles albimanus,0.1589926683176292,iPhone6
483225b35e3825c6fde11fffa12d19b30c125de6ce0dfafdfc6feaa1824ad86f,data/raw/Anopheles freeborni/Anopheles freeborni/iPhone6/Afree.m4a,iPhone6,Anopheles freeborni|raw/Anopheles freeborni/Anopheles freeborni/iPhone6,9,57,4,Anopheles freeborni,Anopheles albimanus,0.15200943775308037,iPhone6
4954460d46cd61c7cf740871f776c1fe349973b0af9a2170557556006ff583af,data/raw/Anopheles freeborni/Anopheles freeborni/iPhone6/Afree (3).m4a,iPhone6,Anopheles freeborni|raw/Anopheles freeborni/Anopheles freeborni/iPhone6,9,49,9,Anopheles freeborni,Anopheles freeborni,0.2169073073194183,iPhone6
49ba3e24389d39f60da1164c3aa566fc01f3c600479e7cbfa3994cf9cfe0a797,data/raw/Anopheles minimus/Anopheles minimus/iPhone6/AminM.wav,iPhone6,Anopheles minimus|raw/Anopheles minimus/Anopheles minimus/iPhone6,12,54,12,Anopheles minimus,Anopheles minimus,0.19601398750130444,iPhone6
5e5e59c7f7b6d4a442e0aecb0fc7126158da2d1f0813240bae92b89ea77bed95,data/raw/Anopheles farauti/Anopheles farauti/iPhone6/Afar (1).m4a,iPhone6,Anopheles farauti|raw/Anopheles farauti/Anopheles farauti/iPhone6,8,48,8,Anopheles farauti,Anopheles farauti,0.17659468361494415,iPhone6
5f69c869a3cb41fa92ff6dc659b36c1a7be615c7538f4e3814b2e967cb7e6933,data/raw/Anopheles stephensi/Anopheles stephensi/iPhone6/As (1).wav,iPhone6,Anopheles stephensi|raw/Anopheles stephensi/Anopheles stephensi/iPhone6,15,42,4,Anopheles stephensi,Anopheles albimanus,0.18156929964133933,iPhone6
603488be873931e469a1f70dcfbfb03d1d957972510678bb4576e000161d93b9,data/raw/Anopheles albimanus/Anopheles albimanus/iPhone6/Aalb.m4a,iPhone6,Anopheles albimanus|raw/Anopheles albimanus/Anopheles albimanus/iPhone6,4,40,4,Anopheles albimanus,Anopheles albimanus,0.24907705100666994,iPhone6
7e7ba697008f4fb8555edd949c17190362ec6119d78ee13896388ade5fc15713,data/raw/Culiseta incidens/Culiseta incidens/Glenn Park Black Mosquito day3 Ds5 Iphone6.wav,iPhone6,Culiseta incidens|raw/Culiseta incidens/Culiseta incidens,19,28,19,Culiseta incidens,Culiseta incidens,0.6683058621595338,iPhone6
8423426435953262839175de6a724cb6f358abcd88ce57db6540633c55857449,data/raw/Anopheles gambiae/Anopheles gambiae kisumu/iPhone6/Ag Mix Cage 1.m4a,iPhone6,Anopheles gambiae|raw/Anopheles gambiae/Anopheles gambiae kisumu/iPhone6,10,37,15,Anopheles gambiae,Anopheles stephensi,0.16965622148869122,iPhone6
85cd2cc8b26fddaee8eeb01c7cd119747287585c753ca69fc97c77e42c221b2e,data/raw/Anopheles freeborni/Anopheles freeborni/iPhone6/Afree (2).m4a,iPhone6,Anopheles freeborni|raw/Anopheles freeborni/Anopheles freeborni/iPhone6,9,44,9,Anopheles freeborni,Anopheles freeborni,0.1887918529927697,iPhone6
863e78057ff30243d3cec270bd1e43402887051abac87b602668300bb74bc35e,data/raw/Culiseta incidens/Culiseta incidens/Glen PArk Black Mosquito Day 3 Ds1 Iphone6.wav,iPhone6,Culiseta incidens|raw/Culiseta incidens/Culiseta incidens,19,52,19,Culiseta incidens,Culiseta incidens,0.5325395516514082,iPhone6
8ab71be5661553035f8410c14785f8bdff81d76dd8284685a31f761b5a30f12f,data/raw/Anopheles albimanus/Anopheles albimanus/iPhone6/Aalb (2).m4a,iPhone6,Anopheles albimanus|raw/Anopheles albimanus/Anopheles albimanus/iPhone6,4,60,4,Anopheles albimanus,Anopheles albimanus,0.23400708346355223,iPhone6
92a83f4ca9b7e939616f4888d1ec7fde447dde6d84569d8c848f09c2a2ea8d71,data/raw/Anopheles dirus/Anopheles dirus/iPhone6/Adf.m4a,iPhone6,Anopheles dirus|raw/Anopheles dirus/Anopheles dirus/iPhone6,7,32,9,Anopheles dirus,Anopheles freeborni,0.16662392304095178,iPhone6
95eec1cfc7c0864a97c035fa622a9f7a6732f8b587aa704ff744928b46af7a59,data/raw/Anopheles stephensi/Anopheles stephensi/iPhone6/As.wav,iPhone6,Anopheles stephensi|raw/Anopheles stephensi/Anopheles stephensi/iPhone6,15,60,4,Anopheles stephensi,Anopheles albimanus,0.15970804778295936,iPhone6
977f7b7a364fe8d2fc79bdca04ce3bbaa09648cf4f5fcfe0370b925faa38bccb,data/raw/Anopheles farauti/Anopheles farauti/iPhone6/Afar (3).m4a,iPhone6,Anopheles farauti|raw/Anopheles farauti/Anopheles farauti/iPhone6,8,48,12,Anopheles farauti,Anopheles minimus,0.15400683790485228,iPhone6
9960d1307d7a98842a3760950a445b4a405a93d49275e6dc9836d391a606b6c1,data/raw/Anopheles freeborni/Anopheles freeborni/iPhone6/Afree (1).m4a,iPhone6,Anopheles freeborni|raw/Anopheles freeborni/Anopheles freeborni/iPhone6,9,53,7,Anopheles freeborni,Anopheles dirus,0.16260113039574475,iPhone6
a8a4fedde6fc0fd9120aa754287ba2e6e2facaf7a632782184d1a1797b26890a,data/raw/Anopheles dirus/Anopheles dirus/iPhone6/Adf (3).m4a,iPhone6,Anopheles dirus|raw/Anopheles dirus/Anopheles dirus/iPhone6,7,32,9,Anopheles dirus,Anopheles freeborni,0.18394005105365502,iPhone6
a972c3790e78c3d0b42155c7e9f36ad3358591fdf37a13398becd768404cd57b,data/raw/Anopheles dirus/Anopheles dirus/iPhone6/Adm (1).m4a,iPhone6,Anopheles dirus|raw/Anopheles dirus/Anopheles dirus/iPhone6,7,31,9,Anopheles dirus,Anopheles freeborni,0.1969648228101386,iPhone6
ac4352668d7ec1eb0c98a8459b0edbce6534044269c0f2068ae70690addc2825,data/raw/Anopheles albimanus/Anopheles albimanus/iPhone6/Aalbm.m4a,iPhone6,Anopheles albimanus|raw/Anopheles albimanus/Anopheles albimanus/iPhone6,4,49,4,Anopheles albimanus,Anopheles albimanus,0.1992170043215066,iPhone6
ad98e9dd136bc805c0758bc7801873828b9d019a92d4fe178be13d293e7e859f,data/raw/Anopheles dirus/Anopheles dirus/iPhone6/Adm (3).m4a,iPhone6,Anopheles dirus|raw/Anopheles dirus/Anopheles dirus/iPhone6,7,28,9,Anopheles dirus,Anopheles freeborni,0.19671555717734118,iPhone6
bc30ab7ff6b9b8dc7964f445e01ade74d0bc3ad25015e6688c390602cd2938a1,data/raw/Anopheles freeborni/Anopheles freeborni/iPhone6/AfreeM.m4a,iPhone6,Anopheles freeborni|raw/Anopheles freeborni/Anopheles freeborni/iPhone6,9,31,9,Anopheles freeborni,Anopheles freeborni,0.20982421934362536,iPhone6
bf314d354aff61746de6628f3709a856e0bd14ae91f63d75198253f7d3e9733e,data/raw/Anopheles stephensi/Anopheles stephensi/iPhone6/As (2).wav,iPhone6,Anopheles stephensi|raw/Anopheles stephensi/Anopheles stephensi/iPhone6,15,40,12,Anopheles stephensi,Anopheles minimus,0.17454442132635584,iPhone6
bf8e25220f5f9917ec836840f93ec8c1409227b1bd239079263bff80ea61dc47,data/raw/Anopheles stephensi/Anopheles stephensi/iPhone6/As (3).wav,iPhone6,Anopheles stephensi|raw/Anopheles stephensi/Anopheles stephensi/iPhone6,15,30,4,Anopheles stephensi,Anopheles albimanus,0.16424992732886948,iPhone6
c82cf829d03c1e6729555bd9ebe2e8babf1b6c591905fd02ffa09a986985ac19,data/raw/Anopheles dirus/Anopheles dirus/iPhone6/Adf (2).m4a,iPhone6,Anopheles dirus|raw/Anopheles dirus/Anopheles dirus/iPhone6,7,25,4,Anopheles dirus,Anopheles albimanus,0.18129860580886992,iPhone6
d3f79c88e15beeba298e090742cde3ebecc221bba9e279e560cdbe1bc43d81de,data/raw/Anopheles minimus/Anopheles minimus/iPhone6/AminF.wav,iPhone6,Anopheles minimus|raw/Anopheles minimus/Anopheles minimus/iPhone6,12,28,12,Anopheles minimus,Anopheles minimus,0.22342727949891464,iPhone6
e452fb43d227c0835afcb9781e0b7ae47f7fd2dcc42aaff782cb8ae4116e9d69,data/raw/Anopheles albimanus/Anopheles albimanus/iPhone6/AalbF.m4a,iPhone6,Anopheles albimanus|raw/Anopheles albimanus/Anopheles albimanus/iPhone6,4,37,4,Anopheles albimanus,Anopheles albimanus,0.2289619683222169,iPhone6
e50306dfa1f514cd4a8f866978e44755ae62c4b49e9acc726b9a729653017e0b,data/raw/Culiseta incidens/Culiseta incidens/Glenn Park Black Mosquito Day 3 dS4 Iphone6.wav,iPhone6,Culiseta incidens|raw/Culiseta incidens/Culiseta incidens,19,60,19,Culiseta incidens,Culiseta incidens,0.5233158338226621,iPhone6
eafa125d26088ca42869cefba56ad5e89086c0dd808c9858e9ba7e922b5bd856,data/raw/Anopheles stephensi/Anopheles stephensi/iPhone6/As (4).wav,iPhone6,Anopheles stephensi|raw/Anopheles stephensi/Anopheles stephensi/iPhone6,15,15,12,Anopheles stephensi,Anopheles minimus,0.19570364583882835,iPhone6
ec27c3fd17db9ae5c3841c927e461b5f93087ece297a3e1cf04f2fb59975635b,data/raw/Anopheles freeborni/Anopheles freeborni/iPhone6/AfreeF.m4a,iPhone6,Anopheles freeborni|raw/Anopheles freeborni/Anopheles freeborni/iPhone6,9,25,9,Anopheles freeborni,Anopheles freeborni,0.31204442559853013,iPhone6
f5724056339c8ae4b4399b2bb2e6aa826a805091164693b91f88c0aecd06feea,data/raw/Anopheles farauti/Anopheles farauti/iPhone6/Afar (5).m4a,iPhone6,Anopheles farauti|raw/Anopheles farauti/Anopheles farauti/iPhone6,8,38,8,Anopheles farauti,Anopheles farauti,0.19828987841449403,iPhone6
f57f55e81c031e0ba0fa1480ddb818e06cf6c9533699f674ff662469b266090b,data/raw/Anopheles albimanus/Anopheles albimanus/iPhone6/Aalb (1).m4a,iPhone6,Anopheles albimanus|raw/Anopheles albimanus/Anopheles albimanus/iPhone6,4,51,4,Anopheles albimanus,Anopheles albimanus,0.27835960245480834,iPhone6
f733a195fb0d40a41a0548e8b56e94d546fc207e77802b310988c456666c28eb,data/raw/Culiseta incidens/Culiseta incidens/Glen. PRL Black Mosquito Day 3 Ds2 Iphone6.wav,iPhone6,Culiseta incidens|raw/Culiseta incidens/Culiseta incidens,19,30,19,Culiseta incidens,Culiseta incidens,0.5452374646238606,iPhone6
