path,source,species,label,phone,session,group,sha256,bytes,sample_rate,channels,duration_s,subtype,extension,exclusion
data/raw/Aedes aegypti/Aedes aegypti/Auburn_T209/Voice0121 AEGY ui.wav,dryad,Aedes aegypti,Aedes aegypti,T209,Aedes aegypti|raw/Aedes aegypti/Aedes aegypti/Auburn_T209,78e0631c91faf904c84f8569148778099be383553af71a56b63da02e49eac12a,78e0631c91faf904c84f8569148778099be383553af71a56b63da02e49eac12a,960080,8000.0,1.0,60.0,PCM_16,.wav,
data/raw/Aedes aegypti/Aedes aegypti/Auburn_T209/Voice0122.wav,dryad,Aedes aegypti,Aedes aegypti,T209,Aedes aegypti|raw/Aedes aegypti/Aedes aegypti/Auburn_T209,6e8f49574579cff4fc0217a05fd6c8884dfc749e9705bc04d1ebc991bd9e20ae,6e8f49574579cff4fc0217a05fd6c8884dfc749e9705bc04d1ebc991bd9e20ae,960080,8000.0,1.0,60.0,PCM_16,.wav,
data/raw/Aedes aegypti/Aedes aegypti/Auburn_T209/Voice0123.wav,dryad,Aedes aegypti,Aedes aegypti,T209,Aedes aegypti|raw/Aedes aegypti/Aedes aegypti/Auburn_T209,58b43d03fed7d7203acd7431b6b4c0ae250e104de893e95ba2d47acdfab8398b,58b43d03fed7d7203acd7431b6b4c0ae250e104de893e95ba2d47acdfab8398b,960080,8000.0,1.0,60.0,PCM_16,.wav,
data/raw/Aedes aegypti/Aedes aegypti/Auburn_T209/Voice0124.wav,dryad,Aedes aegypti,Aedes aegypti,T209,Aedes aegypti|raw/Aedes aegypti/Aedes aegypti/Auburn_T209,12a96a09e207dc63cb767d8e3e0fd6ec78e3f8a018b9486e683fdbc46ab6e374,12a96a09e207dc63cb767d8e3e0fd6ec78e3f8a018b9486e683fdbc46ab6e374,960080,8000.0,1.0,60.0,PCM_16,.wav,
data/raw/Aedes aegypti/Aedes aegypti/Auburn_T209/Voice0125 aegy ui.wav,dryad,Aedes aegypti,Aedes aegypti,T209,Aedes aegypti|raw/Aedes aegypti/Aedes aegypti/Auburn_T209,96847c2208d19df72b9809930c9549299bd9b8ffdc2b7174d801f8209523f949,96847c2208d19df72b9809930c9549299bd9b8ffdc2b7174d801f8209523f949,960080,8000.0,1.0,60.0,PCM_16,.wav,
data/raw/Aedes aegypti/Aedes aegypti/CDC_Nexus/10130f.wav,dryad,Aedes aegypti,Aedes aegypti,Nexus,Aedes aegypti|raw/Aedes aegypti/Aedes aegypti/CDC_Nexus,b449f1ba9fe3a902c2d0d5ee203c2b2434bf790f779d008ea308afda16449f01,b449f1ba9fe3a902c2d0d5ee203c2b2434bf790f779d008ea308afda16449f01,25927724,44100.0,1.0,293.89496598639454,PCM_16,.wav,
data/raw/Aedes aegypti/Aedes aegypti/CDC_T209/Voice0131 10130f.wav,dryad,Aedes aegypti,Aedes aegypti,T209,Aedes aegypti|raw/Aedes aegypti/Aedes aegypti/CDC_T209,54d58059aa71b6361c8291e0ee454710a4a794a300d7c4f4ca8d17780749ff8c,54d58059aa71b6361c8291e0ee454710a4a794a300d7c4f4ca8d17780749ff8c,960080,8000.0,1.0,60.0,PCM_16,.wav,
data/raw/Aedes aegypti/Aedes aegypti/CDC_T209/Voice0132.wav,dryad,Aedes aegypti,Aedes aegypti,T209,Aedes aegypti|raw/Aedes aegypti/Aedes aegypti/CDC_T209,4513c7ab37f5c5f1a309160c149bbbfcf438485afb7b8f6fd3e0152474efe229,4513c7ab37f5c5f1a309160c149bbbfcf438485afb7b8f6fd3e0152474efe229,960080,8000.0,1.0,60.0,PCM_16,.wav,
data/raw/Aedes aegypti/Aedes aegypti/CDC_T209/Voice0133.wav,dryad,Aedes aegypti,Aedes aegypti,T209,Aedes aegypti|raw/Aedes aegypti/Aedes aegypti/CDC_T209,ab9f07005ca066f8484c23bb82968f3f92fbd876596eb186226c20b05636e2bc,ab9f07005ca066f8484c23bb82968f3f92fbd876596eb186226c20b05636e2bc,960080,8000.0,1.0,60.0,PCM_16,.wav,
data/raw/Aedes aegypti/Aedes aegypti/CDC_T209/Voice0134.wav,dryad,Aedes aegypti,Aedes aegypti,T209,Aedes aegypti|raw/Aedes aegypti/Aedes aegypti/CDC_T209,af19eaac10b7c215f8ae16c00222a142fb235385dc819382e75d77dfe2da068a,af19eaac10b7c215f8ae16c00222a142fb235385dc819382e75d77dfe2da068a,960080,8000.0,1.0,60.0,PCM_16,.wav,
data/raw/Aedes aegypti/Aedes aegypti/CDC_T209/Voice0135 AEGY10130f.wav,dryad,Aedes aegypti,Aedes aegypti,T209,Aedes aegypti|raw/Aedes aegypti/Aedes aegypti/CDC_T209,3eb82c75ee2d288487a25985eef7d29bd30a6f9832f677692c39ab0ee1e50448,3eb82c75ee2d288487a25985eef7d29bd30a6f9832f677692c39ab0ee1e50448,960080,8000.0,1.0,60.0,PCM_16,.wav,
data/raw/Aedes aegypti/Aedes aegypti/CDC_Xperia/11-16-2016-111457 10130f.wav,dryad,Aedes aegypti,Aedes aegypti,Xperia,Aedes aegypti|raw/Aedes aegypti/Aedes aegypti/CDC_Xperia,52c86552aac4c326710bbdf1f9f2a5516f9bffa7738f2bfa679964f3423dd96e,52c86552aac4c326710bbdf1f9f2a5516f9bffa7738f2bfa679964f3423dd96e,13440044,44100.0,1.0,152.38095238095238,PCM_16,.wav,
data/raw/Aedes aegypti/Aedes aegypti/CDC_Xperia/11-16-2016-111839 10130f.wav,dryad,Aedes aegypti,Aedes aegypti,Xperia,Aedes aegypti|raw/Aedes aegypti/Aedes aegypti/CDC_Xperia,b9d3e0825ef11bfcb3b05728d4cb99070fdb4a466a8744b8d5860e57a32e59cf,b9d3e0825ef11bfcb3b05728d4cb99070fdb4a466a8744b8d5860e57a32e59cf,21719084,44100.0,1.0,246.24761904761905,PCM_16,.wav,
data/raw/Aedes aegypti/Aedes aegypti/UCD_LA_T209/Aela1.wav,dryad,Aedes aegypti,Aedes aegypti,T209,Aedes aegypti|raw/Aedes aegypti/Aedes aegypti/UCD_LA_T209,9d7f572a2ec0f2bd5549b2c61d6c0992b1e974834d4612689732ea5624b76da8,9d7f572a2ec0f2bd5549b2c61d6c0992b1e974834d4612689732ea5624b76da8,960080,8000.0,1.0,60.0,PCM_16,.wav,
data/raw/Aedes aegypti/Aedes aegypti/UCD_LA_T209/Aela2.wav,dryad,Aedes aegypti,Aedes aegypti,T209,Aedes aegypti|raw/Aedes aegypti/Aedes aegypti/UCD_LA_T209,4f7c1f26623d78d233101ee5140704c43ead1420665b583170cab50ff596d42d,4f7c1f26623d78d233101ee5140704c43ead1420665b583170cab50ff596d42d,960080,8000.0,1.0,60.0,PCM_16,.wav,
data/raw/Aedes aegypti/Aedes aegypti/UCD_LA_T209/Aela3.wav,dryad,Aedes aegypti,Aedes aegypti,T209,Aedes aegypti|raw/Aedes aegypti/Aedes aegypti/UCD_LA_T209,856ffc767f0bef40c6606cd6443a923f365b664b222fa75f9d6c7f33538f7853,856ffc767f0bef40c6606cd6443a923f365b664b222fa75f9d6c7f33538f7853,960080,8000.0,1.0,60.0,PCM_16,.wav,
data/raw/Aedes aegypti/Aedes aegypti/UCD_LA_T209/Aela4.wav,dryad,Aedes aegypti,Aedes aegypti,T209,Aedes aegypti|raw/Aedes aegypti/Aedes aegypti/UCD_LA_T209,b95d6cb877dafb44f9dd0835d0bfc30da655d1a7a3c4503a34a9ba093f6d0a0c,b95d6cb877dafb44f9dd0835d0bfc30da655d1a7a3c4503a34a9ba093f6d0a0c,960080,8000.0,1.0,60.0,PCM_16,.wav,
data/raw/Aedes aegypti/Aedes aegypti/UCD_LA_T209/Aela5.wav,dryad,Aedes aegypti,Aedes aegypti,T209,Aedes aegypti|raw/Aedes aegypti/Aedes aegypti/UCD_LA_T209,c46b80698e92a94877e78445b45dcf08d7f83254ffe5c1ba752cb46e91a079da,c46b80698e92a94877e78445b45dcf08d7f83254ffe5c1ba752cb46e91a079da,960080,8000.0,1.0,60.0,PCM_16,.wav,
data/raw/Aedes aegypti/Aedes aegypti/UCD_LA_T209/Snipped/Aela.wav,dryad,Aedes aegypti,Aedes aegypti,T209,Aedes aegypti|raw/Aedes aegypti/Aedes aegypti/UCD_LA_T209/Snipped,6c9d672133c7f3a579595c826c2116dd3a60e15340ca765b344e0ca0b2847c6b,6c9d672133c7f3a579595c826c2116dd3a60e15340ca765b344e0ca0b2847c6b,298016,,,,,.wav,derived_excerpt_unmapped
data/raw/Aedes aegypti/Aedes aegypti/UCD_PR_T209/Snipped/Aepr.wav,dryad,Aedes aegypti,Aedes aegypti,T209,Aedes aegypti|raw/Aedes aegypti/Aedes aegypti/UCD_PR_T209/Snipped,96d7303c299767b55b0a8102f55fd46bef707b41ecf24eb333e7f80b20b14702,96d7303c299767b55b0a8102f55fd46bef707b41ecf24eb333e7f80b20b14702,91840,,,,,.wav,derived_excerpt_unmapped
data/raw/Aedes aegypti/Aedes aegypti/UCD_PR_T209/Voice0091.wav,dryad,Aedes aegypti,Aedes aegypti,T209,Aedes aegypti|raw/Aedes aegypti/Aedes aegypti/UCD_PR_T209,42cc9e385b56c3a2969a49beac843b136735a50c651f210e0b85e81c423b94e0,42cc9e385b56c3a2969a49beac843b136735a50c651f210e0b85e81c423b94e0,960080,8000.0,1.0,60.0,PCM_16,.wav,
data/raw/Aedes aegypti/Aedes aegypti/UCD_PR_T209/Voice0092.wav,dryad,Aedes aegypti,Aedes aegypti,T209,Aedes aegypti|raw/Aedes aegypti/Aedes aegypti/UCD_PR_T209,36c41b4160caf3e242637aa717963c5f6e4dbdfab739dad8ffaa0f490831f021,36c41b4160caf3e242637aa717963c5f6e4dbdfab739dad8ffaa0f490831f021,960080,8000.0,1.0,60.0,PCM_16,.wav,
data/raw/Aedes albopictus/Aedes albopictus/CDC_Nexus/albof.wav,dryad,Aedes albopictus,Aedes albopictus,Nexus,Aedes albopictus|raw/Aedes albopictus/Aedes albopictus/CDC_Nexus,042408a9de35a4def41a4ca21f93b4de00ac23eec08428c99759e18449cc437e,042408a9de35a4def41a4ca21f93b4de00ac23eec08428c99759e18449cc437e,29964332,44100.0,1.0,339.6614965986395,PCM_16,.wav,
data/raw/Aedes albopictus/Aedes albopictus/CDC_T209/Voice0136 albof.wav,dryad,Aedes albopictus,Aedes albopictus,T209,Aedes albopictus|raw/Aedes albopictus/Aedes albopictus/CDC_T209,e49441bb2a80d3022836930e730b976e88e8441bd06bc99ee636ce4a4a1ad2ad,e49441bb2a80d3022836930e730b976e88e8441bd06bc99ee636ce4a4a1ad2ad,960080,8000.0,1.0,60.0,PCM_16,.wav,
data/raw/Aedes albopictus/Aedes albopictus/CDC_T209/Voice0137.wav,dryad,Aedes albopictus,Aedes albopictus,T209,Aedes albopictus|raw/Aedes albopictus/Aedes albopictus/CDC_T209,91a16af7947e5f95babc9a3d16bc11d724dd9c6c6606f0759190b2342835fba6,91a16af7947e5f95babc9a3d16bc11d724dd9c6c6606f0759190b2342835fba6,960080,8000.0,1.0,60.0,PCM_16,.wav,
data/raw/Aedes albopictus/Aedes albopictus/CDC_T209/Voice0138.wav,dryad,Aedes albopictus,Aedes albopictus,T209,Aedes albopictus|raw/Aedes albopictus/Aedes albopictus/CDC_T209,373b270e055442cd4f994cbc9077d5a4ae86d3a75806d92088f35ea049de12b4,373b270e055442cd4f994cbc9077d5a4ae86d3a75806d92088f35ea049de12b4,960080,8000.0,1.0,60.0,PCM_16,.wav,
data/raw/Aedes albopictus/Aedes albopictus/CDC_T209/Voice0139.wav,dryad,Aedes albopictus,Aedes albopictus,T209,Aedes albopictus|raw/Aedes albopictus/Aedes albopictus/CDC_T209,d51bf7af52336157fc9ab4b8c8a7d83588ef1e649c010488ab5e22b76aea69f0,d51bf7af52336157fc9ab4b8c8a7d83588ef1e649c010488ab5e22b76aea69f0,960080,8000.0,1.0,60.0,PCM_16,.wav,
data/raw/Aedes albopictus/Aedes albopictus/CDC_T209/Voice0140 albof.wav,dryad,Aedes albopictus,Aedes albopictus,T209,Aedes albopictus|raw/Aedes albopictus/Aedes albopictus/CDC_T209,46507807e9b78bcb5a16d2065148bae176a0d0a92c8248f547075b92e929549e,46507807e9b78bcb5a16d2065148bae176a0d0a92c8248f547075b92e929549e,960080,8000.0,1.0,60.0,PCM_16,.wav,
data/raw/Aedes albopictus/Aedes albopictus/CDC_Xperia/11-16-2016-125240 albopictus f.wav,dryad,Aedes albopictus,Aedes albopictus,Xperia,Aedes albopictus|raw/Aedes albopictus/Aedes albopictus/CDC_Xperia,a49dcdab449a77ed73c6f62b94ae0dad15386023238341d3ad11db9b2e12d7ec,a49dcdab449a77ed73c6f62b94ae0dad15386023238341d3ad11db9b2e12d7ec,28815404,44100.0,1.0,326.7047619047619,PCM_16,.wav,
data/raw/Aedes mediovittatus/Aedes mediovittatus/UCD_T209/Ae medi 3.wav,dryad,Aedes mediovittatus,Aedes mediovittatus,T209,Aedes mediovittatus|raw/Aedes mediovittatus/Aedes mediovittatus/UCD_T209,25d7714e8f3a984d849171f60eb8970128c3905cc1d08e6186d813c084d3cc22,25d7714e8f3a984d849171f60eb8970128c3905cc1d08e6186d813c084d3cc22,960080,8000.0,1.0,60.0,PCM_16,.wav,
data/raw/Aedes mediovittatus/Aedes mediovittatus/UCD_T209/Ae medio 2.wav,dryad,Aedes mediovittatus,Aedes mediovittatus,T209,Aedes mediovittatus|raw/Aedes mediovittatus/Aedes mediovittatus/UCD_T209,77cf7a746e58f8a02e4b58248119903bb2eb46873a4dec30f88382048630c8c8,77cf7a746e58f8a02e4b58248119903bb2eb46873a4dec30f88382048630c8c8,960080,8000.0,1.0,60.0,PCM_16,.wav,
data/raw/Aedes mediovittatus/Aedes mediovittatus/UCD_T209/Ae medio 4.wav,dryad,Aedes mediovittatus,Aedes mediovittatus,T209,Aedes mediovittatus|raw/Aedes mediovittatus/Aedes mediovittatus/UCD_T209,e8ddd4408e8b4f148c8a8e4f1f981a823ba3b7fecac9db5df039b03555c16247,e8ddd4408e8b4f148c8a8e4f1f981a823ba3b7fecac9db5df039b03555c16247,960080,8000.0,1.0,60.0,PCM_16,.wav,
data/raw/Aedes sierrensis/Aedes sierrensis/Anna1.wav,dryad,Aedes sierrensis,Aedes sierrensis,unknown,Aedes sierrensis|field_anna,973627ae9f702d13d9373d3d278939b192effc848e7aa0ebf2f2f8672cd8cbbc,973627ae9f702d13d9373d3d278939b192effc848e7aa0ebf2f2f8672cd8cbbc,221458,,,,,.wav,sierrensis_uncurated_or_copy
data/raw/Aedes sierrensis/Aedes sierrensis/Anna2.wav,dryad,Aedes sierrensis,Aedes sierrensis,unknown,Aedes sierrensis|field_anna,2c1ed26fb1d850b587699c973c86cad8d98bcba085dc414946bf86fe343452d8,2c1ed26fb1d850b587699c973c86cad8d98bcba085dc414946bf86fe343452d8,59374,,,,,.wav,sierrensis_uncurated_or_copy
data/raw/Aedes sierrensis/Aedes sierrensis/Anna3.wav,dryad,Aedes sierrensis,Aedes sierrensis,unknown,Aedes sierrensis|field_anna,e8b94516a1090974174fa76337129be955f24a94f205f0227a6e40de531e3a57,e8b94516a1090974174fa76337129be955f24a94f205f0227a6e40de531e3a57,174728,,,,,.wav,sierrensis_uncurated_or_copy
data/raw/Aedes sierrensis/Aedes sierrensis/Anna4.wav,dryad,Aedes sierrensis,Aedes sierrensis,unknown,Aedes sierrensis|field_anna,e6cd5b16035da23c65d642f4f18a317087d92755fb30fe78fe753d8bcae33146,e6cd5b16035da23c65d642f4f18a317087d92755fb30fe78fe753d8bcae33146,153960,,,,,.wav,sierrensis_uncurated_or_copy
data/raw/Aedes sierrensis/Aedes sierrensis/Anna5.wav,dryad,Aedes sierrensis,Aedes sierrensis,unknown,Aedes sierrensis|field_anna,2f8bed559073935d5976b9f27e0322d4d0e139e0aebd56f1624a32bdd132ea55,2f8bed559073935d5976b9f27e0322d4d0e139e0aebd56f1624a32bdd132ea55,145706,,,,,.wav,sierrensis_uncurated_or_copy
data/raw/Aedes sierrensis/Aedes sierrensis/Anna6.wav,dryad,Aedes sierrensis,Aedes sierrensis,unknown,Aedes sierrensis|field_anna,86433e68024f615b333fa927e863960b131b281335037f7e82743630b42d2a34,86433e68024f615b333fa927e863960b131b281335037f7e82743630b42d2a34,1091752,,,,,.wav,sierrensis_uncurated_or_copy
data/raw/Aedes sierrensis/Aedes sierrensis/Argo10_sp2_12_multiple.wav,dryad,Aedes sierrensis,Aedes sierrensis,unknown,Aedes sierrensis|field_argo,6c46f898b34c6ccb9f095cbb66f252a522185e459e7620827a057ba0f902619c,6c46f898b34c6ccb9f095cbb66f252a522185e459e7620827a057ba0f902619c,910540,,,,,.wav,sierrensis_uncurated_or_copy
data/raw/Aedes sierrensis/Aedes sierrensis/Argo11_sp2_13.wav,dryad,Aedes sierrensis,Aedes sierrensis,unknown,Aedes sierrensis|field_argo,759f494059523b6db09bba1000165076c9ebb9741bee9d6bea8be8e5ca0fb715,759f494059523b6db09bba1000165076c9ebb9741bee9d6bea8be8e5ca0fb715,151834,,,,,.wav,sierrensis_uncurated_or_copy
data/raw/Aedes sierrensis/Aedes sierrensis/Argo12_sp2_14.wav,dryad,Aedes sierrensis,Aedes sierrensis,unknown,Aedes sierrensis|field_argo,92ad58612a8b2c54534cfac173fbe2191091818077e3d7eb48e2d8c212f0f90e,92ad58612a8b2c54534cfac173fbe2191091818077e3d7eb48e2d8c212f0f90e,102600,,,,,.wav,sierrensis_uncurated_or_copy
data/raw/Aedes sierrensis/Aedes sierrensis/Argo13_sp2_16.wav,dryad,Aedes sierrensis,Aedes sierrensis,unknown,Aedes sierrensis|field_argo,1511a5baf4040fa0bb7e1a5c719d57d1e98b906cbeef365e5e3c9c2910603851,1511a5baf4040fa0bb7e1a5c719d57d1e98b906cbeef365e5e3c9c2910603851,55942,,,,,.wav,sierrensis_uncurated_or_copy
data/raw/Aedes sierrensis/Aedes sierrensis/Argo14_sp2_17.wav,dryad,Aedes sierrensis,Aedes sierrensis,unknown,Aedes sierrensis|field_argo,c50bf2ad43fea59254f2d5d6ea2d015093f3d026a7c77935ac9d23d8c790f318,c50bf2ad43fea59254f2d5d6ea2d015093f3d026a7c77935ac9d23d8c790f318,20410,,,,,.wav,sierrensis_uncurated_or_copy
data/raw/Aedes sierrensis/Aedes sierrensis/Argo15_sp2_18.wav,dryad,Aedes sierrensis,Aedes sierrensis,unknown,Aedes sierrensis|field_argo,d794ddb2015ce10bf153b29235fb7836df64a5706628e50e884dbe6054fa4f21,d794ddb2015ce10bf153b29235fb7836df64a5706628e50e884dbe6054fa4f21,52522,,,,,.wav,sierrensis_uncurated_or_copy
data/raw/Aedes sierrensis/Aedes sierrensis/Argo1_sp2_1.wav,dryad,Aedes sierrensis,Aedes sierrensis,unknown,Aedes sierrensis|field_argo,b1b701cc46a6efd8e92c0b366d18d5b051878aa283777098169a4fd6021e0438,b1b701cc46a6efd8e92c0b366d18d5b051878aa283777098169a4fd6021e0438,334030,,,,,.wav,sierrensis_uncurated_or_copy
data/raw/Aedes sierrensis/Aedes sierrensis/Argo2_sp2_2.wav,dryad,Aedes sierrensis,Aedes sierrensis,unknown,Aedes sierrensis|field_argo,e1284fb0f4ee245208fa68655bf67b5ed1b4dde223d78329470da47ef8e4a719,e1284fb0f4ee245208fa68655bf67b5ed1b4dde223d78329470da47ef8e4a719,48724,,,,,.wav,sierrensis_uncurated_or_copy
data/raw/Aedes sierrensis/Aedes sierrensis/Argo3_sp2_4.wav,dryad,Aedes sierrensis,Aedes sierrensis,unknown,Aedes sierrensis|field_argo,5a2a5ca8f629885eed9e7351bddcb219ea385709658771ca477ac7e3f1b67c89,5a2a5ca8f629885eed9e7351bddcb219ea385709658771ca477ac7e3f1b67c89,56532,,,,,.wav,sierrensis_uncurated_or_copy
data/raw/Aedes sierrensis/Aedes sierrensis/Argo4_sp2_6.wav,dryad,Aedes sierrensis,Aedes sierrensis,unknown,Aedes sierrensis|field_argo,2ea28126c003c1d0cba0f88920dd5e1804a2238137de56eb97d10fc88f616087,2ea28126c003c1d0cba0f88920dd5e1804a2238137de56eb97d10fc88f616087,313962,,,,,.wav,sierrensis_uncurated_or_copy
data/raw/Aedes sierrensis/Aedes sierrensis/Argo5_sp2_5.wav,dryad,Aedes sierrensis,Aedes sierrensis,unknown,Aedes sierrensis|field_argo,bef3b23eefefe0cb0f4f075eef1596a1d49e78e621668e72ba85d4c22d467234,bef3b23eefefe0cb0f4f075eef1596a1d49e78e621668e72ba85d4c22d467234,31214,,,,,.wav,sierrensis_uncurated_or_copy
data/raw/Aedes sierrensis/Aedes sierrensis/Argo6_sp2_7.wav,dryad,Aedes sierrensis,Aedes sierrensis,unknown,Aedes sierrensis|field_argo,0e2277fbd9ffcafd24a3dc19640ead7a5665ee67b8a5355a82dd39e5bbb5ee0b,0e2277fbd9ffcafd24a3dc19640ead7a5665ee67b8a5355a82dd39e5bbb5ee0b,12842,,,,,.wav,sierrensis_uncurated_or_copy
data/raw/Aedes sierrensis/Aedes sierrensis/Argo7_sp2_8.wav,dryad,Aedes sierrensis,Aedes sierrensis,unknown,Aedes sierrensis|field_argo,6c494deb037f559203815d13dd2558669706a41e086caee97b4fd8ed11f02679,6c494deb037f559203815d13dd2558669706a41e086caee97b4fd8ed11f02679,189806,,,,,.wav,sierrensis_uncurated_or_copy
data/raw/Aedes sierrensis/Aedes sierrensis/Argo8_sp2_10.wav,dryad,Aedes sierrensis,Aedes sierrensis,unknown,Aedes sierrensis|field_argo,90fa42544acd99c700850a2f48d3bf71da913869f50236954e22a8d3c5cb318f,90fa42544acd99c700850a2f48d3bf71da913869f50236954e22a8d3c5cb318f,45196,,,,,.wav,sierrensis_uncurated_or_copy
data/raw/Aedes sierrensis/Aedes sierrensis/Argo9_sp2_11_a.wav,dryad,Aedes sierrensis,Aedes sierrensis,unknown,Aedes sierrensis|field_argo,6f7be61b12b7b7e39553964189ee6e8beeef2ee1eeb3fd3196277489b0fb5fdd,6f7be61b12b7b7e39553964189ee6e8beeef2ee1eeb3fd3196277489b0fb5fdd,680952,,,,,.wav,sierrensis_uncurated_or_copy
data/raw/Aedes sierrensis/Aedes sierrensis/Christine10_Trail Xing 6_57.wav,dryad,Aedes sierrensis,Aedes sierrensis,unknown,Aedes sierrensis|field_christine,9933dbfcc01248229f4b1480c8b76acd80f6dc59d87213fae483063b83a5112c,9933dbfcc01248229f4b1480c8b76acd80f6dc59d87213fae483063b83a5112c,533610,,,,,.wav,sierrensis_uncurated_or_copy
data/raw/Aedes sierrensis/Aedes sierrensis/Christine11_Trail Xing 7_04.wav,dryad,Aedes sierrensis,Aedes sierrensis,unknown,Aedes sierrensis|field_christine,55ea6c15e9eedc28c9a6d9b542b81b9d255ea731cd89dc650935a368f8249872,55ea6c15e9eedc28c9a6d9b542b81b9d255ea731cd89dc650935a368f8249872,1073726,,,,,.wav,sierrensis_uncurated_or_copy
data/raw/Aedes sierrensis/Aedes sierrensis/Christine12_Trail Xing 7_05.wav,dryad,Aedes sierrensis,Aedes sierrensis,unknown,Aedes sierrensis|field_christine,d63c0227cdbe9055b153a0504ca771a651384b46ea40246b0665bbc40c20b883,d63c0227cdbe9055b153a0504ca771a651384b46ea40246b0665bbc40c20b883,316852,,,,,.wav,sierrensis_uncurated_or_copy
data/raw/Aedes sierrensis/Aedes sierrensis/Christine13_Trail Xing 7_20.wav,dryad,Aedes sierrensis,Aedes sierrensis,unknown,Aedes sierrensis|field_christine,7725aab857f8abef86aa1b0e450fd373c5eabe2625889e26d8b671684fade16d,7725aab857f8abef86aa1b0e450fd373c5eabe2625889e26d8b671684fade16d,341586,,,,,.wav,sierrensis_uncurated_or_copy
data/raw/Aedes sierrensis/Aedes sierrensis/Christine1_2 Mosquitoes East Ridge 6_37.wav,dryad,Aedes sierrensis,Aedes sierrensis,unknown,Aedes sierrensis|field_christine,420fc636546adf29d2618d2fcf1defb0325b5c548200cfc6d8f7ea4823217ea6,420fc636546adf29d2618d2fcf1defb0325b5c548200cfc6d8f7ea4823217ea6,449818,,,,,.wav,sierrensis_uncurated_or_copy
data/raw/Aedes sierrensis/Aedes sierrensis/Christine2_At Trail Crossing 2 6_44.wav,dryad,Aedes sierrensis,Aedes sierrensis,unknown,Aedes sierrensis|field_christine,01823add823661b2760f31924b93aa0c6ce7b72120489397544ec017c3c42886,01823add823661b2760f31924b93aa0c6ce7b72120489397544ec017c3c42886,31720,,,,,.wav,sierrensis_uncurated_or_copy
data/raw/Aedes sierrensis/Aedes sierrensis/Christine3_At Trail Crossing. 6_43.wav,dryad,Aedes sierrensis,Aedes sierrensis,unknown,Aedes sierrensis|field_christine,56710914a6b6f6cad1233ec233b7b3a41f0ab033ad01b15dce26832e7e20c4b5,56710914a6b6f6cad1233ec233b7b3a41f0ab033ad01b15dce26832e7e20c4b5,171092,,,,,.wav,sierrensis_uncurated_or_copy
data/raw/Aedes sierrensis/Aedes sierrensis/Christine4_At Trail Xing Multiple 6_46.wav,dryad,Aedes sierrensis,Aedes sierrensis,unknown,Aedes sierrensis|field_christine,1e9b8f13da7dd711e1f950cb64ffdf5302902d3baa920589b0ca37682e3c38b9,1e9b8f13da7dd711e1f950cb64ffdf5302902d3baa920589b0ca37682e3c38b9,250480,,,,,.wav,sierrensis_uncurated_or_copy
data/raw/Aedes sierrensis/Aedes sierrensis/Christine5_East ridge 2 Not In Bag 6_34.wav,dryad,Aedes sierrensis,Aedes sierrensis,unknown,Aedes sierrensis|field_christine,b7cb4e092f2539e99aeb47fb2da162f67260bd92516b5529a16ec8bcea4669a3,b7cb4e092f2539e99aeb47fb2da162f67260bd92516b5529a16ec8bcea4669a3,350408,,,,,.wav,sierrensis_uncurated_or_copy
data/raw/Aedes sierrensis/Aedes sierrensis/Christine6_East Ridge Trail 6_27p.wav,dryad,Aedes sierrensis,Aedes sierrensis,unknown,Aedes sierrensis|field_christine,7570773f1700a36651615036dcb14a8fee12cacabfe2d2fef258db6ac8ebe14d,7570773f1700a36651615036dcb14a8fee12cacabfe2d2fef258db6ac8ebe14d,175384,,,,,.wav,sierrensis_uncurated_or_copy
data/raw/Aedes sierrensis/Aedes sierrensis/Christine7_In the bag.wav,dryad,Aedes sierrensis,Aedes sierrensis,unknown,Aedes sierrensis|field_christine,4dd96c4dfebe1d0d8c54fe392c1f0d2e83ce6339823084f45520d4005627281e,4dd96c4dfebe1d0d8c54fe392c1f0d2e83ce6339823084f45520d4005627281e,75046,,,,,.wav,sierrensis_uncurated_or_copy
data/raw/Aedes sierrensis/Aedes sierrensis/Christine8_Multiple Swarming Trail Xing 6_52.wav,dryad,Aedes sierrensis,Aedes sierrensis,unknown,Aedes sierrensis|field_christine,dce97197792e33f5d721fb151052cfcfee5a755dc5e4bdb3c12572f06be3c32c,dce97197792e33f5d721fb151052cfcfee5a755dc5e4bdb3c12572f06be3c32c,1529572,,,,,.wav,sierrensis_uncurated_or_copy
data/raw/Aedes sierrensis/Aedes sierrensis/Christine9_Trail Xing 6_54.wav,dryad,Aedes sierrensis,Aedes sierrensis,unknown,Aedes sierrensis|field_christine,ecb514d79c7132fe7e29e54b83b7d9a4f8efc72fd3f8ba30fd28572e09413f9c,ecb514d79c7132fe7e29e54b83b7d9a4f8efc72fd3f8ba30fd28572e09413f9c,54620,,,,,.wav,sierrensis_uncurated_or_copy
data/raw/Aedes sierrensis/Aedes sierrensis/CleanedData_SnippedToIsolateMosquitoSounds/AL1.wav,dryad,Aedes sierrensis,Aedes sierrensis,unknown,Aedes sierrensis|field_al,973627ae9f702d13d9373d3d278939b192effc848e7aa0ebf2f2f8672cd8cbbc,973627ae9f702d13d9373d3d278939b192effc848e7aa0ebf2f2f8672cd8cbbc,221458,44100.0,1.0,2.5083900226757367,PCM_16,.wav,
data/raw/Aedes sierrensis/Aedes sierrensis/CleanedData_SnippedToIsolateMosquitoSounds/AL2.wav,dryad,Aedes sierrensis,Aedes sierrensis,unknown,Aedes sierrensis|field_al,2c1ed26fb1d850b587699c973c86cad8d98bcba085dc414946bf86fe343452d8,2c1ed26fb1d850b587699c973c86cad8d98bcba085dc414946bf86fe343452d8,59374,44100.0,1.0,0.670702947845805,PCM_16,.wav,shorter_than_window
data/raw/Aedes sierrensis/Aedes sierrensis/CleanedData_SnippedToIsolateMosquitoSounds/AL3.wav,dryad,Aedes sierrensis,Aedes sierrensis,unknown,Aedes sierrensis|field_al,e8b94516a1090974174fa76337129be955f24a94f205f0227a6e40de531e3a57,e8b94516a1090974174fa76337129be955f24a94f205f0227a6e40de531e3a57,174728,44100.0,1.0,1.9785714285714286,PCM_16,.wav,
data/raw/Aedes sierrensis/Aedes sierrensis/CleanedData_SnippedToIsolateMosquitoSounds/AL4.wav,dryad,Aedes sierrensis,Aedes sierrensis,unknown,Aedes sierrensis|field_al,e6cd5b16035da23c65d642f4f18a317087d92755fb30fe78fe753d8bcae33146,e6cd5b16035da23c65d642f4f18a317087d92755fb30fe78fe753d8bcae33146,153960,44100.0,1.0,1.7431065759637188,PCM_16,.wav,
data/raw/Aedes sierrensis/Aedes sierrensis/CleanedData_SnippedToIsolateMosquitoSounds/AL5.wav,dryad,Aedes sierrensis,Aedes sierrensis,unknown,Aedes sierrensis|field_al,2f8bed559073935d5976b9f27e0322d4d0e139e0aebd56f1624a32bdd132ea55,2f8bed559073935d5976b9f27e0322d4d0e139e0aebd56f1624a32bdd132ea55,145706,44100.0,1.0,1.6495238095238096,PCM_16,.wav,
data/raw/Aedes sierrensis/Aedes sierrensis/CleanedData_SnippedToIsolateMosquitoSounds/AL6.wav,dryad,Aedes sierrensis,Aedes sierrensis,unknown,Aedes sierrensis|field_al,86433e68024f615b333fa927e863960b131b281335037f7e82743630b42d2a34,86433e68024f615b333fa927e863960b131b281335037f7e82743630b42d2a34,1091752,44100.0,1.0,12.375668934240363,PCM_16,.wav,
data/raw/Aedes sierrensis/Aedes sierrensis/CleanedData_SnippedToIsolateMosquitoSounds/Argo10_sp2_12_multiple.wav,dryad,Aedes sierrensis,Aedes sierrensis,unknown,Aedes sierrensis|field_argo,6c46f898b34c6ccb9f095cbb66f252a522185e459e7620827a057ba0f902619c,6c46f898b34c6ccb9f095cbb66f252a522185e459e7620827a057ba0f902619c,910540,44100.0,1.0,10.323083900226758,PCM_16,.wav,
data/raw/Aedes sierrensis/Aedes sierrensis/CleanedData_SnippedToIsolateMosquitoSounds/Argo11_sp2_13.wav,dryad,Aedes sierrensis,Aedes sierrensis,unknown,Aedes sierrensis|field_argo,759f494059523b6db09bba1000165076c9ebb9741bee9d6bea8be8e5ca0fb715,759f494059523b6db09bba1000165076c9ebb9741bee9d6bea8be8e5ca0fb715,151834,44100.0,1.0,1.7209750566893425,PCM_16,.wav,
data/raw/Aedes sierrensis/Aedes sierrensis/CleanedData_SnippedToIsolateMosquitoSounds/Argo12_sp2_14.wav,dryad,Aedes sierrensis,Aedes sierrensis,unknown,Aedes sierrensis|field_argo,92ad58612a8b2c54534cfac173fbe2191091818077e3d7eb48e2d8c212f0f90e,92ad58612a8b2c54534cfac173fbe2191091818077e3d7eb48e2d8c212f0f90e,102600,44100.0,1.0,1.162766439909297,PCM_16,.wav,
data/raw/Aedes sierrensis/Aedes sierrensis/CleanedData_SnippedToIsolateMosquitoSounds/Argo13_sp2_16.wav,dryad,Aedes sierrensis,Aedes sierrensis,unknown,Aedes sierrensis|field_argo,1511a5baf4040fa0bb7e1a5c719d57d1e98b906cbeef365e5e3c9c2910603851,1511a5baf4040fa0bb7e1a5c719d57d1e98b906cbeef365e5e3c9c2910603851,55942,44100.0,1.0,0.6337641723356009,PCM_16,.wav,shorter_than_window
data/raw/Aedes sierrensis/Aedes sierrensis/CleanedData_SnippedToIsolateMosquitoSounds/Argo14_sp2_17.wav,dryad,Aedes sierrensis,Aedes sierrensis,unknown,Aedes sierrensis|field_argo,c50bf2ad43fea59254f2d5d6ea2d015093f3d026a7c77935ac9d23d8c790f318,c50bf2ad43fea59254f2d5d6ea2d015093f3d026a7c77935ac9d23d8c790f318,20410,44100.0,1.0,0.23090702947845804,PCM_16,.wav,shorter_than_window
data/raw/Aedes sierrensis/Aedes sierrensis/CleanedData_SnippedToIsolateMosquitoSounds/Argo15_sp2_18.wav,dryad,Aedes sierrensis,Aedes sierrensis,unknown,Aedes sierrensis|field_argo,d794ddb2015ce10bf153b29235fb7836df64a5706628e50e884dbe6054fa4f21,d794ddb2015ce10bf153b29235fb7836df64a5706628e50e884dbe6054fa4f21,52522,44100.0,1.0,0.5949886621315192,PCM_16,.wav,shorter_than_window
data/raw/Aedes sierrensis/Aedes sierrensis/CleanedData_SnippedToIsolateMosquitoSounds/Argo1_sp2_1.wav,dryad,Aedes sierrensis,Aedes sierrensis,unknown,Aedes sierrensis|field_argo,b1b701cc46a6efd8e92c0b366d18d5b051878aa283777098169a4fd6021e0438,b1b701cc46a6efd8e92c0b366d18d5b051878aa283777098169a4fd6021e0438,334030,44100.0,1.0,3.786689342403628,PCM_16,.wav,
data/raw/Aedes sierrensis/Aedes sierrensis/CleanedData_SnippedToIsolateMosquitoSounds/Argo2_sp2_2.wav,dryad,Aedes sierrensis,Aedes sierrensis,unknown,Aedes sierrensis|field_argo,e1284fb0f4ee245208fa68655bf67b5ed1b4dde223d78329470da47ef8e4a719,e1284fb0f4ee245208fa68655bf67b5ed1b4dde223d78329470da47ef8e4a719,48724,44100.0,1.0,0.5519274376417234,PCM_16,.wav,shorter_than_window
data/raw/Aedes sierrensis/Aedes sierrensis/CleanedData_SnippedToIsolateMosquitoSounds/Argo3_sp2_4.wav,dryad,Aedes sierrensis,Aedes sierrensis,unknown,Aedes sierrensis|field_argo,5a2a5ca8f629885eed9e7351bddcb219ea385709658771ca477ac7e3f1b67c89,5a2a5ca8f629885eed9e7351bddcb219ea385709658771ca477ac7e3f1b67c89,56532,44100.0,1.0,0.6404535147392291,PCM_16,.wav,shorter_than_window
data/raw/Aedes sierrensis/Aedes sierrensis/CleanedData_SnippedToIsolateMosquitoSounds/Argo4_sp2_6.wav,dryad,Aedes sierrensis,Aedes sierrensis,unknown,Aedes sierrensis|field_argo,2ea28126c003c1d0cba0f88920dd5e1804a2238137de56eb97d10fc88f616087,2ea28126c003c1d0cba0f88920dd5e1804a2238137de56eb97d10fc88f616087,313962,44100.0,1.0,3.5591609977324263,PCM_16,.wav,
data/raw/Aedes sierrensis/Aedes sierrensis/CleanedData_SnippedToIsolateMosquitoSounds/Argo5_sp2_5.wav,dryad,Aedes sierrensis,Aedes sierrensis,unknown,Aedes sierrensis|field_argo,bef3b23eefefe0cb0f4f075eef1596a1d49e78e621668e72ba85d4c22d467234,bef3b23eefefe0cb0f4f075eef1596a1d49e78e621668e72ba85d4c22d467234,31214,44100.0,1.0,0.35340136054421767,PCM_16,.wav,shorter_than_window
data/raw/Aedes sierrensis/Aedes sierrensis/CleanedData_SnippedToIsolateMosquitoSounds/Argo6_sp2_7.wav,dryad,Aedes sierrensis,Aedes sierrensis,unknown,Aedes sierrensis|field_argo,0e2277fbd9ffcafd24a3dc19640ead7a5665ee67b8a5355a82dd39e5bbb5ee0b,0e2277fbd9ffcafd24a3dc19640ead7a5665ee67b8a5355a82dd39e5bbb5ee0b,12842,44100.0,1.0,0.14510204081632652,PCM_16,.wav,shorter_than_window
data/raw/Aedes sierrensis/Aedes sierrensis/CleanedData_SnippedToIsolateMosquitoSounds/Argo7_sp2_8.wav,dryad,Aedes sierrensis,Aedes sierrensis,unknown,Aedes sierrensis|field_argo,6c494deb037f559203815d13dd2558669706a41e086caee97b4fd8ed11f02679,6c494deb037f559203815d13dd2558669706a41e086caee97b4fd8ed11f02679,189806,44100.0,1.0,2.1514965986394556,PCM_16,.wav,
data/raw/Aedes sierrensis/Aedes sierrensis/CleanedData_SnippedToIsolateMosquitoSounds/Argo8_sp2_10.wav,dryad,Aedes sierrensis,Aedes sierrensis,unknown,Aedes sierrensis|field_argo,90fa42544acd99c700850a2f48d3bf71da913869f50236954e22a8d3c5cb318f,90fa42544acd99c700850a2f48d3bf71da913869f50236954e22a8d3c5cb318f,45196,44100.0,1.0,0.5119274376417233,PCM_16,.wav,shorter_than_window
data/raw/Aedes sierrensis/Aedes sierrensis/CleanedData_SnippedToIsolateMosquitoSounds/Argo9_sp2_11_a.wav,dryad,Aedes sierrensis,Aedes sierrensis,unknown,Aedes sierrensis|field_argo,6f7be61b12b7b7e39553964189ee6e8beeef2ee1eeb3fd3196277489b0fb5fdd,6f7be61b12b7b7e39553964189ee6e8beeef2ee1eeb3fd3196277489b0fb5fdd,680952,44100.0,1.0,7.720045351473923,PCM_16,.wav,
data/raw/Aedes sierrensis/Aedes sierrensis/CleanedData_SnippedToIsolateMosquitoSounds/CK10_Trail Xing 6_57.wav,dryad,Aedes sierrensis,Aedes sierrensis,unknown,Aedes sierrensis|field_ck,9933dbfcc01248229f4b1480c8b76acd80f6dc59d87213fae483063b83a5112c,9933dbfcc01248229f4b1480c8b76acd80f6dc59d87213fae483063b83a5112c,533610,44100.0,1.0,6.047528344671202,PCM_16,.wav,
data/raw/Aedes sierrensis/Aedes sierrensis/CleanedData_SnippedToIsolateMosquitoSounds/CK11_Trail Xing 7_04.wav,dryad,Aedes sierrensis,Aedes sierrensis,unknown,Aedes sierrensis|field_ck,55ea6c15e9eedc28c9a6d9b542b81b9d255ea731cd89dc650935a368f8249872,55ea6c15e9eedc28c9a6d9b542b81b9d255ea731cd89dc650935a368f8249872,1073726,44100.0,1.0,12.171292517006803,PCM_16,.wav,
data/raw/Aedes sierrensis/Aedes sierrensis/CleanedData_SnippedToIsolateMosquitoSounds/CK12_Trail Xing 7_05.wav,dryad,Aedes sierrensis,Aedes sierrensis,unknown,Aedes sierrensis|field_ck,d63c0227cdbe9055b153a0504ca771a651384b46ea40246b0665bbc40c20b883,d63c0227cdbe9055b153a0504ca771a651384b46ea40246b0665bbc40c20b883,316852,44100.0,1.0,3.589954648526077,PCM_16,.wav,
data/raw/Aedes sierrensis/Aedes sierrensis/CleanedData_SnippedToIsolateMosquitoSounds/CK13_Trail Xing 7_20.wav,dryad,Aedes sierrensis,Aedes sierrensis,unknown,Aedes sierrensis|field_ck,7725aab857f8abef86aa1b0e450fd373c5eabe2625889e26d8b671684fade16d,7725aab857f8abef86aa1b0e450fd373c5eabe2625889e26d8b671684fade16d,341586,44100.0,1.0,3.8703854875283445,PCM_16,.wav,
data/raw/Aedes sierrensis/Aedes sierrensis/CleanedData_SnippedToIsolateMosquitoSounds/CK1_2 Mosquitoes East Ridge 6_37.wav,dryad,Aedes sierrensis,Aedes sierrensis,unknown,Aedes sierrensis|field_ck,420fc636546adf29d2618d2fcf1defb0325b5c548200cfc6d8f7ea4823217ea6,420fc636546adf29d2618d2fcf1defb0325b5c548200cfc6d8f7ea4823217ea6,449818,44100.0,1.0,5.09750566893424,PCM_16,.wav,
data/raw/Aedes sierrensis/Aedes sierrensis/CleanedData_SnippedToIsolateMosquitoSounds/CK2_At Trail Crossing 2 6_44.wav,dryad,Aedes sierrensis,Aedes sierrensis,unknown,Aedes sierrensis|field_ck,01823add823661b2760f31924b93aa0c6ce7b72120489397544ec017c3c42886,01823add823661b2760f31924b93aa0c6ce7b72120489397544ec017c3c42886,31720,44100.0,1.0,0.3571655328798186,PCM_16,.wav,shorter_than_window
data/raw/Aedes sierrensis/Aedes sierrensis/CleanedData_SnippedToIsolateMosquitoSounds/CK3_At Trail Crossing. 6_43.wav,dryad,Aedes sierrensis,Aedes sierrensis,unknown,Aedes sierrensis|field_ck,56710914a6b6f6cad1233ec233b7b3a41f0ab033ad01b15dce26832e7e20c4b5,56710914a6b6f6cad1233ec233b7b3a41f0ab033ad01b15dce26832e7e20c4b5,171092,44100.0,1.0,1.9373469387755102,PCM_16,.wav,
data/raw/Aedes sierrensis/Aedes sierrensis/CleanedData_SnippedToIsolateMosquitoSounds/CK4_At Trail Xing Multiple 6_46.wav,dryad,Aedes sierrensis,Aedes sierrensis,unknown,Aedes sierrensis|field_ck,1e9b8f13da7dd711e1f950cb64ffdf5302902d3baa920589b0ca37682e3c38b9,1e9b8f13da7dd711e1f950cb64ffdf5302902d3baa920589b0ca37682e3c38b9,250480,44100.0,1.0,2.837437641723356,PCM_16,.wav,
data/raw/Aedes sierrensis/Aedes sierrensis/CleanedData_SnippedToIsolateMosquitoSounds/CK5_East ridge 2 Not In Bag 6_34.wav,dryad,Aedes sierrensis,Aedes sierrensis,unknown,Aedes sierrensis|field_ck,b7cb4e092f2539e99aeb47fb2da162f67260bd92516b5529a16ec8bcea4669a3,b7cb4e092f2539e99aeb47fb2da162f67260bd92516b5529a16ec8bcea4669a3,350408,44100.0,1.0,3.970408163265306,PCM_16,.wav,
data/raw/Aedes sierrensis/Aedes sierrensis/CleanedData_SnippedToIsolateMosquitoSounds/CK6_East Ridge Trail 6_27p.wav,dryad,Aedes sierrensis,Aedes sierrensis,unknown,Aedes sierrensis|field_ck,7570773f1700a36651615036dcb14a8fee12cacabfe2d2fef258db6ac8ebe14d,7570773f1700a36651615036dcb14a8fee12cacabfe2d2fef258db6ac8ebe14d,175384,44100.0,1.0,1.9860090702947846,PCM_16,.wav,
data/raw/Aedes sierrensis/Aedes sierrensis/CleanedData_SnippedToIsolateMosquitoSounds/CK7_In the bag.wav,dryad,Aedes sierrensis,Aedes sierrensis,unknown,Aedes sierrensis|field_ck,4dd96c4dfebe1d0d8c54fe392c1f0d2e83ce6339823084f45520d4005627281e,4dd96c4dfebe1d0d8c54fe392c1f0d2e83ce6339823084f45520d4005627281e,75046,44100.0,1.0,0.8483900226757369,PCM_16,.wav,shorter_than_window
data/raw/Aedes sierrensis/Aedes sierrensis/CleanedData_SnippedToIsolateMosquitoSounds/CK8_Multiple Swarming Trail Xing 6_52.wav,dryad,Aedes sierrensis,Aedes sierrensis,unknown,Aedes sierrensis|field_ck,dce97197792e33f5d721fb151052cfcfee5a755dc5e4bdb3c12572f06be3c32c,dce97197792e33f5d721fb151052cfcfee5a755dc5e4bdb3c12572f06be3c32c,1529572,44100.0,1.0,17.339614512471655,PCM_16,.wav,
data/raw/Aedes sierrensis/Aedes sierrensis/CleanedData_SnippedToIsolateMosquitoSounds/CK9_Trail Xing 6_54.wav,dryad,Aedes sierrensis,Aedes sierrensis,unknown,Aedes sierrensis|field_ck,ecb514d79c7132fe7e29e54b83b7d9a4f8efc72fd3f8ba30fd28572e09413f9c,ecb514d79c7132fe7e29e54b83b7d9a4f8efc72fd3f8ba30fd28572e09413f9c,54620,44100.0,1.0,0.6168027210884354,PCM_16,.wav,shorter_than_window
data/raw/Aedes sierrensis/Aedes sierrensis/CleanedData_SnippedToIsolateMosquitoSounds/DK10_1824.wav,dryad,Aedes sierrensis,Aedes sierrensis,unknown,Aedes sierrensis|field_dk,f387a9de47db8aafeeb342e62abe6a2398de938125295634ac73d1c7230f73cd,f387a9de47db8aafeeb342e62abe6a2398de938125295634ac73d1c7230f73cd,913244,44100.0,1.0,10.353741496598639,PCM_16,.wav,
data/raw/Aedes sierrensis/Aedes sierrensis/CleanedData_SnippedToIsolateMosquitoSounds/DK11_1856.wav,dryad,Aedes sierrensis,Aedes sierrensis,unknown,Aedes sierrensis|field_dk,ab4dd03a1fdbf65e3667b5f9ddd065f3310f4189723becf92c84ac56a2804b0a,ab4dd03a1fdbf65e3667b5f9ddd065f3310f4189723becf92c84ac56a2804b0a,210978,44100.0,1.0,2.391541950113379,PCM_16,.wav,
data/raw/Aedes sierrensis/Aedes sierrensis/CleanedData_SnippedToIsolateMosquitoSounds/DK12_1913.wav,dryad,Aedes sierrensis,Aedes sierrensis,unknown,Aedes sierrensis|field_dk,db29442232e1ed219a59e590121be0513e3a21d26f775e949412329edbd03631,db29442232e1ed219a59e590121be0513e3a21d26f775e949412329edbd03631,7554,44100.0,1.0,0.08514739229024944,PCM_16,.wav,shorter_than_window
data/raw/Aedes sierrensis/Aedes sierrensis/CleanedData_SnippedToIsolateMosquitoSounds/DK13_1914.wav,dryad,Aedes sierrensis,Aedes sierrensis,unknown,Aedes sierrensis|field_dk,f10c9612acd33da4ee71d1b16c0855547d8a791ae566af42d39402475597d626,f10c9612acd33da4ee71d1b16c0855547d8a791ae566af42d39402475597d626,63822,44100.0,1.0,0.7231065759637189,PCM_16,.wav,shorter_than_window
data/raw/Aedes sierrensis/Aedes sierrensis/CleanedData_SnippedToIsolateMosquitoSounds/DK14_1915.wav,dryad,Aedes sierrensis,Aedes sierrensis,unknown,Aedes sierrensis|field_dk,c6caa8840e71e2f979a7d49fd838973c8baf4bcdc0acebbb1a63d6d0256ca643,c6caa8840e71e2f979a7d49fd838973c8baf4bcdc0acebbb1a63d6d0256ca643,10830,44100.0,1.0,0.12229024943310658,PCM_16,.wav,shorter_than_window
data/raw/Aedes sierrensis/Aedes sierrensis/CleanedData_SnippedToIsolateMosquitoSounds/DK15_1916.wav,dryad,Aedes sierrensis,Aedes sierrensis,unknown,Aedes sierrensis|field_dk,f7072c7e9a2f2d7267a5ad87484f0e89f04d316b0e4030cf6842df82398f9c86,f7072c7e9a2f2d7267a5ad87484f0e89f04d316b0e4030cf6842df82398f9c86,129306,44100.0,1.0,1.4655555555555555,PCM_16,.wav,
data/raw/Aedes sierrensis/Aedes sierrensis/CleanedData_SnippedToIsolateMosquitoSounds/DK16_1917.wav,dryad,Aedes sierrensis,Aedes sierrensis,unknown,Aedes sierrensis|field_dk,3cc148e67b0924959734d47b6e9ce967a9a0ce14ac65b46ebdc24875cf045e24,3cc148e67b0924959734d47b6e9ce967a9a0ce14ac65b46ebdc24875cf045e24,360832,44100.0,1.0,4.090566893424036,PCM_16,.wav,
data/raw/Aedes sierrensis/Aedes sierrensis/CleanedData_SnippedToIsolateMosquitoSounds/DK17_1918.wav,dryad,Aedes sierrensis,Aedes sierrensis,unknown,Aedes sierrensis|field_dk,4ee634d6930028ec612cf0ba4a91919fb81902cdc787125dd95307a7fe5c4c62,4ee634d6930028ec612cf0ba4a91919fb81902cdc787125dd95307a7fe5c4c62,365012,44100.0,1.0,4.13795918367347,PCM_16,.wav,
data/raw/Aedes sierrensis/Aedes sierrensis/CleanedData_SnippedToIsolateMosquitoSounds/DK18_1919.wav,dryad,Aedes sierrensis,Aedes sierrensis,unknown,Aedes sierrensis|field_dk,c97ae00a6f04b02b12a3efc004e6f944571c4848a8c9eaf51d0f34dbc2e85bab,c97ae00a6f04b02b12a3efc004e6f944571c4848a8c9eaf51d0f34dbc2e85bab,70730,44100.0,1.0,0.8014285714285714,PCM_16,.wav,shorter_than_window
data/raw/Aedes sierrensis/Aedes sierrensis/CleanedData_SnippedToIsolateMosquitoSounds/DK19_1921.wav,dryad,Aedes sierrensis,Aedes sierrensis,unknown,Aedes sierrensis|field_dk,0d78e0c5597c29370a8fd079f6b335c8c8f4437f375559aff451546298020c5c,0d78e0c5597c29370a8fd079f6b335c8c8f4437f375559aff451546298020c5c,34316,44100.0,1.0,0.38857142857142857,PCM_16,.wav,shorter_than_window
data/raw/Aedes sierrensis/Aedes sierrensis/CleanedData_SnippedToIsolateMosquitoSounds/DK1_1801.wav,dryad,Aedes sierrensis,Aedes sierrensis,unknown,Aedes sierrensis|field_dk,1d9a13eeda72959708157ebf93dd1e817ba7dfb2c68e9e9287e318544a7a7b06,1d9a13eeda72959708157ebf93dd1e817ba7dfb2c68e9e9287e318544a7a7b06,15400,44100.0,1.0,0.17410430839002267,PCM_16,.wav,shorter_than_window
data/raw/Aedes sierrensis/Aedes sierrensis/CleanedData_SnippedToIsolateMosquitoSounds/DK20_1922.wav,dryad,Aedes sierrensis,Aedes sierrensis,unknown,Aedes sierrensis|field_dk,d7148a50cbb82a5b3b8f7dfa8b6f8111fa59d90fb158d506d40d2d790ec05f0b,d7148a50cbb82a5b3b8f7dfa8b6f8111fa59d90fb158d506d40d2d790ec05f0b,127640,44100.0,1.0,1.4466666666666668,PCM_16,.wav,
data/raw/Aedes sierrensis/Aedes sierrensis/CleanedData_SnippedToIsolateMosquitoSounds/DK21_1923.wav,dryad,Aedes sierrensis,Aedes sierrensis,unknown,Aedes sierrensis|field_dk,953e83f88432023851f0f8d74c1d10c4e0a04934f8131594ac5cdb566ca0b97c,953e83f88432023851f0f8d74c1d10c4e0a04934f8131594ac5cdb566ca0b97c,197850,44100.0,1.0,2.2426984126984126,PCM_16,.wav,
data/raw/Aedes sierrensis/Aedes sierrensis/CleanedData_SnippedToIsolateMosquitoSounds/DK22_1926.wav,dryad,Aedes sierrensis,Aedes sierrensis,unknown,Aedes sierrensis|field_dk,21f9211344ca3d4e79899a7c8221502f92dbd8b318ce00813ea035fbc1a09e84,21f9211344ca3d4e79899a7c8221502f92dbd8b318ce00813ea035fbc1a09e84,158288,44100.0,1.0,1.7941496598639455,PCM_16,.wav,
data/raw/Aedes sierrensis/Aedes sierrensis/CleanedData_SnippedToIsolateMosquitoSounds/DK23_2001.wav,dryad,Aedes sierrensis,Aedes sierrensis,unknown,Aedes sierrensis|field_dk,067b9a4927035c35f7b0242012b316baee3147f5e713a78fcaf620f084413917,067b9a4927035c35f7b0242012b316baee3147f5e713a78fcaf620f084413917,40254,44100.0,1.0,0.45589569160997734,PCM_16,.wav,shorter_than_window
data/raw/Aedes sierrensis/Aedes sierrensis/CleanedData_SnippedToIsolateMosquitoSounds/DK24_2002.wav,dryad,Aedes sierrensis,Aedes sierrensis,unknown,Aedes sierrensis|field_dk,bc1d7478ebaee89c0e711ce05bae72fd4019aa60e5c55e107f3ea6945f7a3a9c,bc1d7478ebaee89c0e711ce05bae72fd4019aa60e5c55e107f3ea6945f7a3a9c,84562,44100.0,1.0,0.9582539682539682,PCM_16,.wav,shorter_than_window
data/raw/Aedes sierrensis/Aedes sierrensis/CleanedData_SnippedToIsolateMosquitoSounds/DK25_2003.wav,dryad,Aedes sierrensis,Aedes sierrensis,unknown,Aedes sierrensis|field_dk,c4be09983294fae78be4a15671bd794999869b896caf3149ceed1484f44e33b0,c4be09983294fae78be4a15671bd794999869b896caf3149ceed1484f44e33b0,14130,44100.0,1.0,0.15970521541950114,PCM_16,.wav,shorter_than_window
data/raw/Aedes sierrensis/Aedes sierrensis/CleanedData_SnippedToIsolateMosquitoSounds/DK26_2004.wav,dryad,Aedes sierrensis,Aedes sierrensis,unknown,Aedes sierrensis|field_dk,2d632fa5d272fa1a1d5b5bdcb56e9a0c8172a37d14e7af3ed99a1949c3b51467,2d632fa5d272fa1a1d5b5bdcb56e9a0c8172a37d14e7af3ed99a1949c3b51467,45050,44100.0,1.0,0.5102721088435375,PCM_16,.wav,shorter_than_window
data/raw/Aedes sierrensis/Aedes sierrensis/CleanedData_SnippedToIsolateMosquitoSounds/DK27_2005.wav,dryad,Aedes sierrensis,Aedes sierrensis,unknown,Aedes sierrensis|field_dk,b83583a4522c557a40ef54a5df21fb67025c4282758c354ea52bb0967ebb6da7,b83583a4522c557a40ef54a5df21fb67025c4282758c354ea52bb0967ebb6da7,14056,44100.0,1.0,0.15886621315192745,PCM_16,.wav,shorter_than_window
data/raw/Aedes sierrensis/Aedes sierrensis/CleanedData_SnippedToIsolateMosquitoSounds/DK2_1801.wav,dryad,Aedes sierrensis,Aedes sierrensis,unknown,Aedes sierrensis|field_dk,4b613d78de7e48d090e849c9008cf18b7676e1585b614b92d9d7b8b64aff684d,4b613d78de7e48d090e849c9008cf18b7676e1585b614b92d9d7b8b64aff684d,21712,44100.0,1.0,0.24566893424036282,PCM_16,.wav,shorter_than_window
data/raw/Aedes sierrensis/Aedes sierrensis/CleanedData_SnippedToIsolateMosquitoSounds/DK3_1811.wav,dryad,Aedes sierrensis,Aedes sierrensis,unknown,Aedes sierrensis|field_dk,e9bbfe8117c3a0f88eb243c70fdaa1b9cf528bf48edbee3b04ce17510ce2b463,e9bbfe8117c3a0f88eb243c70fdaa1b9cf528bf48edbee3b04ce17510ce2b463,183424,44100.0,1.0,2.079138321995465,PCM_16,.wav,
data/raw/Aedes sierrensis/Aedes sierrensis/CleanedData_SnippedToIsolateMosquitoSounds/DK4_1813.wav,dryad,Aedes sierrensis,Aedes sierrensis,unknown,Aedes sierrensis|field_dk,4c04daacc6081c11d7257d41a6bbe17ec6a87c3f7f716c087e632954c9a6bc91,4c04daacc6081c11d7257d41a6bbe17ec6a87c3f7f716c087e632954c9a6bc91,4680,44100.0,1.0,0.05256235827664399,PCM_16,.wav,shorter_than_window
data/raw/Aedes sierrensis/Aedes sierrensis/CleanedData_SnippedToIsolateMosquitoSounds/DK5_1815.wav,dryad,Aedes sierrensis,Aedes sierrensis,unknown,Aedes sierrensis|field_dk,2e81ad80ff9e2e6abcea92abed2a1f81297fb0f9e228514a1234062285a8f9ad,2e81ad80ff9e2e6abcea92abed2a1f81297fb0f9e228514a1234062285a8f9ad,11592,44100.0,1.0,0.1309297052154195,PCM_16,.wav,shorter_than_window
data/raw/Aedes sierrensis/Aedes sierrensis/CleanedData_SnippedToIsolateMosquitoSounds/DK6_1820.wav,dryad,Aedes sierrensis,Aedes sierrensis,unknown,Aedes sierrensis|field_dk,5db575722a7b656205b9c1b24295f7333c2937e0d4aa044b7f62d29a0dcf72a9,5db575722a7b656205b9c1b24295f7333c2937e0d4aa044b7f62d29a0dcf72a9,35774,44100.0,1.0,0.4051020408163265,PCM_16,.wav,shorter_than_window
data/raw/Aedes sierrensis/Aedes sierrensis/CleanedData_SnippedToIsolateMosquitoSounds/DK7_1821.wav,dryad,Aedes sierrensis,Aedes sierrensis,unknown,Aedes sierrensis|field_dk,ea9e55bc7fbb9125d64261161628564e6894a6096941979ac9802f96ba5bd07c,ea9e55bc7fbb9125d64261161628564e6894a6096941979ac9802f96ba5bd07c,28436,44100.0,1.0,0.3219047619047619,PCM_16,.wav,shorter_than_window
data/raw/Aedes sierrensis/Aedes sierrensis/CleanedData_SnippedToIsolateMosquitoSounds/DK8_1822.wav,dryad,Aedes sierrensis,Aedes sierrensis,unknown,Aedes sierrensis|field_dk,5d284de985ecc58a62dac2322c292c053b92e6b3873619a6f4987f792a29cbed,5d284de985ecc58a62dac2322c292c053b92e6b3873619a6f4987f792a29cbed,500046,44100.0,1.0,5.6689569160997735,PCM_16,.wav,
data/raw/Aedes sierrensis/Aedes sierrensis/CleanedData_SnippedToIsolateMosquitoSounds/DK9_1823.wav,dryad,Aedes sierrensis,Aedes sierrensis,unknown,Aedes sierrensis|field_dk,d353142a26a30daf69ae118be22be84462f53a2b6918ee7dfbda7f59b9b91334,d353142a26a30daf69ae118be22be84462f53a2b6918ee7dfbda7f59b9b91334,22748,44100.0,1.0,0.2574149659863946,PCM_16,.wav,shorter_than_window
data/raw/Aedes sierrensis/Aedes sierrensis/CleanedData_SnippedToIsolateMosquitoSounds/FH1_Cross Pine East 1.wav,dryad,Aedes sierrensis,Aedes sierrensis,unknown,Aedes sierrensis|field_fh,398292c9fc1c7ed259515554896e2a3da24419e23c0d9e76de9dcb2402a3a930,398292c9fc1c7ed259515554896e2a3da24419e23c0d9e76de9dcb2402a3a930,813124,44100.0,1.0,9.216621315192743,PCM_16,.wav,
data/raw/Aedes sierrensis/Aedes sierrensis/CleanedData_SnippedToIsolateMosquitoSounds/FH2_Peak 1 (1).wav,dryad,Aedes sierrensis,Aedes sierrensis,unknown,Aedes sierrensis|field_fh,06cabe7dfcc1146fb1ef46ba92b980bb27f61ec4e02b07064f46759e79c78fd1,06cabe7dfcc1146fb1ef46ba92b980bb27f61ec4e02b07064f46759e79c78fd1,1316132,44100.0,1.0,14.919659863945578,PCM_16,.wav,
data/raw/Aedes sierrensis/Aedes sierrensis/CleanedData_SnippedToIsolateMosquitoSounds/FH3_Peak 1.wav,dryad,Aedes sierrensis,Aedes sierrensis,unknown,Aedes sierrensis|field_fh,df36a62e0f41c1cf5e40d5e2b151ff5dfb73eebd1eaab3b1d4f1a7b2869636a7,df36a62e0f41c1cf5e40d5e2b151ff5dfb73eebd1eaab3b1d4f1a7b2869636a7,947674,44100.0,1.0,10.742131519274377,PCM_16,.wav,
data/raw/Aedes sierrensis/Aedes sierrensis/CleanedData_SnippedToIsolateMosquitoSounds/HP1_185015.wav,dryad,Aedes sierrensis,Aedes sierrensis,unknown,Aedes sierrensis|field_hp,95d47fe288a49652135f7d87e6b151bdbb1769286f023cfa005250dd2f1f5307,95d47fe288a49652135f7d87e6b151bdbb1769286f023cfa005250dd2f1f5307,411822,44100.0,1.0,4.668684807256236,PCM_16,.wav,
data/raw/Aedes sierrensis/Aedes sierrensis/CleanedData_SnippedToIsolateMosquitoSounds/HP2_192005.wav,dryad,Aedes sierrensis,Aedes sierrensis,unknown,Aedes sierrensis|field_hp,c5d084295133943d2c6aae6ab50a0e25c76ed771bbfe0dbc86f84714e17d719d,c5d084295133943d2c6aae6ab50a0e25c76ed771bbfe0dbc86f84714e17d719d,39596,44100.0,1.0,0.44843537414965984,PCM_16,.wav,shorter_than_window
data/raw/Aedes sierrensis/Aedes sierrensis/CleanedData_SnippedToIsolateMosquitoSounds/HP3_1923c.wav,dryad,Aedes sierrensis,Aedes sierrensis,unknown,Aedes sierrensis|field_hp,b080b37e9b882a87de20742c588804ef85a815f3d755ab696299ff663e91d3cd,b080b37e9b882a87de20742c588804ef85a815f3d755ab696299ff663e91d3cd,353698,44100.0,1.0,4.009682539682539,PCM_16,.wav,
data/raw/Aedes sierrensis/Aedes sierrensis/CleanedData_SnippedToIsolateMosquitoSounds/HP4_1923b.wav,dryad,Aedes sierrensis,Aedes sierrensis,unknown,Aedes sierrensis|field_hp,176b4f8a107891f7440ba234ea6d6c2a59d1eaba5ad185baa68f266d11951195,176b4f8a107891f7440ba234ea6d6c2a59d1eaba5ad185baa68f266d11951195,780254,44100.0,1.0,8.845918367346938,PCM_16,.wav,
data/raw/Aedes sierrensis/Aedes sierrensis/CleanedData_SnippedToIsolateMosquitoSounds/HP5_1923a.wav,dryad,Aedes sierrensis,Aedes sierrensis,unknown,Aedes sierrensis|field_hp,a69283d552c3b5d3028bddbac0c8e6e85f0479daaa64e13b8ece4306ceb473c8,a69283d552c3b5d3028bddbac0c8e6e85f0479daaa64e13b8ece4306ceb473c8,267534,44100.0,1.0,3.032766439909297,PCM_16,.wav,
data/raw/Aedes sierrensis/Aedes sierrensis/CleanedData_SnippedToIsolateMosquitoSounds/LK1_Summit1.wav,dryad,Aedes sierrensis,Aedes sierrensis,unknown,Aedes sierrensis|field_lk,19d6259e36cf9c1a0e1459042114fc3d737d718c512cb9b9ca0bcb72dbe7cec0,19d6259e36cf9c1a0e1459042114fc3d737d718c512cb9b9ca0bcb72dbe7cec0,164940,44100.0,1.0,1.8675963718820863,PCM_16,.wav,
data/raw/Aedes sierrensis/Aedes sierrensis/CleanedData_SnippedToIsolateMosquitoSounds/MB1_1654.wav,dryad,Aedes sierrensis,Aedes sierrensis,unknown,Aedes sierrensis|field_mb,571ccde649bbb2d0c5ca7c9cb3587a9505e4d9b3e68295f7808c94fff87fce6d,571ccde649bbb2d0c5ca7c9cb3587a9505e4d9b3e68295f7808c94fff87fce6d,25032,44100.0,1.0,0.28331065759637186,PCM_16,.wav,shorter_than_window
data/raw/Aedes sierrensis/Aedes sierrensis/CleanedData_SnippedToIsolateMosquitoSounds/MB2_2a.wav,dryad,Aedes sierrensis,Aedes sierrensis,unknown,Aedes sierrensis|field_mb,e9bd75a1337495565e76080c92899ad0fa49aa58744cae4cd8e7bd8b2b32ae90,e9bd75a1337495565e76080c92899ad0fa49aa58744cae4cd8e7bd8b2b32ae90,287428,44100.0,1.0,3.258321995464853,PCM_16,.wav,
data/raw/Aedes sierrensis/Aedes sierrensis/CleanedData_SnippedToIsolateMosquitoSounds/MB3_2b.wav,dryad,Aedes sierrensis,Aedes sierrensis,unknown,Aedes sierrensis|field_mb,30d296f6adbab49034c9ec4cf1fd4b7e07f216feafe6743cbf80b161250b5650,30d296f6adbab49034c9ec4cf1fd4b7e07f216feafe6743cbf80b161250b5650,265340,44100.0,1.0,3.007891156462585,PCM_16,.wav,
data/raw/Aedes sierrensis/Aedes sierrensis/CleanedData_SnippedToIsolateMosquitoSounds/MB4_4.wav,dryad,Aedes sierrensis,Aedes sierrensis,unknown,Aedes sierrensis|field_mb,42b466ec925ce5fcd82478ed0f7bdc34b98f01801c4bddb8205a62b4bee807fe,42b466ec925ce5fcd82478ed0f7bdc34b98f01801c4bddb8205a62b4bee807fe,10562,44100.0,1.0,0.1192517006802721,PCM_16,.wav,shorter_than_window
data/raw/Aedes sierrensis/Aedes sierrensis/CleanedData_SnippedToIsolateMosquitoSounds/MB5_6and7.wav,dryad,Aedes sierrensis,Aedes sierrensis,unknown,Aedes sierrensis|field_mb,082c3120aaca6d3b701589b698c9afb4b9b0b34852e50ca36dd80da3c169d130,082c3120aaca6d3b701589b698c9afb4b9b0b34852e50ca36dd80da3c169d130,18742,44100.0,1.0,0.2119954648526077,PCM_16,.wav,shorter_than_window
data/raw/Aedes sierrensis/Aedes sierrensis/CleanedData_SnippedToIsolateMosquitoSounds/MB6_10.wav,dryad,Aedes sierrensis,Aedes sierrensis,unknown,Aedes sierrensis|field_mb,a10e2b3b90b484d39f60c9ac9e8b193800ff4a1c173fc63dd924277948b498dc,a10e2b3b90b484d39f60c9ac9e8b193800ff4a1c173fc63dd924277948b498dc,579410,44100.0,1.0,6.568775510204081,PCM_16,.wav,
data/raw/Aedes sierrensis/Aedes sierrensis/CleanedData_SnippedToIsolateMosquitoSounds/MB7_11.wav,dryad,Aedes sierrensis,Aedes sierrensis,unknown,Aedes sierrensis|field_mb,5563d4ea3c5f99450b71ad41115c8459fc3e2135df07319f426bc0ca5e819c4c,5563d4ea3c5f99450b71ad41115c8459fc3e2135df07319f426bc0ca5e819c4c,4706,44100.0,1.0,0.05285714285714286,PCM_16,.wav,shorter_than_window
data/raw/Aedes sierrensis/Aedes sierrensis/CleanedData_SnippedToIsolateMosquitoSounds/MB8_12.wav,dryad,Aedes sierrensis,Aedes sierrensis,unknown,Aedes sierrensis|field_mb,4174755c28506ff6ad7996f1348994f3ada2cb5e6c5fc09a9c3cc5473328a4e8,4174755c28506ff6ad7996f1348994f3ada2cb5e6c5fc09a9c3cc5473328a4e8,8784,44100.0,1.0,0.09909297052154195,PCM_16,.wav,shorter_than_window
data/raw/Aedes sierrensis/Aedes sierrensis/CleanedData_SnippedToIsolateMosquitoSounds/SK10_1916.wav,dryad,Aedes sierrensis,Aedes sierrensis,unknown,Aedes sierrensis|field_sk,aa609719cddf9d6c9fddcae62d7a7391d756fdaa5b18c0a4619f005fd4884c53,aa609719cddf9d6c9fddcae62d7a7391d756fdaa5b18c0a4619f005fd4884c53,472532,44100.0,1.0,5.357006802721089,PCM_16,.wav,
data/raw/Aedes sierrensis/Aedes sierrensis/CleanedData_SnippedToIsolateMosquitoSounds/SK11_1921.wav,dryad,Aedes sierrensis,Aedes sierrensis,unknown,Aedes sierrensis|field_sk,2c38c5e0baee8106268b54d28f2ae6b207c8c98beb8664b5b25dec65bdb6e968,2c38c5e0baee8106268b54d28f2ae6b207c8c98beb8664b5b25dec65bdb6e968,26698,44100.0,1.0,0.30219954648526076,PCM_16,.wav,shorter_than_window
data/raw/Aedes sierrensis/Aedes sierrensis/CleanedData_SnippedToIsolateMosquitoSounds/SK12_1924.wav,dryad,Aedes sierrensis,Aedes sierrensis,unknown,Aedes sierrensis|field_sk,e2f0e76265e6429121b6195189d0c076a483e6429c5b928001dfd73333a8636d,e2f0e76265e6429121b6195189d0c076a483e6429c5b928001dfd73333a8636d,19800,44100.0,1.0,0.22399092970521542,PCM_16,.wav,shorter_than_window
data/raw/Aedes sierrensis/Aedes sierrensis/CleanedData_SnippedToIsolateMosquitoSounds/SK13_1928.wav,dryad,Aedes sierrensis,Aedes sierrensis,unknown,Aedes sierrensis|field_sk,ab8011c3f806bc2504f3cea972e3b46d17f572ec02d18f6da0b4edda234d761e,ab8011c3f806bc2504f3cea972e3b46d17f572ec02d18f6da0b4edda234d761e,21114,44100.0,1.0,0.2388888888888889,PCM_16,.wav,shorter_than_window
data/raw/Aedes sierrensis/Aedes sierrensis/CleanedData_SnippedToIsolateMosquitoSounds/SK14_1936.wav,dryad,Aedes sierrensis,Aedes sierrensis,unknown,Aedes sierrensis|field_sk,a3f26d8afbc1791508deb186d87272243023b9222b811db564329eeb58d2a3fd,a3f26d8afbc1791508deb186d87272243023b9222b811db564329eeb58d2a3fd,92204,44100.0,1.0,1.0448979591836736,PCM_16,.wav,
data/raw/Aedes sierrensis/Aedes sierrensis/CleanedData_SnippedToIsolateMosquitoSounds/SK15_1937.wav,dryad,Aedes sierrensis,Aedes sierrensis,unknown,Aedes sierrensis|field_sk,55f0a85fe6dc3146dd224c7e2fba7d23b775760b026443f44d99af25faa1d751,55f0a85fe6dc3146dd224c7e2fba7d23b775760b026443f44d99af25faa1d751,89356,44100.0,1.0,1.0126077097505668,PCM_16,.wav,
data/raw/Aedes sierrensis/Aedes sierrensis/CleanedData_SnippedToIsolateMosquitoSounds/SK1_1823.wav,dryad,Aedes sierrensis,Aedes sierrensis,unknown,Aedes sierrensis|field_sk,dab79155b6476f40422c4a8a8c555179f5abbf6ef6e1474f82ba1f83313c5b60,dab79155b6476f40422c4a8a8c555179f5abbf6ef6e1474f82ba1f83313c5b60,280322,44100.0,1.0,3.177755102040816,PCM_16,.wav,
data/raw/Aedes sierrensis/Aedes sierrensis/CleanedData_SnippedToIsolateMosquitoSounds/SK2_1829.wav,dryad,Aedes sierrensis,Aedes sierrensis,unknown,Aedes sierrensis|field_sk,fce5d455ad819a0caf380e2712279c4b61fa774c67b849cbee3d31e4ed700faa,fce5d455ad819a0caf380e2712279c4b61fa774c67b849cbee3d31e4ed700faa,211088,44100.0,1.0,2.3927891156462584,PCM_16,.wav,
data/raw/Aedes sierrensis/Aedes sierrensis/CleanedData_SnippedToIsolateMosquitoSounds/SK3_1835.wav,dryad,Aedes sierrensis,Aedes sierrensis,unknown,Aedes sierrensis|field_sk,317e116f96d89e52906c17be4bd0d62bd5ab7cfd85cd5f5993d8aada88c3f3cd,317e116f96d89e52906c17be4bd0d62bd5ab7cfd85cd5f5993d8aada88c3f3cd,186476,44100.0,1.0,2.1137414965986396,PCM_16,.wav,
data/raw/Aedes sierrensis/Aedes sierrensis/CleanedData_SnippedToIsolateMosquitoSounds/SK4_1836.wav,dryad,Aedes sierrensis,Aedes sierrensis,unknown,Aedes sierrensis|field_sk,5ef3353c32155667ddd07f18a4cc7b159652ae35d5fd0561984e756c8c6b3f10,5ef3353c32155667ddd07f18a4cc7b159652ae35d5fd0561984e756c8c6b3f10,9784,44100.0,1.0,0.11043083900226758,PCM_16,.wav,shorter_than_window
data/raw/Aedes sierrensis/Aedes sierrensis/CleanedData_SnippedToIsolateMosquitoSounds/SK5_1836__.wav,dryad,Aedes sierrensis,Aedes sierrensis,unknown,Aedes sierrensis|field_sk,1202553a25706a9b65a87b99a76bb578c0d0ba5fef774481d5c9977c4527676c,1202553a25706a9b65a87b99a76bb578c0d0ba5fef774481d5c9977c4527676c,49556,44100.0,1.0,0.5613605442176871,PCM_16,.wav,shorter_than_window
data/raw/Aedes sierrensis/Aedes sierrensis/CleanedData_SnippedToIsolateMosquitoSounds/SK6_1900.wav,dryad,Aedes sierrensis,Aedes sierrensis,unknown,Aedes sierrensis|field_sk,970a0d9c7c95c9c3b90b753700b365f88fef4d242a018981643c1b27398ed5c6,970a0d9c7c95c9c3b90b753700b365f88fef4d242a018981643c1b27398ed5c6,12532,44100.0,1.0,0.1415873015873016,PCM_16,.wav,shorter_than_window
data/raw/Aedes sierrensis/Aedes sierrensis/CleanedData_SnippedToIsolateMosquitoSounds/SK7_1907.wav,dryad,Aedes sierrensis,Aedes sierrensis,unknown,Aedes sierrensis|field_sk,a0928013567f8eb818375ea8af36eff40f1a0ddfa8f432cc068a13bda7430f77,a0928013567f8eb818375ea8af36eff40f1a0ddfa8f432cc068a13bda7430f77,57842,44100.0,1.0,0.6553061224489796,PCM_16,.wav,shorter_than_window
data/raw/Aedes sierrensis/Aedes sierrensis/CleanedData_SnippedToIsolateMosquitoSounds/SK8_1914.wav,dryad,Aedes sierrensis,Aedes sierrensis,unknown,Aedes sierrensis|field_sk,13734281f93d4ea71b3f991946c8ecc6b51743bcea9b81a0064b4a01f14cf41e,13734281f93d4ea71b3f991946c8ecc6b51743bcea9b81a0064b4a01f14cf41e,251172,44100.0,1.0,2.8472562358276643,PCM_16,.wav,
data/raw/Aedes sierrensis/Aedes sierrensis/CleanedData_SnippedToIsolateMosquitoSounds/SK9_1915.wav,dryad,Aedes sierrensis,Aedes sierrensis,unknown,Aedes sierrensis|field_sk,7e9ebbf17b8c2c0ef67889c5659184a7b017d7de2d305b84fbfa9dda6ef08a65,7e9ebbf17b8c2c0ef67889c5659184a7b017d7de2d305b84fbfa9dda6ef08a65,150256,44100.0,1.0,1.7030839002267573,PCM_16,.wav,
data/raw/Aedes sierrensis/Aedes sierrensis/CleanedData_SnippedToIsolateMosquitoSounds/VP1.wav,dryad,Aedes sierrensis,Aedes sierrensis,unknown,Aedes sierrensis|field_vp,b7d059164beed2ca8888d606f87e0f7627b811d448d774e38f3105a87dbf936e,b7d059164beed2ca8888d606f87e0f7627b811d448d774e38f3105a87dbf936e,17106,44100.0,1.0,0.19147392290249432,PCM_16,.wav,shorter_than_window
data/raw/Aedes sierrensis/Aedes sierrensis/CleanedData_SnippedToIsolateMosquitoSounds/VP2.wav,dryad,Aedes sierrensis,Aedes sierrensis,unknown,Aedes sierrensis|field_vp,2f9eaa3b61bfcccaff25403816cb4022af1c1369e3e61e202b3e9b23ea909fe8,2f9eaa3b61bfcccaff25403816cb4022af1c1369e3e61e202b3e9b23ea909fe8,115866,44100.0,1.0,1.311201814058957,PCM_16,.wav,
data/raw/Aedes sierrensis/Aedes sierrensis/CleanedData_SnippedToIsolateMosquitoSounds/VP3.wav,dryad,Aedes sierrensis,Aedes sierrensis,unknown,Aedes sierrensis|field_vp,4b68d39cab23e8c6cef22564f6eb19ba42f8326e510c5e552f37669ff1fc3d5d,4b68d39cab23e8c6cef22564f6eb19ba42f8326e510c5e552f37669ff1fc3d5d,104606,44100.0,1.0,1.1835374149659863,PCM_16,.wav,
data/raw/Aedes sierrensis/Aedes sierrensis/CleanedData_SnippedToIsolateMosquitoSounds/VP4.wav,dryad,Aedes sierrensis,Aedes sierrensis,unknown,Aedes sierrensis|field_vp,d87c2ea39bafbe1adfb7589cd21c1fd4ab1dbf37c7503c9639e366a8c36a8f5f,d87c2ea39bafbe1adfb7589cd21c1fd4ab1dbf37c7503c9639e366a8c36a8f5f,41530,44100.0,1.0,0.468390022675737,PCM_16,.wav,shorter_than_window
data/raw/Aedes sierrensis/Aedes sierrensis/CleanedData_SnippedToIsolateMosquitoSounds/VP5.wav,dryad,Aedes sierrensis,Aedes sierrensis,unknown,Aedes sierrensis|field_vp,b855894bb6cf42d2e6decf4f998c13dc06a48aaf34d3dac6c7ab0e64770c3f2b,b855894bb6cf42d2e6decf4f998c13dc06a48aaf34d3dac6c7ab0e64770c3f2b,18430,44100.0,1.0,0.20648526077097507,PCM_16,.wav,shorter_than_window
data/raw/Aedes sierrensis/Aedes sierrensis/CleanedData_SnippedToIsolateMosquitoSounds/WG10_15.wav,dryad,Aedes sierrensis,Aedes sierrensis,unknown,Aedes sierrensis|field_wg,4a5f241c69b09d9c8010452b2ca209615efc39640b7c4d8239d22b29b77bf447,4a5f241c69b09d9c8010452b2ca209615efc39640b7c4d8239d22b29b77bf447,114878,44100.0,1.0,1.3,PCM_16,.wav,
data/raw/Aedes sierrensis/Aedes sierrensis/CleanedData_SnippedToIsolateMosquitoSounds/WG11_18.wav,dryad,Aedes sierrensis,Aedes sierrensis,unknown,Aedes sierrensis|field_wg,f1666aef218a80255ea822105973c49970ee596cec242e43c639dcdeadd66030,f1666aef218a80255ea822105973c49970ee596cec242e43c639dcdeadd66030,26906,44100.0,1.0,0.3025850340136054,PCM_16,.wav,shorter_than_window
data/raw/Aedes sierrensis/Aedes sierrensis/CleanedData_SnippedToIsolateMosquitoSounds/WG12_21.wav,dryad,Aedes sierrensis,Aedes sierrensis,unknown,Aedes sierrensis|field_wg,5eb742dc40c4ba37e83202bf5b0cc4efb32207ea201b14efc7019f8e3f684cfb,5eb742dc40c4ba37e83202bf5b0cc4efb32207ea201b14efc7019f8e3f684cfb,306444,44100.0,1.0,3.4719501133786848,PCM_16,.wav,
data/raw/Aedes sierrensis/Aedes sierrensis/CleanedData_SnippedToIsolateMosquitoSounds/WG1_1.wav,dryad,Aedes sierrensis,Aedes sierrensis,unknown,Aedes sierrensis|field_wg,24163c014f9a41f7ea8a1a6078174155f234a08dbd7018cce11e8e0e24e1751c,24163c014f9a41f7ea8a1a6078174155f234a08dbd7018cce11e8e0e24e1751c,66902,44100.0,1.0,0.7560544217687075,PCM_16,.wav,shorter_than_window
data/raw/Aedes sierrensis/Aedes sierrensis/CleanedData_SnippedToIsolateMosquitoSounds/WG2_2.wav,dryad,Aedes sierrensis,Aedes sierrensis,unknown,Aedes sierrensis|field_wg,b18efdd6cff8471a4ea4e398a54b8e9927406a8697ffbeac8b5146647d722e2b,b18efdd6cff8471a4ea4e398a54b8e9927406a8697ffbeac8b5146647d722e2b,158386,44100.0,1.0,1.7932879818594105,PCM_16,.wav,
data/raw/Aedes sierrensis/Aedes sierrensis/CleanedData_SnippedToIsolateMosquitoSounds/WG3_3.wav,dryad,Aedes sierrensis,Aedes sierrensis,unknown,Aedes sierrensis|field_wg,de13c000427bf6932fdad8384347353379ba43b8c3656e16bebaf40374a1d20e,de13c000427bf6932fdad8384347353379ba43b8c3656e16bebaf40374a1d20e,11452,44100.0,1.0,0.12736961451247167,PCM_16,.wav,shorter_than_window
data/raw/Aedes sierrensis/Aedes sierrensis/CleanedData_SnippedToIsolateMosquitoSounds/WG4_5.wav,dryad,Aedes sierrensis,Aedes sierrensis,unknown,Aedes sierrensis|field_wg,9e72ab657e3e2c80cce45927c4142746037cb8d10c17a91cf76b754c81423742,9e72ab657e3e2c80cce45927c4142746037cb8d10c17a91cf76b754c81423742,88208,44100.0,1.0,0.9976190476190476,PCM_16,.wav,shorter_than_window
data/raw/Aedes sierrensis/Aedes sierrensis/CleanedData_SnippedToIsolateMosquitoSounds/WG5_6.wav,dryad,Aedes sierrensis,Aedes sierrensis,unknown,Aedes sierrensis|field_wg,b2413453a8c97b9103ff079dab219288e3d99b629bf8e99049f1ee8550bf5b80,b2413453a8c97b9103ff079dab219288e3d99b629bf8e99049f1ee8550bf5b80,434948,44100.0,1.0,4.92891156462585,PCM_16,.wav,
data/raw/Aedes sierrensis/Aedes sierrensis/CleanedData_SnippedToIsolateMosquitoSounds/WG6_7.wav,dryad,Aedes sierrensis,Aedes sierrensis,unknown,Aedes sierrensis|field_wg,0566a72f7b3154593ac92cd0d3c4d45a9062fb798765c416e005bda45448da30,0566a72f7b3154593ac92cd0d3c4d45a9062fb798765c416e005bda45448da30,14550,44100.0,1.0,0.16249433106575964,PCM_16,.wav,shorter_than_window
data/raw/Aedes sierrensis/Aedes sierrensis/CleanedData_SnippedToIsolateMosquitoSounds/WG7_8.wav,dryad,Aedes sierrensis,Aedes sierrensis,unknown,Aedes sierrensis|field_wg,9dee2a7bdd5849abbe2245fdf130a44a800ab9e7b3b3134380d306a8cdea59e7,9dee2a7bdd5849abbe2245fdf130a44a800ab9e7b3b3134380d306a8cdea59e7,122294,44100.0,1.0,1.3840816326530612,PCM_16,.wav,
data/raw/Aedes sierrensis/Aedes sierrensis/CleanedData_SnippedToIsolateMosquitoSounds/WG8_9.wav,dryad,Aedes sierrensis,Aedes sierrensis,unknown,Aedes sierrensis|field_wg,8f22e475afede2dc7fcb1f8a5c6f1ed0fee3a310b193194265754a2a5f629849,8f22e475afede2dc7fcb1f8a5c6f1ed0fee3a310b193194265754a2a5f629849,300050,44100.0,1.0,3.3994557823129252,PCM_16,.wav,
data/raw/Aedes sierrensis/Aedes sierrensis/CleanedData_SnippedToIsolateMosquitoSounds/WG9_12.wav,dryad,Aedes sierrensis,Aedes sierrensis,unknown,Aedes sierrensis|field_wg,56856094c18add2674af25a42f99682429fd9fd50840c7ca50722934fc3c5bee,56856094c18add2674af25a42f99682429fd9fd50840c7ca50722934fc3c5bee,131566,44100.0,1.0,1.4892063492063492,PCM_16,.wav,
data/raw/Aedes sierrensis/Aedes sierrensis/Deepak10_1824.wav,dryad,Aedes sierrensis,Aedes sierrensis,unknown,Aedes sierrensis|field_deepak,f387a9de47db8aafeeb342e62abe6a2398de938125295634ac73d1c7230f73cd,f387a9de47db8aafeeb342e62abe6a2398de938125295634ac73d1c7230f73cd,913244,,,,,.wav,sierrensis_uncurated_or_copy
data/raw/Aedes sierrensis/Aedes sierrensis/Deepak11_1856.wav,dryad,Aedes sierrensis,Aedes sierrensis,unknown,Aedes sierrensis|field_deepak,ab4dd03a1fdbf65e3667b5f9ddd065f3310f4189723becf92c84ac56a2804b0a,ab4dd03a1fdbf65e3667b5f9ddd065f3310f4189723becf92c84ac56a2804b0a,210978,,,,,.wav,sierrensis_uncurated_or_copy
data/raw/Aedes sierrensis/Aedes sierrensis/Deepak12_1913.wav,dryad,Aedes sierrensis,Aedes sierrensis,unknown,Aedes sierrensis|field_deepak,db29442232e1ed219a59e590121be0513e3a21d26f775e949412329edbd03631,db29442232e1ed219a59e590121be0513e3a21d26f775e949412329edbd03631,7554,,,,,.wav,sierrensis_uncurated_or_copy
data/raw/Aedes sierrensis/Aedes sierrensis/Deepak13_1914.wav,dryad,Aedes sierrensis,Aedes sierrensis,unknown,Aedes sierrensis|field_deepak,f10c9612acd33da4ee71d1b16c0855547d8a791ae566af42d39402475597d626,f10c9612acd33da4ee71d1b16c0855547d8a791ae566af42d39402475597d626,63822,,,,,.wav,sierrensis_uncurated_or_copy
data/raw/Aedes sierrensis/Aedes sierrensis/Deepak14_1915.wav,dryad,Aedes sierrensis,Aedes sierrensis,unknown,Aedes sierrensis|field_deepak,c6caa8840e71e2f979a7d49fd838973c8baf4bcdc0acebbb1a63d6d0256ca643,c6caa8840e71e2f979a7d49fd838973c8baf4bcdc0acebbb1a63d6d0256ca643,10830,,,,,.wav,sierrensis_uncurated_or_copy
data/raw/Aedes sierrensis/Aedes sierrensis/Deepak15_1916.wav,dryad,Aedes sierrensis,Aedes sierrensis,unknown,Aedes sierrensis|field_deepak,f7072c7e9a2f2d7267a5ad87484f0e89f04d316b0e4030cf6842df82398f9c86,f7072c7e9a2f2d7267a5ad87484f0e89f04d316b0e4030cf6842df82398f9c86,129306,,,,,.wav,sierrensis_uncurated_or_copy
data/raw/Aedes sierrensis/Aedes sierrensis/Deepak16_1917.wav,dryad,Aedes sierrensis,Aedes sierrensis,unknown,Aedes sierrensis|field_deepak,3cc148e67b0924959734d47b6e9ce967a9a0ce14ac65b46ebdc24875cf045e24,3cc148e67b0924959734d47b6e9ce967a9a0ce14ac65b46ebdc24875cf045e24,360832,,,,,.wav,sierrensis_uncurated_or_copy
data/raw/Aedes sierrensis/Aedes sierrensis/Deepak17_1918.wav,dryad,Aedes sierrensis,Aedes sierrensis,unknown,Aedes sierrensis|field_deepak,4ee634d6930028ec612cf0ba4a91919fb81902cdc787125dd95307a7fe5c4c62,4ee634d6930028ec612cf0ba4a91919fb81902cdc787125dd95307a7fe5c4c62,365012,,,,,.wav,sierrensis_uncurated_or_copy
data/raw/Aedes sierrensis/Aedes sierrensis/Deepak18_1919.wav,dryad,Aedes sierrensis,Aedes sierrensis,unknown,Aedes sierrensis|field_deepak,c97ae00a6f04b02b12a3efc004e6f944571c4848a8c9eaf51d0f34dbc2e85bab,c97ae00a6f04b02b12a3efc004e6f944571c4848a8c9eaf51d0f34dbc2e85bab,70730,,,,,.wav,sierrensis_uncurated_or_copy
data/raw/Aedes sierrensis/Aedes sierrensis/Deepak19_1921.wav,dryad,Aedes sierrensis,Aedes sierrensis,unknown,Aedes sierrensis|field_deepak,0d78e0c5597c29370a8fd079f6b335c8c8f4437f375559aff451546298020c5c,0d78e0c5597c29370a8fd079f6b335c8c8f4437f375559aff451546298020c5c,34316,,,,,.wav,sierrensis_uncurated_or_copy
data/raw/Aedes sierrensis/Aedes sierrensis/Deepak1_1801.wav,dryad,Aedes sierrensis,Aedes sierrensis,unknown,Aedes sierrensis|field_deepak,1d9a13eeda72959708157ebf93dd1e817ba7dfb2c68e9e9287e318544a7a7b06,1d9a13eeda72959708157ebf93dd1e817ba7dfb2c68e9e9287e318544a7a7b06,15400,,,,,.wav,sierrensis_uncurated_or_copy
data/raw/Aedes sierrensis/Aedes sierrensis/Deepak20_1922.wav,dryad,Aedes sierrensis,Aedes sierrensis,unknown,Aedes sierrensis|field_deepak,d7148a50cbb82a5b3b8f7dfa8b6f8111fa59d90fb158d506d40d2d790ec05f0b,d7148a50cbb82a5b3b8f7dfa8b6f8111fa59d90fb158d506d40d2d790ec05f0b,127640,,,,,.wav,sierrensis_uncurated_or_copy
data/raw/Aedes sierrensis/Aedes sierrensis/Deepak21_1923.wav,dryad,Aedes sierrensis,Aedes sierrensis,unknown,Aedes sierrensis|field_deepak,953e83f88432023851f0f8d74c1d10c4e0a04934f8131594ac5cdb566ca0b97c,953e83f88432023851f0f8d74c1d10c4e0a04934f8131594ac5cdb566ca0b97c,197850,,,,,.wav,sierrensis_uncurated_or_copy
data/raw/Aedes sierrensis/Aedes sierrensis/Deepak22_1926.wav,dryad,Aedes sierrensis,Aedes sierrensis,unknown,Aedes sierrensis|field_deepak,21f9211344ca3d4e79899a7c8221502f92dbd8b318ce00813ea035fbc1a09e84,21f9211344ca3d4e79899a7c8221502f92dbd8b318ce00813ea035fbc1a09e84,158288,,,,,.wav,sierrensis_uncurated_or_copy
data/raw/Aedes sierrensis/Aedes sierrensis/Deepak23_2001.wav,dryad,Aedes sierrensis,Aedes sierrensis,unknown,Aedes sierrensis|field_deepak,067b9a4927035c35f7b0242012b316baee3147f5e713a78fcaf620f084413917,067b9a4927035c35f7b0242012b316baee3147f5e713a78fcaf620f084413917,40254,,,,,.wav,sierrensis_uncurated_or_copy
data/raw/Aedes sierrensis/Aedes sierrensis/Deepak24_2002.wav,dryad,Aedes sierrensis,Aedes sierrensis,unknown,Aedes sierrensis|field_deepak,bc1d7478ebaee89c0e711ce05bae72fd4019aa60e5c55e107f3ea6945f7a3a9c,bc1d7478ebaee89c0e711ce05bae72fd4019aa60e5c55e107f3ea6945f7a3a9c,84562,,,,,.wav,sierrensis_uncurated_or_copy
data/raw/Aedes sierrensis/Aedes sierrensis/Deepak25_2003.wav,dryad,Aedes sierrensis,Aedes sierrensis,unknown,Aedes sierrensis|field_deepak,c4be09983294fae78be4a15671bd794999869b896caf3149ceed1484f44e33b0,c4be09983294fae78be4a15671bd794999869b896caf3149ceed1484f44e33b0,14130,,,,,.wav,sierrensis_uncurated_or_copy
data/raw/Aedes sierrensis/Aedes sierrensis/Deepak26_2004.wav,dryad,Aedes sierrensis,Aedes sierrensis,unknown,Aedes sierrensis|field_deepak,2d632fa5d272fa1a1d5b5bdcb56e9a0c8172a37d14e7af3ed99a1949c3b51467,2d632fa5d272fa1a1d5b5bdcb56e9a0c8172a37d14e7af3ed99a1949c3b51467,45050,,,,,.wav,sierrensis_uncurated_or_copy
data/raw/Aedes sierrensis/Aedes sierrensis/Deepak27_2005.wav,dryad,Aedes sierrensis,Aedes sierrensis,unknown,Aedes sierrensis|field_deepak,b83583a4522c557a40ef54a5df21fb67025c4282758c354ea52bb0967ebb6da7,b83583a4522c557a40ef54a5df21fb67025c4282758c354ea52bb0967ebb6da7,14056,,,,,.wav,sierrensis_uncurated_or_copy
data/raw/Aedes sierrensis/Aedes sierrensis/Deepak2_1801.wav,dryad,Aedes sierrensis,Aedes sierrensis,unknown,Aedes sierrensis|field_deepak,4b613d78de7e48d090e849c9008cf18b7676e1585b614b92d9d7b8b64aff684d,4b613d78de7e48d090e849c9008cf18b7676e1585b614b92d9d7b8b64aff684d,21712,,,,,.wav,sierrensis_uncurated_or_copy
data/raw/Aedes sierrensis/Aedes sierrensis/Deepak3_1811.wav,dryad,Aedes sierrensis,Aedes sierrensis,unknown,Aedes sierrensis|field_deepak,e9bbfe8117c3a0f88eb243c70fdaa1b9cf528bf48edbee3b04ce17510ce2b463,e9bbfe8117c3a0f88eb243c70fdaa1b9cf528bf48edbee3b04ce17510ce2b463,183424,,,,,.wav,sierrensis_uncurated_or_copy
data/raw/Aedes sierrensis/Aedes sierrensis/Deepak4_1813.wav,dryad,Aedes sierrensis,Aedes sierrensis,unknown,Aedes sierrensis|field_deepak,4c04daacc6081c11d7257d41a6bbe17ec6a87c3f7f716c087e632954c9a6bc91,4c04daacc6081c11d7257d41a6bbe17ec6a87c3f7f716c087e632954c9a6bc91,4680,,,,,.wav,sierrensis_uncurated_or_copy
data/raw/Aedes sierrensis/Aedes sierrensis/Deepak5_1815.wav,dryad,Aedes sierrensis,Aedes sierrensis,unknown,Aedes sierrensis|field_deepak,2e81ad80ff9e2e6abcea92abed2a1f81297fb0f9e228514a1234062285a8f9ad,2e81ad80ff9e2e6abcea92abed2a1f81297fb0f9e228514a1234062285a8f9ad,11592,,,,,.wav,sierrensis_uncurated_or_copy
data/raw/Aedes sierrensis/Aedes sierrensis/Deepak6_1820.wav,dryad,Aedes sierrensis,Aedes sierrensis,unknown,Aedes sierrensis|field_deepak,5db575722a7b656205b9c1b24295f7333c2937e0d4aa044b7f62d29a0dcf72a9,5db575722a7b656205b9c1b24295f7333c2937e0d4aa044b7f62d29a0dcf72a9,35774,,,,,.wav,sierrensis_uncurated_or_copy
data/raw/Aedes sierrensis/Aedes sierrensis/Deepak7_1821.wav,dryad,Aedes sierrensis,Aedes sierrensis,unknown,Aedes sierrensis|field_deepak,ea9e55bc7fbb9125d64261161628564e6894a6096941979ac9802f96ba5bd07c,ea9e55bc7fbb9125d64261161628564e6894a6096941979ac9802f96ba5bd07c,28436,,,,,.wav,sierrensis_uncurated_or_copy
data/raw/Aedes sierrensis/Aedes sierrensis/Deepak8_1822.wav,dryad,Aedes sierrensis,Aedes sierrensis,unknown,Aedes sierrensis|field_deepak,5d284de985ecc58a62dac2322c292c053b92e6b3873619a6f4987f792a29cbed,5d284de985ecc58a62dac2322c292c053b92e6b3873619a6f4987f792a29cbed,500046,,,,,.wav,sierrensis_uncurated_or_copy
data/raw/Aedes sierrensis/Aedes sierrensis/Deepak9_1823.wav,dryad,Aedes sierrensis,Aedes sierrensis,unknown,Aedes sierrensis|field_deepak,d353142a26a30daf69ae118be22be84462f53a2b6918ee7dfbda7f59b9b91334,d353142a26a30daf69ae118be22be84462f53a2b6918ee7dfbda7f59b9b91334,22748,,,,,.wav,sierrensis_uncurated_or_copy
data/raw/Aedes sierrensis/Aedes sierrensis/Felix1_Cross Pine East 1.wav,dryad,Aedes sierrensis,Aedes sierrensis,unknown,Aedes sierrensis|field_felix,398292c9fc1c7ed259515554896e2a3da24419e23c0d9e76de9dcb2402a3a930,398292c9fc1c7ed259515554896e2a3da24419e23c0d9e76de9dcb2402a3a930,813124,,,,,.wav,sierrensis_uncurated_or_copy
data/raw/Aedes sierrensis/Aedes sierrensis/Felix2_Peak 1 (1).wav,dryad,Aedes sierrensis,Aedes sierrensis,unknown,Aedes sierrensis|field_felix,06cabe7dfcc1146fb1ef46ba92b980bb27f61ec4e02b07064f46759e79c78fd1,06cabe7dfcc1146fb1ef46ba92b980bb27f61ec4e02b07064f46759e79c78fd1,1316132,,,,,.wav,sierrensis_uncurated_or_copy
data/raw/Aedes sierrensis/Aedes sierrensis/Felix3_Peak 1.wav,dryad,Aedes sierrensis,Aedes sierrensis,unknown,Aedes sierrensis|field_felix,df36a62e0f41c1cf5e40d5e2b151ff5dfb73eebd1eaab3b1d4f1a7b2869636a7,df36a62e0f41c1cf5e40d5e2b151ff5dfb73eebd1eaab3b1d4f1a7b2869636a7,947674,,,,,.wav,sierrensis_uncurated_or_copy
data/raw/Aedes sierrensis/Aedes sierrensis/Hari1_185015.wav,dryad,Aedes sierrensis,Aedes sierrensis,unknown,Aedes sierrensis|field_hari,95d47fe288a49652135f7d87e6b151bdbb1769286f023cfa005250dd2f1f5307,95d47fe288a49652135f7d87e6b151bdbb1769286f023cfa005250dd2f1f5307,411822,,,,,.wav,sierrensis_uncurated_or_copy
data/raw/Aedes sierrensis/Aedes sierrensis/Hari2_192005.wav,dryad,Aedes sierrensis,Aedes sierrensis,unknown,Aedes sierrensis|field_hari,c5d084295133943d2c6aae6ab50a0e25c76ed771bbfe0dbc86f84714e17d719d,c5d084295133943d2c6aae6ab50a0e25c76ed771bbfe0dbc86f84714e17d719d,39596,,,,,.wav,sierrensis_uncurated_or_copy
data/raw/Aedes sierrensis/Aedes sierrensis/Hari3_1923c.wav,dryad,Aedes sierrensis,Aedes sierrensis,unknown,Aedes sierrensis|field_hari,b080b37e9b882a87de20742c588804ef85a815f3d755ab696299ff663e91d3cd,b080b37e9b882a87de20742c588804ef85a815f3d755ab696299ff663e91d3cd,353698,,,,,.wav,sierrensis_uncurated_or_copy
data/raw/Aedes sierrensis/Aedes sierrensis/Hari4_1923b.wav,dryad,Aedes sierrensis,Aedes sierrensis,unknown,Aedes sierrensis|field_hari,176b4f8a107891f7440ba234ea6d6c2a59d1eaba5ad185baa68f266d11951195,176b4f8a107891f7440ba234ea6d6c2a59d1eaba5ad185baa68f266d11951195,780254,,,,,.wav,sierrensis_uncurated_or_copy
data/raw/Aedes sierrensis/Aedes sierrensis/Hari5_1923a.wav,dryad,Aedes sierrensis,Aedes sierrensis,unknown,Aedes sierrensis|field_hari,a69283d552c3b5d3028bddbac0c8e6e85f0479daaa64e13b8ece4306ceb473c8,a69283d552c3b5d3028bddbac0c8e6e85f0479daaa64e13b8ece4306ceb473c8,267534,,,,,.wav,sierrensis_uncurated_or_copy
data/raw/Aedes sierrensis/Aedes sierrensis/Laurel1_Summit1.wav,dryad,Aedes sierrensis,Aedes sierrensis,unknown,Aedes sierrensis|field_laurel,19d6259e36cf9c1a0e1459042114fc3d737d718c512cb9b9ca0bcb72dbe7cec0,19d6259e36cf9c1a0e1459042114fc3d737d718c512cb9b9ca0bcb72dbe7cec0,164940,,,,,.wav,sierrensis_uncurated_or_copy
data/raw/Aedes sierrensis/Aedes sierrensis/Matt1_1654.wav,dryad,Aedes sierrensis,Aedes sierrensis,unknown,Aedes sierrensis|field_matt,571ccde649bbb2d0c5ca7c9cb3587a9505e4d9b3e68295f7808c94fff87fce6d,571ccde649bbb2d0c5ca7c9cb3587a9505e4d9b3e68295f7808c94fff87fce6d,25032,,,,,.wav,sierrensis_uncurated_or_copy
data/raw/Aedes sierrensis/Aedes sierrensis/Matt2_2a.wav,dryad,Aedes sierrensis,Aedes sierrensis,unknown,Aedes sierrensis|field_matt,e9bd75a1337495565e76080c92899ad0fa49aa58744cae4cd8e7bd8b2b32ae90,e9bd75a1337495565e76080c92899ad0fa49aa58744cae4cd8e7bd8b2b32ae90,287428,,,,,.wav,sierrensis_uncurated_or_copy
data/raw/Aedes sierrensis/Aedes sierrensis/Matt3_2b.wav,dryad,Aedes sierrensis,Aedes sierrensis,unknown,Aedes sierrensis|field_matt,30d296f6adbab49034c9ec4cf1fd4b7e07f216feafe6743cbf80b161250b5650,30d296f6adbab49034c9ec4cf1fd4b7e07f216feafe6743cbf80b161250b5650,265340,,,,,.wav,sierrensis_uncurated_or_copy
data/raw/Aedes sierrensis/Aedes sierrensis/Matt4_4.wav,dryad,Aedes sierrensis,Aedes sierrensis,unknown,Aedes sierrensis|field_matt,42b466ec925ce5fcd82478ed0f7bdc34b98f01801c4bddb8205a62b4bee807fe,42b466ec925ce5fcd82478ed0f7bdc34b98f01801c4bddb8205a62b4bee807fe,10562,,,,,.wav,sierrensis_uncurated_or_copy
data/raw/Aedes sierrensis/Aedes sierrensis/Matt5_6and7.wav,dryad,Aedes sierrensis,Aedes sierrensis,unknown,Aedes sierrensis|field_matt,082c3120aaca6d3b701589b698c9afb4b9b0b34852e50ca36dd80da3c169d130,082c3120aaca6d3b701589b698c9afb4b9b0b34852e50ca36dd80da3c169d130,18742,,,,,.wav,sierrensis_uncurated_or_copy
data/raw/Aedes sierrensis/Aedes sierrensis/Matt6_10.wav,dryad,Aedes sierrensis,Aedes sierrensis,unknown,Aedes sierrensis|field_matt,a10e2b3b90b484d39f60c9ac9e8b193800ff4a1c173fc63dd924277948b498dc,a10e2b3b90b484d39f60c9ac9e8b193800ff4a1c173fc63dd924277948b498dc,579410,,,,,.wav,sierrensis_uncurated_or_copy
data/raw/Aedes sierrensis/Aedes sierrensis/Matt7_11.wav,dryad,Aedes sierrensis,Aedes sierrensis,unknown,Aedes sierrensis|field_matt,5563d4ea3c5f99450b71ad41115c8459fc3e2135df07319f426bc0ca5e819c4c,5563d4ea3c5f99450b71ad41115c8459fc3e2135df07319f426bc0ca5e819c4c,4706,,,,,.wav,sierrensis_uncurated_or_copy
data/raw/Aedes sierrensis/Aedes sierrensis/Matt8_12.wav,dryad,Aedes sierrensis,Aedes sierrensis,unknown,Aedes sierrensis|field_matt,4174755c28506ff6ad7996f1348994f3ada2cb5e6c5fc09a9c3cc5473328a4e8,4174755c28506ff6ad7996f1348994f3ada2cb5e6c5fc09a9c3cc5473328a4e8,8784,,,,,.wav,sierrensis_uncurated_or_copy
data/raw/Aedes sierrensis/Aedes sierrensis/RawData_WithAllFieldNoises/AL/AL 1.wav,dryad,Aedes sierrensis,Aedes sierrensis,unknown,Aedes sierrensis|field_al,da1adac995ed7b25f5cc572831277437b3b43c55f536a86349f04f9a30913caa,da1adac995ed7b25f5cc572831277437b3b43c55f536a86349f04f9a30913caa,3375090,,,,,.wav,sierrensis_uncurated_or_copy
data/raw/Aedes sierrensis/Aedes sierrensis/RawData_WithAllFieldNoises/AL/AL 2.wav,dryad,Aedes sierrensis,Aedes sierrensis,unknown,Aedes sierrensis|field_al,58ed2ff7f1351343acc474384d8cf4713d792b03a53868bce7acaf487c211293,58ed2ff7f1351343acc474384d8cf4713d792b03a53868bce7acaf487c211293,4315122,,,,,.wav,sierrensis_uncurated_or_copy
data/raw/Aedes sierrensis/Aedes sierrensis/RawData_WithAllFieldNoises/AL/AL 3.wav,dryad,Aedes sierrensis,Aedes sierrensis,unknown,Aedes sierrensis|field_al,451c45f09a39a7f375f78e7ad0947372658f9549cb36de841cee2451c6834ab6,451c45f09a39a7f375f78e7ad0947372658f9549cb36de841cee2451c6834ab6,6791154,,,,,.wav,sierrensis_uncurated_or_copy
data/raw/Aedes sierrensis/Aedes sierrensis/RawData_WithAllFieldNoises/AL/AL 4.wav,dryad,Aedes sierrensis,Aedes sierrensis,unknown,Aedes sierrensis|field_al,bb2a10296d4ceca27f47794bd82d6c383058e53cbf67ca088378a40c1a3d4612,bb2a10296d4ceca27f47794bd82d6c383058e53cbf67ca088378a40c1a3d4612,1538034,,,,,.wav,sierrensis_uncurated_or_copy
data/raw/Aedes sierrensis/Aedes sierrensis/RawData_WithAllFieldNoises/AL/AL 5.wav,dryad,Aedes sierrensis,Aedes sierrensis,unknown,Aedes sierrensis|field_al,643c57f6cbc50aa910b330740437f45b47f8b6a005b35555e9dd71eb5f605d53,643c57f6cbc50aa910b330740437f45b47f8b6a005b35555e9dd71eb5f605d53,3536882,,,,,.wav,sierrensis_uncurated_or_copy
data/raw/Aedes sierrensis/Aedes sierrensis/RawData_WithAllFieldNoises/AL/AL 6.wav,dryad,Aedes sierrensis,Aedes sierrensis,unknown,Aedes sierrensis|field_al,a9ff5444f351865f87644efd8eea217972c26f9686c0d6ab260a2112a72a6398,a9ff5444f351865f87644efd8eea217972c26f9686c0d6ab260a2112a72a6398,2643954,,,,,.wav,sierrensis_uncurated_or_copy
data/raw/Aedes sierrensis/Aedes sierrensis/RawData_WithAllFieldNoises/AL/Raw/AL 1.m4a,dryad,Aedes sierrensis,Aedes sierrensis,unknown,Aedes sierrensis|field_al,c9160e960194942c52d3ff08825b1bf4ce2bb5ab9219582cfe7c2581e1089b84,c9160e960194942c52d3ff08825b1bf4ce2bb5ab9219582cfe7c2581e1089b84,1078750,,,,,.m4a,sierrensis_uncurated_or_copy
data/raw/Aedes sierrensis/Aedes sierrensis/RawData_WithAllFieldNoises/AL/Raw/AL 2.m4a,dryad,Aedes sierrensis,Aedes sierrensis,unknown,Aedes sierrensis|field_al,fcc50f249cccb3859ec868bbf260e0b35488bab584776f14d430cfe60d65f89f,fcc50f249cccb3859ec868bbf260e0b35488bab584776f14d430cfe60d65f89f,399527,,,,,.m4a,sierrensis_uncurated_or_copy
data/raw/Aedes sierrensis/Aedes sierrensis/RawData_WithAllFieldNoises/AL/Raw/AL 3.m4a,dryad,Aedes sierrensis,Aedes sierrensis,unknown,Aedes sierrensis|field_al,f5928e281b957b0164b0744fe17ef352bebdc9e2e11d7672b95553a2ae675033,f5928e281b957b0164b0744fe17ef352bebdc9e2e11d7672b95553a2ae675033,618951,,,,,.m4a,sierrensis_uncurated_or_copy
data/raw/Aedes sierrensis/Aedes sierrensis/RawData_WithAllFieldNoises/AL/Raw/AL 4.m4a,dryad,Aedes sierrensis,Aedes sierrensis,unknown,Aedes sierrensis|field_al,e40a491658790426a4298e96c3a4fb4c42be61b06e637c96eb5b516018f28602,e40a491658790426a4298e96c3a4fb4c42be61b06e637c96eb5b516018f28602,140660,,,,,.m4a,sierrensis_uncurated_or_copy
data/raw/Aedes sierrensis/Aedes sierrensis/RawData_WithAllFieldNoises/AL/Raw/AL 5.m4a,dryad,Aedes sierrensis,Aedes sierrensis,unknown,Aedes sierrensis|field_al,17da4c7ea51d7cfc5cd468407120ba4a0e8e5c89cc7d363ee5fef220a33abc9c,17da4c7ea51d7cfc5cd468407120ba4a0e8e5c89cc7d363ee5fef220a33abc9c,322167,,,,,.m4a,sierrensis_uncurated_or_copy
data/raw/Aedes sierrensis/Aedes sierrensis/RawData_WithAllFieldNoises/AL/Raw/AL 6.m4a,dryad,Aedes sierrensis,Aedes sierrensis,unknown,Aedes sierrensis|field_al,b9e5536cab920b1429ee3dbee9a14a198cf9f5290193058f4c33fcc9a5b0c11e,b9e5536cab920b1429ee3dbee9a14a198cf9f5290193058f4c33fcc9a5b0c11e,241446,,,,,.m4a,sierrensis_uncurated_or_copy
data/raw/Aedes sierrensis/Aedes sierrensis/RawData_WithAllFieldNoises/AR/ARGV_20160817-1828 sp2_1.wav,dryad,Aedes sierrensis,Aedes sierrensis,unknown,Aedes sierrensis|field_argv,95b82745ce677dfd5d9b83abad118401b3d80ce7ab1ea7d98230827bc8a23728,95b82745ce677dfd5d9b83abad118401b3d80ce7ab1ea7d98230827bc8a23728,4745260,,,,,.wav,sierrensis_uncurated_or_copy
data/raw/Aedes sierrensis/Aedes sierrensis/RawData_WithAllFieldNoises/AR/ARGV_20160817-1836_sp2_2.wav,dryad,Aedes sierrensis,Aedes sierrensis,unknown,Aedes sierrensis|field_argv,8e9dc9ad7030d397edf674041b991388f810259830c386f1e48e37637f91bd6b,8e9dc9ad7030d397edf674041b991388f810259830c386f1e48e37637f91bd6b,2602028,,,,,.wav,sierrensis_uncurated_or_copy
data/raw/Aedes sierrensis/Aedes sierrensis/RawData_WithAllFieldNoises/AR/ARGV_20160817-1837_sp2_3.wav,dryad,Aedes sierrensis,Aedes sierrensis,unknown,Aedes sierrensis|field_argv,f03de92f165f3c67d6fcbea36ddea0e7444be93a228b504bc7a4fe24bf7ace6d,f03de92f165f3c67d6fcbea36ddea0e7444be93a228b504bc7a4fe24bf7ace6d,1913900,,,,,.wav,sierrensis_uncurated_or_copy
data/raw/Aedes sierrensis/Aedes sierrensis/RawData_WithAllFieldNoises/AR/ARGV_20160817-1839_sp2_4.wav,dryad,Aedes sierrensis,Aedes sierrensis,unknown,Aedes sierrensis|field_argv,4dc048ab9266a8f18cd0e9beeedc79cb2d6613cce447fd964a99b7dca567d915,4dc048ab9266a8f18cd0e9beeedc79cb2d6613cce447fd964a99b7dca567d915,3906604,,,,,.wav,sierrensis_uncurated_or_copy
data/raw/Aedes sierrensis/Aedes sierrensis/RawData_WithAllFieldNoises/AR/ARGV_20160817-1840_bag2_sp2_6.wav,dryad,Aedes sierrensis,Aedes sierrensis,unknown,Aedes sierrensis|field_argv,102e523c970669bef61ad28fde920eff33134fa183d94d6eb2a5d7dfd78374b0,102e523c970669bef61ad28fde920eff33134fa183d94d6eb2a5d7dfd78374b0,5684268,,,,,.wav,sierrensis_uncurated_or_copy
data/raw/Aedes sierrensis/Aedes sierrensis/RawData_WithAllFieldNoises/AR/ARGV_20160817-1841_sp2_5.wav,dryad,Aedes sierrensis,Aedes sierrensis,unknown,Aedes sierrensis|field_argv,09d20aec757c18509d35ac92e630e5e4d261c939c765a8c34f829b933b6dad33,09d20aec757c18509d35ac92e630e5e4d261c939c765a8c34f829b933b6dad33,372780,,,,,.wav,sierrensis_uncurated_or_copy
data/raw/Aedes sierrensis/Aedes sierrensis/RawData_WithAllFieldNoises/AR/ARGV_20160817-1852_sp2_7.wav,dryad,Aedes sierrensis,Aedes sierrensis,unknown,Aedes sierrensis|field_argv,d3cfbf62856d3a15f6f7c64d5915be8a43bd1da1559b6fa69458afad2217e561,d3cfbf62856d3a15f6f7c64d5915be8a43bd1da1559b6fa69458afad2217e561,874540,,,,,.wav,sierrensis_uncurated_or_copy
data/raw/Aedes sierrensis/Aedes sierrensis/RawData_WithAllFieldNoises/AR/ARGV_20160817-1853_sp2_8.wav,dryad,Aedes sierrensis,Aedes sierrensis,unknown,Aedes sierrensis|field_argv,6cc60c8830cb374043803333175aa22fc22734a5f0afc71d519b04db48030c36,6cc60c8830cb374043803333175aa22fc22734a5f0afc71d519b04db48030c36,4064300,,,,,.wav,sierrensis_uncurated_or_copy
data/raw/Aedes sierrensis/Aedes sierrensis/RawData_WithAllFieldNoises/AR/ARGV_20160817-1855_sp2_10.wav,dryad,Aedes sierrensis,Aedes sierrensis,unknown,Aedes sierrensis|field_argv,48443e2ffaa60afe614dec88565b35d0389188bddad854b90fa893ec9ebb8f33,48443e2ffaa60afe614dec88565b35d0389188bddad854b90fa893ec9ebb8f33,939052,,,,,.wav,sierrensis_uncurated_or_copy
data/raw/Aedes sierrensis/Aedes sierrensis/RawData_WithAllFieldNoises/AR/ARGV_20160817-1857_bag3_sp2_11_a.wav,dryad,Aedes sierrensis,Aedes sierrensis,unknown,Aedes sierrensis|field_argv,470d542cdc2c728b3b5e1a5bbf9968159246ecb32f9c2cf0ea14a71c94290d62,470d542cdc2c728b3b5e1a5bbf9968159246ecb32f9c2cf0ea14a71c94290d62,3963948,,,,,.wav,sierrensis_uncurated_or_copy
data/raw/Aedes sierrensis/Aedes sierrensis/RawData_WithAllFieldNoises/AR/ARGV_20160817-1903_sp2_12_multiple.wav,dryad,Aedes sierrensis,Aedes sierrensis,unknown,Aedes sierrensis|field_argv,3e1e3d8540cd079e685d5bb0eab13bc9eaf64d5a780bffc6b264ac6757ba096c,3e1e3d8540cd079e685d5bb0eab13bc9eaf64d5a780bffc6b264ac6757ba096c,8322092,,,,,.wav,sierrensis_uncurated_or_copy
data/raw/Aedes sierrensis/Aedes sierrensis/RawData_WithAllFieldNoises/AR/ARGV_20160817-1904_sp2_13.wav,dryad,Aedes sierrensis,Aedes sierrensis,unknown,Aedes sierrensis|field_argv,61a6b887eec25b9408c7cb8990b4db9aad1d785b01e4962026593dd65051bb33,61a6b887eec25b9408c7cb8990b4db9aad1d785b01e4962026593dd65051bb33,1971244,,,,,.wav,sierrensis_uncurated_or_copy
data/raw/Aedes sierrensis/Aedes sierrensis/RawData_WithAllFieldNoises/AR/ARGV_20160817-1904_sp2_14.wav,dryad,Aedes sierrensis,Aedes sierrensis,unknown,Aedes sierrensis|field_argv,911ea2ee98623f7f2830fe70150e7f9310b85e64aeff1b7dd7e6f171a883272b,911ea2ee98623f7f2830fe70150e7f9310b85e64aeff1b7dd7e6f171a883272b,1612844,,,,,.wav,sierrensis_uncurated_or_copy
data/raw/Aedes sierrensis/Aedes sierrensis/RawData_WithAllFieldNoises/AR/ARGV_20160817-1912_bag2_15.wav,dryad,Aedes sierrensis,Aedes sierrensis,unknown,Aedes sierrensis|field_argv,87d56427dd5cb8bad6a02b76c431847ce8f895029d2e08daf426157dbfb027b5,87d56427dd5cb8bad6a02b76c431847ce8f895029d2e08daf426157dbfb027b5,7096364,,,,,.wav,sierrensis_uncurated_or_copy
data/raw/Aedes sierrensis/Aedes sierrensis/RawData_WithAllFieldNoises/AR/ARGV_20160817-1913_s p2_16.wav,dryad,Aedes sierrensis,Aedes sierrensis,unknown,Aedes sierrensis|field_argv,a3cc8aae97753d85a78f681a3228b2c192d9f2d4df095d74584fc41054929d69,a3cc8aae97753d85a78f681a3228b2c192d9f2d4df095d74584fc41054929d69,2487340,,,,,.wav,sierrensis_uncurated_or_copy
data/raw/Aedes sierrensis/Aedes sierrensis/RawData_WithAllFieldNoises/AR/ARGV_20160817-1914_sp2_17.wav,dryad,Aedes sierrensis,Aedes sierrensis,unknown,Aedes sierrensis|field_argv,07fd335a95bf3e642f09024ae708c022b57e89dd16e02f9dc8b59d46e2e89f86,07fd335a95bf3e642f09024ae708c022b57e89dd16e02f9dc8b59d46e2e89f86,1082412,,,,,.wav,sierrensis_uncurated_or_copy
data/raw/Aedes sierrensis/Aedes sierrensis/RawData_WithAllFieldNoises/AR/ARGV_20160817-1915_sp2_18.wav,dryad,Aedes sierrensis,Aedes sierrensis,unknown,Aedes sierrensis|field_argv,ae41faff4a9a0c816c4ec6a43ad9d50e57124f6fb170fb9175ab06e11e13bf0f,ae41faff4a9a0c816c4ec6a43ad9d50e57124f6fb170fb9175ab06e11e13bf0f,2214956,,,,,.wav,sierrensis_uncurated_or_copy
data/raw/Aedes sierrensis/Aedes sierrensis/RawData_WithAllFieldNoises/CK/2 Mosquitoes East Ridge 6_37.wav,dryad,Aedes sierrensis,Aedes sierrensis,unknown,Aedes sierrensis|raw/Aedes sierrensis/Aedes sierrensis/RawData_WithAllFieldNoises/CK,b84631bc19885c6c36e5cff901688ad41c58ac6affc7fea8203137099a66c7ce,b84631bc19885c6c36e5cff901688ad41c58ac6affc7fea8203137099a66c7ce,2547698,,,,,.wav,sierrensis_uncurated_or_copy
data/raw/Aedes sierrensis/Aedes sierrensis/RawData_WithAllFieldNoises/CK/At Trail Crossing 2 6_44.wav,dryad,Aedes sierrensis,Aedes sierrensis,unknown,Aedes sierrensis|field_at,47de31a5bb027615898cc3b70a4bc4b95628eb36dbd64989d77325d375ea24bc,47de31a5bb027615898cc3b70a4bc4b95628eb36dbd64989d77325d375ea24bc,2318322,,,,,.wav,sierrensis_uncurated_or_copy
data/raw/Aedes sierrensis/Aedes sierrensis/RawData_WithAllFieldNoises/CK/At Trail Crossing. 6_43.wav,dryad,Aedes sierrensis,Aedes sierrensis,unknown,Aedes sierrensis|field_at,2cb67746724da7d646d25c03b888fb02286de4ca7d3cfc68e9efcc24133278dc,2cb67746724da7d646d25c03b888fb02286de4ca7d3cfc68e9efcc24133278dc,3876850,,,,,.wav,sierrensis_uncurated_or_copy
data/raw/Aedes sierrensis/Aedes sierrensis/RawData_WithAllFieldNoises/CK/At Trail Xing Multiple 6_46.wav,dryad,Aedes sierrensis,Aedes sierrensis,unknown,Aedes sierrensis|field_at,827990ae1a28cf02c3092728e06c4513d1d93a529595a48e7f82ae6e5de190fa,827990ae1a28cf02c3092728e06c4513d1d93a529595a48e7f82ae6e5de190fa,3600370,,,,,.wav,sierrensis_uncurated_or_copy
data/raw/Aedes sierrensis/Aedes sierrensis/RawData_WithAllFieldNoises/CK/East Ridge Trail 6_27p.wav,dryad,Aedes sierrensis,Aedes sierrensis,unknown,Aedes sierrensis|field_east,e51b989794ec70127bbe6d8b2a9db4db91fa451ddef2fe5f21d94a9ef28bea60,e51b989794ec70127bbe6d8b2a9db4db91fa451ddef2fe5f21d94a9ef28bea60,2007026,,,,,.wav,sierrensis_uncurated_or_copy
data/raw/Aedes sierrensis/Aedes sierrensis/RawData_WithAllFieldNoises/CK/East ridge 2 Not In Bag 6_34.wav,dryad,Aedes sierrensis,Aedes sierrensis,unknown,Aedes sierrensis|field_east,dfc2c26a7aaa951afe21738742d3f8b6b8cbdbb54fc87ef442fcb96589a0a902,dfc2c26a7aaa951afe21738742d3f8b6b8cbdbb54fc87ef442fcb96589a0a902,3602418,,,,,.wav,sierrensis_uncurated_or_copy
data/raw/Aedes sierrensis/Aedes sierrensis/RawData_WithAllFieldNoises/CK/In the bag.wav,dryad,Aedes sierrensis,Aedes sierrensis,unknown,Aedes sierrensis|field_in,fbf8a54cf54e01f64c4358d28b4eb18f9d0c2730c9ec957464e580a996a625bc,fbf8a54cf54e01f64c4358d28b4eb18f9d0c2730c9ec957464e580a996a625bc,3801074,,,,,.wav,sierrensis_uncurated_or_copy
data/raw/Aedes sierrensis/Aedes sierrensis/RawData_WithAllFieldNoises/CK/Inside Bag 3 Next Morning 7_51a.wav,dryad,Aedes sierrensis,Aedes sierrensis,unknown,Aedes sierrensis|field_inside,334152b14208817f80a3727d5452f7cdf0e9625d3c89f8138b8e45f83a38d5e6,334152b14208817f80a3727d5452f7cdf0e9625d3c89f8138b8e45f83a38d5e6,2035698,,,,,.wav,sierrensis_uncurated_or_copy
data/raw/Aedes sierrensis/Aedes sierrensis/RawData_WithAllFieldNoises/CK/Multiple Swarming Trail Xing 6_52.wav,dryad,Aedes sierrensis,Aedes sierrensis,unknown,Aedes sierrensis|field_multiple,d38d644bcaf4c1342d647d649b7c80bc4d6f92e2f49d5e19a11c575365e27a3a,d38d644bcaf4c1342d647d649b7c80bc4d6f92e2f49d5e19a11c575365e27a3a,1921010,,,,,.wav,sierrensis_uncurated_or_copy
data/raw/Aedes sierrensis/Aedes sierrensis/RawData_WithAllFieldNoises/CK/Raw/2 Mosquitoes East Ridge 6_37.m4a,dryad,Aedes sierrensis,Aedes sierrensis,unknown,Aedes sierrensis|raw/Aedes sierrensis/Aedes sierrensis/RawData_WithAllFieldNoises/CK/Raw,a4af72dec0aee8b4c0f2702ab08943fdc51e0493ccb54fd8f4a3e600eaba78bd,a4af72dec0aee8b4c0f2702ab08943fdc51e0493ccb54fd8f4a3e600eaba78bd,232542,,,,,.m4a,sierrensis_uncurated_or_copy
data/raw/Aedes sierrensis/Aedes sierrensis/RawData_WithAllFieldNoises/CK/Raw/At Trail Crossing 2 6_44.m4a,dryad,Aedes sierrensis,Aedes sierrensis,unknown,Aedes sierrensis|field_at,dd70224e079ebc5b015153979b3bbce03dc1f841d3cb7df6a2c70615dbb16407,dd70224e079ebc5b015153979b3bbce03dc1f841d3cb7df6a2c70615dbb16407,211581,,,,,.m4a,sierrensis_uncurated_or_copy
data/raw/Aedes sierrensis/Aedes sierrensis/RawData_WithAllFieldNoises/CK/Raw/At Trail Crossing. 6_43.m4a,dryad,Aedes sierrensis,Aedes sierrensis,unknown,Aedes sierrensis|field_at,f4c78c72e41a4b5b6865f03a97435fb9cff8b9478be67a37ad5cf9c4ec044872,f4c78c72e41a4b5b6865f03a97435fb9cff8b9478be67a37ad5cf9c4ec044872,354230,,,,,.m4a,sierrensis_uncurated_or_copy
data/raw/Aedes sierrensis/Aedes sierrensis/RawData_WithAllFieldNoises/CK/Raw/At Trail Xing Multiple 6_46.m4a,dryad,Aedes sierrensis,Aedes sierrensis,unknown,Aedes sierrensis|field_at,b1995e3951eef1877234249e6a04f7cf57a370e7e5ca5ae46715f054e6e3c02b,b1995e3951eef1877234249e6a04f7cf57a370e7e5ca5ae46715f054e6e3c02b,328217,,,,,.m4a,sierrensis_uncurated_or_copy
data/raw/Aedes sierrensis/Aedes sierrensis/RawData_WithAllFieldNoises/CK/Raw/East Ridge Trail 6_27p.m4a,dryad,Aedes sierrensis,Aedes sierrensis,unknown,Aedes sierrensis|field_east,3f1ee5d8fb10546ba264ec185e782a165d90e13408192e35908d1a8fb8c41f7e,3f1ee5d8fb10546ba264ec185e782a165d90e13408192e35908d1a8fb8c41f7e,184407,,,,,.m4a,sierrensis_uncurated_or_copy
data/raw/Aedes sierrensis/Aedes sierrensis/RawData_WithAllFieldNoises/CK/Raw/East ridge 2 Not In Bag 6_34.m4a,dryad,Aedes sierrensis,Aedes sierrensis,unknown,Aedes sierrensis|field_east,2017149e33c8324e38c180c2c91d4ee241916501fe677a184ef672d706b4cf81,2017149e33c8324e38c180c2c91d4ee241916501fe677a184ef672d706b4cf81,328099,,,,,.m4a,sierrensis_uncurated_or_copy
data/raw/Aedes sierrensis/Aedes sierrensis/RawData_WithAllFieldNoises/CK/Raw/In the bag.m4a,dryad,Aedes sierrensis,Aedes sierrensis,unknown,Aedes sierrensis|field_in,80f1ef887a0fb0c341ad5c2bead5e76203e8c34a033a23733986f7d04e1fb2f7,80f1ef887a0fb0c341ad5c2bead5e76203e8c34a033a23733986f7d04e1fb2f7,350226,,,,,.m4a,sierrensis_uncurated_or_copy
data/raw/Aedes sierrensis/Aedes sierrensis/RawData_WithAllFieldNoises/CK/Raw/Inside Bag 3 Next Morning 7_51a.m4a,dryad,Aedes sierrensis,Aedes sierrensis,unknown,Aedes sierrensis|field_inside,72985ff33fddc1a33f87a7fdbbe766a4aeaad6ee08ff11e8ba5621fc25e752d5,72985ff33fddc1a33f87a7fdbbe766a4aeaad6ee08ff11e8ba5621fc25e752d5,186902,,,,,.m4a,sierrensis_uncurated_or_copy
data/raw/Aedes sierrensis/Aedes sierrensis/RawData_WithAllFieldNoises/CK/Raw/Multiple Swarming Trail Xing 6_52.m4a,dryad,Aedes sierrensis,Aedes sierrensis,unknown,Aedes sierrensis|field_multiple,d4a6e1c34caab667fa6884c44a6337e45b3497e898fbb85e11222948425dd9ae,d4a6e1c34caab667fa6884c44a6337e45b3497e898fbb85e11222948425dd9ae,175844,,,,,.m4a,sierrensis_uncurated_or_copy
data/raw/Aedes sierrensis/Aedes sierrensis/RawData_WithAllFieldNoises/CK/Raw/Trail Xing 6_54.m4a,dryad,Aedes sierrensis,Aedes sierrensis,unknown,Aedes sierrensis|field_trail,a0a24a50292e1050ddfaeca10064b53186c46f03e80f390ceb089a522235312b,a0a24a50292e1050ddfaeca10064b53186c46f03e80f390ceb089a522235312b,146086,,,,,.m4a,sierrensis_uncurated_or_copy
data/raw/Aedes sierrensis/Aedes sierrensis/RawData_WithAllFieldNoises/CK/Raw/Trail Xing 6_57.m4a,dryad,Aedes sierrensis,Aedes sierrensis,unknown,Aedes sierrensis|field_trail,f299dc88c157aaaebc754e40ee79f0c054fe40e00b06f4432d4a013bb67da6d6,f299dc88c157aaaebc754e40ee79f0c054fe40e00b06f4432d4a013bb67da6d6,169517,,,,,.m4a,sierrensis_uncurated_or_copy
data/raw/Aedes sierrensis/Aedes sierrensis/RawData_WithAllFieldNoises/CK/Raw/Trail Xing 7_04.m4a,dryad,Aedes sierrensis,Aedes sierrensis,unknown,Aedes sierrensis|field_trail,2de6e696d33609b92c7097480d8ffd27b8fa4e88735e4726e9d6581603510946,2de6e696d33609b92c7097480d8ffd27b8fa4e88735e4726e9d6581603510946,177923,,,,,.m4a,sierrensis_uncurated_or_copy
data/raw/Aedes sierrensis/Aedes sierrensis/RawData_WithAllFieldNoises/CK/Raw/Trail Xing 7_05.m4a,dryad,Aedes sierrensis,Aedes sierrensis,unknown,Aedes sierrensis|field_trail,1bd293169df95d476466b5717b8d0f619965257df698a2d0ece110274f221dc0,1bd293169df95d476466b5717b8d0f619965257df698a2d0ece110274f221dc0,264774,,,,,.m4a,sierrensis_uncurated_or_copy
data/raw/Aedes sierrensis/Aedes sierrensis/RawData_WithAllFieldNoises/CK/Raw/Trail Xing 7_15.m4a,dryad,Aedes sierrensis,Aedes sierrensis,unknown,Aedes sierrensis|field_trail,29743cfda935a8da0da6aa8c96a2d3c657c624fed3e4c4c30d12676c4dfa4082,29743cfda935a8da0da6aa8c96a2d3c657c624fed3e4c4c30d12676c4dfa4082,306274,,,,,.m4a,sierrensis_uncurated_or_copy
data/raw/Aedes sierrensis/Aedes sierrensis/RawData_WithAllFieldNoises/CK/Raw/Trail Xing 7_20.m4a,dryad,Aedes sierrensis,Aedes sierrensis,unknown,Aedes sierrensis|field_trail,0577eb9561744ff9cee7b85b210fb8d28c7982ea350df2ee94da0c1b643063b3,0577eb9561744ff9cee7b85b210fb8d28c7982ea350df2ee94da0c1b643063b3,207853,,,,,.m4a,sierrensis_uncurated_or_copy
data/raw/Aedes sierrensis/Aedes sierrensis/RawData_WithAllFieldNoises/CK/Raw/Trail Xing 7_22.m4a,dryad,Aedes sierrensis,Aedes sierrensis,unknown,Aedes sierrensis|field_trail,97131253e3ffe66c30b471d4077d99a856eb29117475d05b9152183bac6d1073,97131253e3ffe66c30b471d4077d99a856eb29117475d05b9152183bac6d1073,143030,,,,,.m4a,sierrensis_uncurated_or_copy
data/raw/Aedes sierrensis/Aedes sierrensis/RawData_WithAllFieldNoises/CK/Raw/Trail Xing 7_24.m4a,dryad,Aedes sierrensis,Aedes sierrensis,unknown,Aedes sierrensis|field_trail,ec58fa0dd7dc87a50e859683dc01f2f8983e9b8d55b130ad2507d5302248b6a2,ec58fa0dd7dc87a50e859683dc01f2f8983e9b8d55b130ad2507d5302248b6a2,191235,,,,,.m4a,sierrensis_uncurated_or_copy
data/raw/Aedes sierrensis/Aedes sierrensis/RawData_WithAllFieldNoises/CK/Raw/Trail Xing 7_25.m4a,dryad,Aedes sierrensis,Aedes sierrensis,unknown,Aedes sierrensis|field_trail,5d743fd3b134310e34e0554246717395cf8c4007d20b67244bbb0d196f8094f7,5d743fd3b134310e34e0554246717395cf8c4007d20b67244bbb0d196f8094f7,157249,,,,,.m4a,sierrensis_uncurated_or_copy
data/raw/Aedes sierrensis/Aedes sierrensis/RawData_WithAllFieldNoises/CK/Raw/Trail Xing 7_27.m4a,dryad,Aedes sierrensis,Aedes sierrensis,unknown,Aedes sierrensis|field_trail,625884e4400be13905f26dd6cad0922ec3e75f404687c8ac1e4ab5fdc5c2547d,625884e4400be13905f26dd6cad0922ec3e75f404687c8ac1e4ab5fdc5c2547d,216359,,,,,.m4a,sierrensis_uncurated_or_copy
data/raw/Aedes sierrensis/Aedes sierrensis/RawData_WithAllFieldNoises/CK/Trail Xing 6_54.wav,dryad,Aedes sierrensis,Aedes sierrensis,unknown,Aedes sierrensis|field_trail,5390cee3c296e9092c28ff7160647c79ef4f8ae1293f0d691dba18fa14d3a96f,5390cee3c296e9092c28ff7160647c79ef4f8ae1293f0d691dba18fa14d3a96f,1593330,,,,,.wav,sierrensis_uncurated_or_copy
data/raw/Aedes sierrensis/Aedes sierrensis/RawData_WithAllFieldNoises/CK/Trail Xing 6_57.wav,dryad,Aedes sierrensis,Aedes sierrensis,unknown,Aedes sierrensis|field_trail,55326857a8e476047b718c1c672059d67421df950442fc1ee7f1b9934fade82b,55326857a8e476047b718c1c672059d67421df950442fc1ee7f1b9934fade82b,1853426,,,,,.wav,sierrensis_uncurated_or_copy
data/raw/Aedes sierrensis/Aedes sierrensis/RawData_WithAllFieldNoises/CK/Trail Xing 7_04.wav,dryad,Aedes sierrensis,Aedes sierrensis,unknown,Aedes sierrensis|field_trail,4527950b4787a836498499cc6a2d5bb312bec161e6a7a9118c223658259fe0db,4527950b4787a836498499cc6a2d5bb312bec161e6a7a9118c223658259fe0db,1941490,,,,,.wav,sierrensis_uncurated_or_copy
data/raw/Aedes sierrensis/Aedes sierrensis/RawData_WithAllFieldNoises/CK/Trail Xing 7_05.wav,dryad,Aedes sierrensis,Aedes sierrensis,unknown,Aedes sierrensis|field_trail,2a0f2236453d1ccf83f7441e3e28d08219eda98bfa2d45124accad895427b31f,2a0f2236453d1ccf83f7441e3e28d08219eda98bfa2d45124accad895427b31f,2899954,,,,,.wav,sierrensis_uncurated_or_copy
data/raw/Aedes sierrensis/Aedes sierrensis/RawData_WithAllFieldNoises/CK/Trail Xing 7_15.wav,dryad,Aedes sierrensis,Aedes sierrensis,unknown,Aedes sierrensis|field_trail,54857f8931ae0e396ec856b13db0645caff5e23e502d738d1408054b843fec6f,54857f8931ae0e396ec856b13db0645caff5e23e502d738d1408054b843fec6f,3350514,,,,,.wav,sierrensis_uncurated_or_copy
data/raw/Aedes sierrensis/Aedes sierrensis/RawData_WithAllFieldNoises/CK/Trail Xing 7_20.wav,dryad,Aedes sierrensis,Aedes sierrensis,unknown,Aedes sierrensis|field_trail,7244acdee0b2b62c6f6e0dcac95e41d020a297be9decbca8d7746e6315348643,7244acdee0b2b62c6f6e0dcac95e41d020a297be9decbca8d7746e6315348643,2273266,,,,,.wav,sierrensis_uncurated_or_copy
data/raw/Aedes sierrensis/Aedes sierrensis/RawData_WithAllFieldNoises/CK/Trail Xing 7_22.wav,dryad,Aedes sierrensis,Aedes sierrensis,unknown,Aedes sierrensis|field_trail,1a08947f94f1910b893b5cb939f260371f916ad075e03126c2abb3d734c16982,1a08947f94f1910b893b5cb939f260371f916ad075e03126c2abb3d734c16982,1558514,,,,,.wav,sierrensis_uncurated_or_copy
data/raw/Aedes sierrensis/Aedes sierrensis/RawData_WithAllFieldNoises/CK/Trail Xing 7_24.wav,dryad,Aedes sierrensis,Aedes sierrensis,unknown,Aedes sierrensis|field_trail,8f1f2e6a5a0ee9c3cb179ece04a9ce6266df2920450a2e2ba4997c56f7161f81,8f1f2e6a5a0ee9c3cb179ece04a9ce6266df2920450a2e2ba4997c56f7161f81,2097138,,,,,.wav,sierrensis_uncurated_or_copy
data/raw/Aedes sierrensis/Aedes sierrensis/RawData_WithAllFieldNoises/CK/Trail Xing 7_25.wav,dryad,Aedes sierrensis,Aedes sierrensis,unknown,Aedes sierrensis|field_trail,95576d9f7b63341355a35744be621e1340967c5e0e23f2eb42ba1223b34c39e3,95576d9f7b63341355a35744be621e1340967c5e0e23f2eb42ba1223b34c39e3,1710066,,,,,.wav,sierrensis_uncurated_or_copy
data/raw/Aedes sierrensis/Aedes sierrensis/RawData_WithAllFieldNoises/CK/Trail Xing 7_27.wav,dryad,Aedes sierrensis,Aedes sierrensis,unknown,Aedes sierrensis|field_trail,8e7dde1819d6c6be89b2bd9d8be0932e9d22db51c740f6f6c7d8b30be00e9d60,8e7dde1819d6c6be89b2bd9d8be0932e9d22db51c740f6f6c7d8b30be00e9d60,2369522,,,,,.wav,sierrensis_uncurated_or_copy
data/raw/Aedes sierrensis/Aedes sierrensis/RawData_WithAllFieldNoises/DK/dk small sequioa ff 1922.wav,dryad,Aedes sierrensis,Aedes sierrensis,unknown,Aedes sierrensis|field_dk,083dc108cc7c7e7a53466dc61de32deeeee3cde93adf62a1b1ccdc854ea99881,083dc108cc7c7e7a53466dc61de32deeeee3cde93adf62a1b1ccdc854ea99881,444460,,,,,.wav,sierrensis_uncurated_or_copy
data/raw/Aedes sierrensis/Aedes sierrensis/RawData_WithAllFieldNoises/DK/dk small sequioa ff 1923.wav,dryad,Aedes sierrensis,Aedes sierrensis,unknown,Aedes sierrensis|field_dk,48c3609dddd2142d5eca5499f1491f5fe0fcf0793b5109339189b995eb0bab7a,48c3609dddd2142d5eca5499f1491f5fe0fcf0793b5109339189b995eb0bab7a,573484,,,,,.wav,sierrensis_uncurated_or_copy
data/raw/Aedes sierrensis/Aedes sierrensis/RawData_WithAllFieldNoises/DK/rec_20160817-1801 dk small near sequoia ff.wav,dryad,Aedes sierrensis,Aedes sierrensis,unknown,Aedes sierrensis|field_rec,e574e9fa49e62eb367030a18febd7d2838f43f1d1d048f4fd373063544204304,e574e9fa49e62eb367030a18febd7d2838f43f1d1d048f4fd373063544204304,379948,,,,,.wav,sierrensis_uncurated_or_copy
data/raw/Aedes sierrensis/Aedes sierrensis/RawData_WithAllFieldNoises/DK/rec_20160817-1801 dk small sequioa ff.wav,dryad,Aedes sierrensis,Aedes sierrensis,unknown,Aedes sierrensis|field_rec,d78918f947ad94d18a2feec7f8292856cfa7e99221b491a8636e59bdff06dab3,d78918f947ad94d18a2feec7f8292856cfa7e99221b491a8636e59bdff06dab3,1727532,,,,,.wav,sierrensis_uncurated_or_copy
data/raw/Aedes sierrensis/Aedes sierrensis/RawData_WithAllFieldNoises/DK/rec_20160817-1810 dk small species sequio ff.wav,dryad,Aedes sierrensis,Aedes sierrensis,unknown,Aedes sierrensis|field_rec,3c59875e1a86fdb03e60594e27a8d5be82cc422ce57d1af9cccbccaec24f8624,3c59875e1a86fdb03e60594e27a8d5be82cc422ce57d1af9cccbccaec24f8624,494636,,,,,.wav,sierrensis_uncurated_or_copy
data/raw/Aedes sierrensis/Aedes sierrensis/RawData_WithAllFieldNoises/DK/rec_20160817-1811 dk small sp sequioa ff.wav,dryad,Aedes sierrensis,Aedes sierrensis,unknown,Aedes sierrensis|field_rec,12420c60c6c50ce1526909c93e19a58a5cf9e151adf244d2a99c3ce21c3fc764,12420c60c6c50ce1526909c93e19a58a5cf9e151adf244d2a99c3ce21c3fc764,372780,,,,,.wav,sierrensis_uncurated_or_copy
data/raw/Aedes sierrensis/Aedes sierrensis/RawData_WithAllFieldNoises/DK/rec_20160817-1813 dk small sequio ff.wav,dryad,Aedes sierrensis,Aedes sierrensis,unknown,Aedes sierrensis|field_rec,10d449d27c633808fb82a8d791ed892de0a5aec3591a737dbb77e594db32277e,10d449d27c633808fb82a8d791ed892de0a5aec3591a737dbb77e594db32277e,415788,,,,,.wav,sierrensis_uncurated_or_copy
data/raw/Aedes sierrensis/Aedes sierrensis/RawData_WithAllFieldNoises/DK/rec_20160817-1815 dk small sequio ff.wav,dryad,Aedes sierrensis,Aedes sierrensis,unknown,Aedes sierrensis|field_rec,4e2ad2c2fc5963744a9c3a111594245e5972512d5db1f4ba137055751ad73557,4e2ad2c2fc5963744a9c3a111594245e5972512d5db1f4ba137055751ad73557,501804,,,,,.wav,sierrensis_uncurated_or_copy
data/raw/Aedes sierrensis/Aedes sierrensis/RawData_WithAllFieldNoises/DK/rec_20160817-1820 dk small sp sequioa ff.wav,dryad,Aedes sierrensis,Aedes sierrensis,unknown,Aedes sierrensis|field_rec,12cbb201035c806c7627f5f8f41292be35508ea220b3c9183f9858fb5b60d660,12cbb201035c806c7627f5f8f41292be35508ea220b3c9183f9858fb5b60d660,164908,,,,,.wav,sierrensis_uncurated_or_copy
data/raw/Aedes sierrensis/Aedes sierrensis/RawData_WithAllFieldNoises/DK/rec_20160817-1821 dk small sp sequioa a ff.wav,dryad,Aedes sierrensis,Aedes sierrensis,unknown,Aedes sierrensis|field_rec,4bda3a3e02907784eded138515394a468d69cd247b8870a55a85c86aeb12b6c9,4bda3a3e02907784eded138515394a468d69cd247b8870a55a85c86aeb12b6c9,200748,,,,,.wav,sierrensis_uncurated_or_copy
data/raw/Aedes sierrensis/Aedes sierrensis/RawData_WithAllFieldNoises/DK/rec_20160817-1822 dk small sp sequioa ff.wav,dryad,Aedes sierrensis,Aedes sierrensis,unknown,Aedes sierrensis|field_rec,51b208b3a1612bda7d3f77471e173481683ed1b42342c90de7f8c31968eeec0c,51b208b3a1612bda7d3f77471e173481683ed1b42342c90de7f8c31968eeec0c,594988,,,,,.wav,sierrensis_uncurated_or_copy
data/raw/Aedes sierrensis/Aedes sierrensis/RawData_WithAllFieldNoises/DK/rec_20160817-1823 dk small sp sequioa ff.wav,dryad,Aedes sierrensis,Aedes sierrensis,unknown,Aedes sierrensis|field_rec,3a9788b692ece1066e3997757e255f64884b4f4562eb0ec2f239edd391651ee8,3a9788b692ece1066e3997757e255f64884b4f4562eb0ec2f239edd391651ee8,322604,,,,,.wav,sierrensis_uncurated_or_copy
data/raw/Aedes sierrensis/Aedes sierrensis/RawData_WithAllFieldNoises/DK/rec_20160817-1824 dk small sp sequioa ff.wav,dryad,Aedes sierrensis,Aedes sierrensis,unknown,Aedes sierrensis|field_rec,20ada00003c48c981d1d8fec5ca91a8ab06264e4e1de475fb529805a428c8d21,20ada00003c48c981d1d8fec5ca91a8ab06264e4e1de475fb529805a428c8d21,1447980,,,,,.wav,sierrensis_uncurated_or_copy
data/raw/Aedes sierrensis/Aedes sierrensis/RawData_WithAllFieldNoises/DK/rec_20160817-1856 dk small sp sherman ff.wav,dryad,Aedes sierrensis,Aedes sierrensis,unknown,Aedes sierrensis|field_rec,5dbfc28f575fb56cb7fddc65b24a0e5d8229d239896abdf76970ff0a5d26040f,5dbfc28f575fb56cb7fddc65b24a0e5d8229d239896abdf76970ff0a5d26040f,659500,,,,,.wav,sierrensis_uncurated_or_copy
data/raw/Aedes sierrensis/Aedes sierrensis/RawData_WithAllFieldNoises/DK/rec_20160817-1913dk small sequioa ff.wav,dryad,Aedes sierrensis,Aedes sierrensis,unknown,Aedes sierrensis|field_rec,d5937b4894187ccfba9868cf406dc61ea89d8a858bd227895232f826ef2a7e9c,d5937b4894187ccfba9868cf406dc61ea89d8a858bd227895232f826ef2a7e9c,222252,,,,,.wav,sierrensis_uncurated_or_copy
data/raw/Aedes sierrensis/Aedes sierrensis/RawData_WithAllFieldNoises/DK/rec_20160817-1914 dk small sequioa ff.wav,dryad,Aedes sierrensis,Aedes sierrensis,unknown,Aedes sierrensis|field_rec,16e8a4c27c9200d27f38dad9390b1bec5eff7a72192c8508b8b82fb48f9afecb,16e8a4c27c9200d27f38dad9390b1bec5eff7a72192c8508b8b82fb48f9afecb,344108,,,,,.wav,sierrensis_uncurated_or_copy
data/raw/Aedes sierrensis/Aedes sierrensis/RawData_WithAllFieldNoises/DK/rec_20160817-1915 dk small sequioa ff.wav,dryad,Aedes sierrensis,Aedes sierrensis,unknown,Aedes sierrensis|field_rec,7b0159845a4f4801a1ac62265aa3506c5e7942e395071bc8c6017ed8e600b27f,7b0159845a4f4801a1ac62265aa3506c5e7942e395071bc8c6017ed8e600b27f,207916,,,,,.wav,sierrensis_uncurated_or_copy
data/raw/Aedes sierrensis/Aedes sierrensis/RawData_WithAllFieldNoises/DK/rec_20160817-1916 dk small sequioa ff.wav,dryad,Aedes sierrensis,Aedes sierrensis,unknown,Aedes sierrensis|field_rec,76ba91d460ae210ca8fd99003ea407c54567074b782c39df3d1838425e7332ca,76ba91d460ae210ca8fd99003ea407c54567074b782c39df3d1838425e7332ca,408620,,,,,.wav,sierrensis_uncurated_or_copy
data/raw/Aedes sierrensis/Aedes sierrensis/RawData_WithAllFieldNoises/DK/rec_20160817-1917 dk small sequioa ff.wav,dryad,Aedes sierrensis,Aedes sierrensis,unknown,Aedes sierrensis|field_rec,2d32eeb79803e315e328bb7f7ff7b07aac2bd89717a8e35d77e0e438fd913e10,2d32eeb79803e315e328bb7f7ff7b07aac2bd89717a8e35d77e0e438fd913e10,1584172,,,,,.wav,sierrensis_uncurated_or_copy
data/raw/Aedes sierrensis/Aedes sierrensis/RawData_WithAllFieldNoises/DK/rec_20160817-1918 dk small sequioa ff.wav,dryad,Aedes sierrensis,Aedes sierrensis,unknown,Aedes sierrensis|field_rec,ad2742b1f0d333877f2729e2fab1db6e8846df00a5245e24584dd7c0979f1ecd,ad2742b1f0d333877f2729e2fab1db6e8846df00a5245e24584dd7c0979f1ecd,738348,,,,,.wav,sierrensis_uncurated_or_copy
data/raw/Aedes sierrensis/Aedes sierrensis/RawData_WithAllFieldNoises/DK/rec_20160817-1919 dk small sequioa ff.wav,dryad,Aedes sierrensis,Aedes sierrensis,unknown,Aedes sierrensis|field_rec,5d5008801518e3ab791d295d1c4b137957b1ffe2a6861524bf249486b0b7c700,5d5008801518e3ab791d295d1c4b137957b1ffe2a6861524bf249486b0b7c700,379948,,,,,.wav,sierrensis_uncurated_or_copy
data/raw/Aedes sierrensis/Aedes sierrensis/RawData_WithAllFieldNoises/DK/rec_20160817-1920 dk small sequioa ff.wav,dryad,Aedes sierrensis,Aedes sierrensis,unknown,Aedes sierrensis|field_rec,19593f896f7cb435ad04e7acc27e427eafd764c85016f492b1e8441937a8455f,19593f896f7cb435ad04e7acc27e427eafd764c85016f492b1e8441937a8455f,551980,,,,,.wav,sierrensis_uncurated_or_copy
data/raw/Aedes sierrensis/Aedes sierrensis/RawData_WithAllFieldNoises/DK/rec_20160817-1921 dk small sequioa ff.wav,dryad,Aedes sierrensis,Aedes sierrensis,unknown,Aedes sierrensis|field_rec,488e313ba0c9d0009b22eef147205ede7412cb3f1e03abc539e1a0cd913ad72b,488e313ba0c9d0009b22eef147205ede7412cb3f1e03abc539e1a0cd913ad72b,724012,,,,,.wav,sierrensis_uncurated_or_copy
data/raw/Aedes sierrensis/Aedes sierrensis/RawData_WithAllFieldNoises/DK/rec_20160817-1924 dk small sequioa ff.wav,dryad,Aedes sierrensis,Aedes sierrensis,unknown,Aedes sierrensis|field_rec,13a18e567149b326e377150b88e45fd5a8b759e60b4365897118e2fb72a61d89,13a18e567149b326e377150b88e45fd5a8b759e60b4365897118e2fb72a61d89,451628,,,,,.wav,sierrensis_uncurated_or_copy
data/raw/Aedes sierrensis/Aedes sierrensis/RawData_WithAllFieldNoises/DK/rec_20160817-1926 dk small sequioa ff.wav,dryad,Aedes sierrensis,Aedes sierrensis,unknown,Aedes sierrensis|field_rec,9a23d02c42e4507debdf2ede18bf5888b6b5c192d8e22b0a008cfab6a24fdfd9,9a23d02c42e4507debdf2ede18bf5888b6b5c192d8e22b0a008cfab6a24fdfd9,473132,,,,,.wav,sierrensis_uncurated_or_copy
data/raw/Aedes sierrensis/Aedes sierrensis/RawData_WithAllFieldNoises/DK/rec_20160817-2001 dk plot ff.wav,dryad,Aedes sierrensis,Aedes sierrensis,unknown,Aedes sierrensis|field_rec,f7fd1724549deb6d184a61b3ac4eda8f5b0411df104125399a124b180a2acae8,f7fd1724549deb6d184a61b3ac4eda8f5b0411df104125399a124b180a2acae8,501804,,,,,.wav,sierrensis_uncurated_or_copy
data/raw/Aedes sierrensis/Aedes sierrensis/RawData_WithAllFieldNoises/DK/rec_20160817-2002 plot dk ff.wav,dryad,Aedes sierrensis,Aedes sierrensis,unknown,Aedes sierrensis|field_rec,4d2bb5b78783eafcd25bcf184abc55c621b237fa1e144702d24a85aeec366a81,4d2bb5b78783eafcd25bcf184abc55c621b237fa1e144702d24a85aeec366a81,286764,,,,,.wav,sierrensis_uncurated_or_copy
data/raw/Aedes sierrensis/Aedes sierrensis/RawData_WithAllFieldNoises/DK/rec_20160817-2003 dk plot ff.wav,dryad,Aedes sierrensis,Aedes sierrensis,unknown,Aedes sierrensis|field_rec,7ecae3c0299cb62d99ae19c1aaacec54ceea08978ed875ca913c085b14271439,7ecae3c0299cb62d99ae19c1aaacec54ceea08978ed875ca913c085b14271439,336940,,,,,.wav,sierrensis_uncurated_or_copy
data/raw/Aedes sierrensis/Aedes sierrensis/RawData_WithAllFieldNoises/DK/rec_20160817-2004 dk plot ff.wav,dryad,Aedes sierrensis,Aedes sierrensis,unknown,Aedes sierrensis|field_rec,07fcae6ccf8eb99b5c4db68bc4625506a317a8ec858c32aebb257626a5cee3ff,07fcae6ccf8eb99b5c4db68bc4625506a317a8ec858c32aebb257626a5cee3ff,379948,,,,,.wav,sierrensis_uncurated_or_copy
data/raw/Aedes sierrensis/Aedes sierrensis/RawData_WithAllFieldNoises/DK/rec_20160817-2005 dk plot ff.wav,dryad,Aedes sierrensis,Aedes sierrensis,unknown,Aedes sierrensis|field_rec,445df1eea6f4acd549a881dbcbfa84e4c0f54205032ee1a5e28d69896faf7a69,445df1eea6f4acd549a881dbcbfa84e4c0f54205032ee1a5e28d69896faf7a69,394284,,,,,.wav,sierrensis_uncurated_or_copy
data/raw/Aedes sierrensis/Aedes sierrensis/RawData_WithAllFieldNoises/FH/Cross Pine And East 1.wav,dryad,Aedes sierrensis,Aedes sierrensis,unknown,Aedes sierrensis|field_cross,e1c6aed662aa738d198ef64e5eae51da26167258cf436ca8200d0e94e7c0509d,e1c6aed662aa738d198ef64e5eae51da26167258cf436ca8200d0e94e7c0509d,1667058,,,,,.wav,sierrensis_uncurated_or_copy
data/raw/Aedes sierrensis/Aedes sierrensis/RawData_WithAllFieldNoises/FH/Cross Pine East 1.wav,dryad,Aedes sierrensis,Aedes sierrensis,unknown,Aedes sierrensis|field_cross,ccc2734c65f9147b759f82ec8bcc9c718a5a1f51ca6625eee448a8d4e18bbe89,ccc2734c65f9147b759f82ec8bcc9c718a5a1f51ca6625eee448a8d4e18bbe89,1552370,,,,,.wav,sierrensis_uncurated_or_copy
data/raw/Aedes sierrensis/Aedes sierrensis/RawData_WithAllFieldNoises/FH/Peak 1 (1).wav,dryad,Aedes sierrensis,Aedes sierrensis,unknown,Aedes sierrensis|field_peak,5596ce3ed8b7168a2556d17dcf35b819825d574d8637bdc0e7a24a62c141461d,5596ce3ed8b7168a2556d17dcf35b819825d574d8637bdc0e7a24a62c141461d,2011122,,,,,.wav,sierrensis_uncurated_or_copy
data/raw/Aedes sierrensis/Aedes sierrensis/RawData_WithAllFieldNoises/FH/Peak 1.wav,dryad,Aedes sierrensis,Aedes sierrensis,unknown,Aedes sierrensis|field_peak,3a57d4aaf69e8720c215648f5a9c9f7bfdc313054cd2fe648e650a5652503036,3a57d4aaf69e8720c215648f5a9c9f7bfdc313054cd2fe648e650a5652503036,1499122,,,,,.wav,sierrensis_uncurated_or_copy
data/raw/Aedes sierrensis/Aedes sierrensis/RawData_WithAllFieldNoises/FH/Raw/Cross Pine And East 1.m4a,dryad,Aedes sierrensis,Aedes sierrensis,unknown,Aedes sierrensis|field_cross,4559e96209abdf845e19318b90b0bbd09d52f58d7d4964960daca72eba20b332,4559e96209abdf845e19318b90b0bbd09d52f58d7d4964960daca72eba20b332,153145,,,,,.m4a,sierrensis_uncurated_or_copy
data/raw/Aedes sierrensis/Aedes sierrensis/RawData_WithAllFieldNoises/FH/Raw/Cross Pine East 1.m4a,dryad,Aedes sierrensis,Aedes sierrensis,unknown,Aedes sierrensis|field_cross,5be11b86463cecc1a455ace7a25b6e374ae3e4edb6c6934eadb14b529312de7e,5be11b86463cecc1a455ace7a25b6e374ae3e4edb6c6934eadb14b529312de7e,143124,,,,,.m4a,sierrensis_uncurated_or_copy
data/raw/Aedes sierrensis/Aedes sierrensis/RawData_WithAllFieldNoises/FH/Raw/Peak 1 (1).m4a,dryad,Aedes sierrensis,Aedes sierrensis,unknown,Aedes sierrensis|field_peak,be374b9c063b48be555a42afe6721c5548ada3b9e2f3b2b443c3c6cf682f2583,be374b9c063b48be555a42afe6721c5548ada3b9e2f3b2b443c3c6cf682f2583,189090,,,,,.m4a,sierrensis_uncurated_or_copy
data/raw/Aedes sierrensis/Aedes sierrensis/RawData_WithAllFieldNoises/FH/Raw/Peak 1.m4a,dryad,Aedes sierrensis,Aedes sierrensis,unknown,Aedes sierrensis|field_peak,f1c631967192d8c2d0dcc1702c1ce490c482ea672d0edc75c16d73382ed7e23c,f1c631967192d8c2d0dcc1702c1ce490c482ea672d0edc75c16d73382ed7e23c,139587,,,,,.m4a,sierrensis_uncurated_or_copy
data/raw/Aedes sierrensis/Aedes sierrensis/RawData_WithAllFieldNoises/HP/08-17-2016-131817.wav,dryad,Aedes sierrensis,Aedes sierrensis,unknown,Aedes sierrensis|raw/Aedes sierrensis/Aedes sierrensis/RawData_WithAllFieldNoises/HP,28b297f959ef571033e8592d93a29aa0d819f21c267286691805613b8c15c229,28b297f959ef571033e8592d93a29aa0d819f21c267286691805613b8c15c229,2580524,,,,,.wav,sierrensis_uncurated_or_copy
data/raw/Aedes sierrensis/Aedes sierrensis/RawData_WithAllFieldNoises/HP/08-17-2016-181559.wav,dryad,Aedes sierrensis,Aedes sierrensis,unknown,Aedes sierrensis|raw/Aedes sierrensis/Aedes sierrensis/RawData_WithAllFieldNoises/HP,4de91c067ce353be25b16f4b965dfb25b49d04a0447092fef64755af8c91f866,4de91c067ce353be25b16f4b965dfb25b49d04a0447092fef64755af8c91f866,3548204,,,,,.wav,sierrensis_uncurated_or_copy
data/raw/Aedes sierrensis/Aedes sierrensis/RawData_WithAllFieldNoises/HP/08-17-2016-182115.wav,dryad,Aedes sierrensis,Aedes sierrensis,unknown,Aedes sierrensis|raw/Aedes sierrensis/Aedes sierrensis/RawData_WithAllFieldNoises/HP,c668f4de5735b47c12708fad4b6cf3e2a7fcee86a4ef05ec26519543f92427bf,c668f4de5735b47c12708fad4b6cf3e2a7fcee86a4ef05ec26519543f92427bf,1290284,,,,,.wav,sierrensis_uncurated_or_copy
data/raw/Aedes sierrensis/Aedes sierrensis/RawData_WithAllFieldNoises/HP/08-17-2016-185015 sherman Grove small f falcon tube .wav,dryad,Aedes sierrensis,Aedes sierrensis,unknown,Aedes sierrensis|raw/Aedes sierrensis/Aedes sierrensis/RawData_WithAllFieldNoises/HP,c3b5ad498c5be9589a949c843d07733c3d841ef46b8cafda72ed879bf27fcfd9,c3b5ad498c5be9589a949c843d07733c3d841ef46b8cafda72ed879bf27fcfd9,2042924,,,,,.wav,sierrensis_uncurated_or_copy
data/raw/Aedes sierrensis/Aedes sierrensis/RawData_WithAllFieldNoises/HP/08-17-2016-191347 sequoia f small .wav,dryad,Aedes sierrensis,Aedes sierrensis,unknown,Aedes sierrensis|raw/Aedes sierrensis/Aedes sierrensis/RawData_WithAllFieldNoises/HP,cd38b95e3ba0cac01e42dbcd025fd160e14482b7b82df261b2b31bde6dbc082d,cd38b95e3ba0cac01e42dbcd025fd160e14482b7b82df261b2b31bde6dbc082d,1182764,,,,,.wav,sierrensis_uncurated_or_copy
data/raw/Aedes sierrensis/Aedes sierrensis/RawData_WithAllFieldNoises/HP/08-17-2016-191611 sequoia f small .wav,dryad,Aedes sierrensis,Aedes sierrensis,unknown,Aedes sierrensis|raw/Aedes sierrensis/Aedes sierrensis/RawData_WithAllFieldNoises/HP,6ea045e684c12b89d81dcb3a1a1902f226ecf5c9107f0249897f636d808df118,6ea045e684c12b89d81dcb3a1a1902f226ecf5c9107f0249897f636d808df118,537644,,,,,.wav,sierrensis_uncurated_or_copy
data/raw/Aedes sierrensis/Aedes sierrensis/RawData_WithAllFieldNoises/HP/08-17-2016-191711 sequoia f small .wav,dryad,Aedes sierrensis,Aedes sierrensis,unknown,Aedes sierrensis|raw/Aedes sierrensis/Aedes sierrensis/RawData_WithAllFieldNoises/HP,8f80a516a4df0c0359a1e35b72f8130bb86364e0ab9df59133979de161ea6791,8f80a516a4df0c0359a1e35b72f8130bb86364e0ab9df59133979de161ea6791,1612844,,,,,.wav,sierrensis_uncurated_or_copy
data/raw/Aedes sierrensis/Aedes sierrensis/RawData_WithAllFieldNoises/HP/08-17-2016-192005 sequoia f small free flight .wav,dryad,Aedes sierrensis,Aedes sierrensis,unknown,Aedes sierrensis|raw/Aedes sierrensis/Aedes sierrensis/RawData_WithAllFieldNoises/HP,1e0cdc70a0fca2c357cfbc387514d0cc628b09b81c9a107774dbdc53f3382be9,1e0cdc70a0fca2c357cfbc387514d0cc628b09b81c9a107774dbdc53f3382be9,1505324,,,,,.wav,sierrensis_uncurated_or_copy
data/raw/Aedes sierrensis/Aedes sierrensis/RawData_WithAllFieldNoises/HP/08-17-2016-192055 sequoia f small .wav,dryad,Aedes sierrensis,Aedes sierrensis,unknown,Aedes sierrensis|raw/Aedes sierrensis/Aedes sierrensis/RawData_WithAllFieldNoises/HP,2d53283c5d49c2e11bad9fdc6de94ce6495684069d182ee822f6dde90ae48858,2d53283c5d49c2e11bad9fdc6de94ce6495684069d182ee822f6dde90ae48858,537644,,,,,.wav,sierrensis_uncurated_or_copy
data/raw/Aedes sierrensis/Aedes sierrensis/RawData_WithAllFieldNoises/HP/08-17-2016-192443 sequoia f 1923c.wav,dryad,Aedes sierrensis,Aedes sierrensis,unknown,Aedes sierrensis|raw/Aedes sierrensis/Aedes sierrensis/RawData_WithAllFieldNoises/HP,dfa4bd25a0bdaf307542b5bffdaa1e113897cce991dfdd26c71e0e68f30c4630,dfa4bd25a0bdaf307542b5bffdaa1e113897cce991dfdd26c71e0e68f30c4630,1720364,,,,,.wav,sierrensis_uncurated_or_copy
data/raw/Aedes sierrensis/Aedes sierrensis/RawData_WithAllFieldNoises/HP/08-17-2016-192543 sequoia f 1923b.wav,dryad,Aedes sierrensis,Aedes sierrensis,unknown,Aedes sierrensis|raw/Aedes sierrensis/Aedes sierrensis/RawData_WithAllFieldNoises/HP,b7f0c37cf89576151eef3bdd8d718f4bda4c4e3abca457cf388321da70391134,b7f0c37cf89576151eef3bdd8d718f4bda4c4e3abca457cf388321da70391134,2795564,,,,,.wav,sierrensis_uncurated_or_copy
data/raw/Aedes sierrensis/Aedes sierrensis/RawData_WithAllFieldNoises/HP/08-17-2016-192711 sequoia f 1923a.wav,dryad,Aedes sierrensis,Aedes sierrensis,unknown,Aedes sierrensis|raw/Aedes sierrensis/Aedes sierrensis/RawData_WithAllFieldNoises/HP,baa2dd1999aa44e812852635a8fcaf620684624788df056f23973ee8b7c643c9,baa2dd1999aa44e812852635a8fcaf620684624788df056f23973ee8b7c643c9,1290284,,,,,.wav,sierrensis_uncurated_or_copy
data/raw/Aedes sierrensis/Aedes sierrensis/RawData_WithAllFieldNoises/LK/Raw/Summit1.m4a,dryad,Aedes sierrensis,Aedes sierrensis,unknown,Aedes sierrensis|field_summit,6ae680f781d64fa1b0dce05bef70da02fef514415250f2d270edc3558b667d3d,6ae680f781d64fa1b0dce05bef70da02fef514415250f2d270edc3558b667d3d,178458,,,,,.m4a,sierrensis_uncurated_or_copy
data/raw/Aedes sierrensis/Aedes sierrensis/RawData_WithAllFieldNoises/LK/Summit1.wav,dryad,Aedes sierrensis,Aedes sierrensis,unknown,Aedes sierrensis|field_summit,1f4533da5d81b18c48253eec33eb614774aa5e05bde841dafa742751bc5f0f7f,1f4533da5d81b18c48253eec33eb614774aa5e05bde841dafa742751bc5f0f7f,1945586,,,,,.wav,sierrensis_uncurated_or_copy
data/raw/Aedes sierrensis/Aedes sierrensis/RawData_WithAllFieldNoises/MB/Voice 10.wav,dryad,Aedes sierrensis,Aedes sierrensis,unknown,Aedes sierrensis|field_voice,159dd02cfb844b4780c3ee8c2d4a44eb23527446fd92da2e2596c19409801f5c,159dd02cfb844b4780c3ee8c2d4a44eb23527446fd92da2e2596c19409801f5c,3281084,,,,,.wav,sierrensis_uncurated_or_copy
data/raw/Aedes sierrensis/Aedes sierrensis/RawData_WithAllFieldNoises/MB/Voice 17.wav,dryad,Aedes sierrensis,Aedes sierrensis,unknown,Aedes sierrensis|field_voice,b61b00dd9a3306c6a68798120a755a4cb28a9f317f84a0565be46ea5ad22f1bb,b61b00dd9a3306c6a68798120a755a4cb28a9f317f84a0565be46ea5ad22f1bb,571580,,,,,.wav,sierrensis_uncurated_or_copy
data/raw/Aedes sierrensis/Aedes sierrensis/RawData_WithAllFieldNoises/MB/ds1-tinyspecies-parkinglot-454.wav,dryad,Aedes sierrensis,Aedes sierrensis,unknown,Aedes sierrensis|field_ds,bed01f799af4130fab9660a7d1b368181b9e4e81de984b75e491b2e70c5258ed,bed01f799af4130fab9660a7d1b368181b9e4e81de984b75e491b2e70c5258ed,1629980,,,,,.wav,sierrensis_uncurated_or_copy
data/raw/Aedes sierrensis/Aedes sierrensis/RawData_WithAllFieldNoises/MB/mb-2a-532.wav,dryad,Aedes sierrensis,Aedes sierrensis,unknown,Aedes sierrensis|field_mb,32e54cba3244f4df22f62ddaa3633da4ed6659ce478b7a3705d68292de7f15f7,32e54cba3244f4df22f62ddaa3633da4ed6659ce478b7a3705d68292de7f15f7,2159180,,,,,.wav,sierrensis_uncurated_or_copy
data/raw/Aedes sierrensis/Aedes sierrensis/RawData_WithAllFieldNoises/MB/mb10-long-snallstripesgreen.wav,dryad,Aedes sierrensis,Aedes sierrensis,unknown,Aedes sierrensis|field_mb,5fe378d07f3611212d1d78a2c2dd147e2734c18fb0dabb9230a121ee40029402,5fe378d07f3611212d1d78a2c2dd147e2734c18fb0dabb9230a121ee40029402,5524892,,,,,.wav,sierrensis_uncurated_or_copy
data/raw/Aedes sierrensis/Aedes sierrensis/RawData_WithAllFieldNoises/MB/mb11and12-freeflight-fireroad-718.wav,dryad,Aedes sierrensis,Aedes sierrensis,unknown,Aedes sierrensis|field_mb,7fbd887ad250741d9648759a8fc00ecf7e0a55d4031bac42c3daa080bc51570e,7fbd887ad250741d9648759a8fc00ecf7e0a55d4031bac42c3daa080bc51570e,3344588,,,,,.wav,sierrensis_uncurated_or_copy
data/raw/Aedes sierrensis/Aedes sierrensis/RawData_WithAllFieldNoises/MB/mb13-freeflight-ants-good-731.wav,dryad,Aedes sierrensis,Aedes sierrensis,unknown,Aedes sierrensis|field_mb,58df87412fde918158cf684c8f729179468747a8b72debe72fc80add1df8b9d6,58df87412fde918158cf684c8f729179468747a8b72debe72fc80add1df8b9d6,6794972,,,,,.wav,sierrensis_uncurated_or_copy
data/raw/Aedes sierrensis/Aedes sierrensis/RawData_WithAllFieldNoises/MB/mb14-larger-antslocation-732.wav,dryad,Aedes sierrensis,Aedes sierrensis,unknown,Aedes sierrensis|field_mb,5174c84b046173863c6fc5ccb2b4e40f2115f879f8d324c55ad71aa6d3206a0a,5174c84b046173863c6fc5ccb2b4e40f2115f879f8d324c55ad71aa6d3206a0a,1926332,,,,,.wav,sierrensis_uncurated_or_copy
data/raw/Aedes sierrensis/Aedes sierrensis/RawData_WithAllFieldNoises/MB/mb15-tiny-antslocation-&736.wav,dryad,Aedes sierrensis,Aedes sierrensis,unknown,Aedes sierrensis|field_mb,9d1c273704d20f185e1e4f7264b4aebcca23b634e10231fd23ef433d0690dceb,9d1c273704d20f185e1e4f7264b4aebcca23b634e10231fd23ef433d0690dceb,8361404,,,,,.wav,sierrensis_uncurated_or_copy
data/raw/Aedes sierrensis/Aedes sierrensis/RawData_WithAllFieldNoises/MB/mb2b-536.wav,dryad,Aedes sierrensis,Aedes sierrensis,unknown,Aedes sierrensis|field_mb,f2c1598e24ebf80085f28c9022a1b99d1409161e0003ecbc58bf470b947f7d76,f2c1598e24ebf80085f28c9022a1b99d1409161e0003ecbc58bf470b947f7d76,5059196,,,,,.wav,sierrensis_uncurated_or_copy
data/raw/Aedes sierrensis/Aedes sierrensis/RawData_WithAllFieldNoises/MB/mb3-ants-falcontube-530ish.wav,dryad,Aedes sierrensis,Aedes sierrensis,unknown,Aedes sierrensis|field_mb,47850e50e9b6c0ca43c39f1afe0d17c1d3ba81ed0db465cfebd121444ba61712,47850e50e9b6c0ca43c39f1afe0d17c1d3ba81ed0db465cfebd121444ba61712,13611068,,,,,.wav,sierrensis_uncurated_or_copy
data/raw/Aedes sierrensis/Aedes sierrensis/RawData_WithAllFieldNoises/MB/mb4-aedis-536.wav,dryad,Aedes sierrensis,Aedes sierrensis,unknown,Aedes sierrensis|field_mb,e34dc4d77ddf1a3fb862cb474fe3fe515055588e924bf02c649669f62a88f9a6,e34dc4d77ddf1a3fb862cb474fe3fe515055588e924bf02c649669f62a88f9a6,656252,,,,,.wav,sierrensis_uncurated_or_copy
data/raw/Aedes sierrensis/Aedes sierrensis/RawData_WithAllFieldNoises/MB/mb5-greenaedis.wav,dryad,Aedes sierrensis,Aedes sierrensis,unknown,Aedes sierrensis|field_mb,6da65d3bec036c3eeb43fe56a99cdb54551e8ceafcbb5c667ec44b01faeab304,6da65d3bec036c3eeb43fe56a99cdb54551e8ceafcbb5c667ec44b01faeab304,1545308,,,,,.wav,sierrensis_uncurated_or_copy
data/raw/Aedes sierrensis/Aedes sierrensis/RawData_WithAllFieldNoises/MB/mb6and7-greensmall-lastatants.wav,dryad,Aedes sierrensis,Aedes sierrensis,unknown,Aedes sierrensis|field_mb,1da4204a8d93db88ff0c15d07367a1bf35547554d5a6448c0a154d30992cfce6,1da4204a8d93db88ff0c15d07367a1bf35547554d5a6448c0a154d30992cfce6,3577436,,,,,.wav,sierrensis_uncurated_or_copy
data/raw/Aedes sierrensis/Aedes sierrensis/RawData_WithAllFieldNoises/SK/Track_2016-08-17 202210.gpx,dryad,Aedes sierrensis,Aedes sierrensis,unknown,Aedes sierrensis|field_track,20449f1b22a32d813aded31b2960e8e9af75cb194585f672fc315dea237edc20,20449f1b22a32d813aded31b2960e8e9af75cb194585f672fc315dea237edc20,71901,,,,,.gpx,non_audio
data/raw/Aedes sierrensis/Aedes sierrensis/RawData_WithAllFieldNoises/SK/__rec_20160817-1836.wav,dryad,Aedes sierrensis,Aedes sierrensis,unknown,Aedes sierrensis|raw/Aedes sierrensis/Aedes sierrensis/RawData_WithAllFieldNoises/SK,3ab7f422c80286f1dd992003920d76481cdfdaebfbc20e2d998194f71bb951af,3ab7f422c80286f1dd992003920d76481cdfdaebfbc20e2d998194f71bb951af,845868,,,,,.wav,sierrensis_uncurated_or_copy
data/raw/Aedes sierrensis/Aedes sierrensis/RawData_WithAllFieldNoises/SK/_rec_20160817-1836.wav,dryad,Aedes sierrensis,Aedes sierrensis,unknown,Aedes sierrensis|raw/Aedes sierrensis/Aedes sierrensis/RawData_WithAllFieldNoises/SK,15b4417108282ac6147a37aa0da28840b1f3c275f95dfb93bc7509af0bfeec7c,15b4417108282ac6147a37aa0da28840b1f3c275f95dfb93bc7509af0bfeec7c,265260,,,,,.wav,sierrensis_uncurated_or_copy
data/raw/Aedes sierrensis/Aedes sierrensis/RawData_WithAllFieldNoises/SK/_rec_20160817-1943.wav,dryad,Aedes sierrensis,Aedes sierrensis,unknown,Aedes sierrensis|raw/Aedes sierrensis/Aedes sierrensis/RawData_WithAllFieldNoises/SK,e85f2a22b92ecae6b81145cb66dd7b5264e16cbd66690923169f7eed462ccac1,e85f2a22b92ecae6b81145cb66dd7b5264e16cbd66690923169f7eed462ccac1,587820,,,,,.wav,sierrensis_uncurated_or_copy
data/raw/Aedes sierrensis/Aedes sierrensis/RawData_WithAllFieldNoises/SK/rec_20160817-1823.wav,dryad,Aedes sierrensis,Aedes sierrensis,unknown,Aedes sierrensis|field_rec,890b2b6747f5214adad43141bf7defc18ba386fa489772bc319022d0e35ff429,890b2b6747f5214adad43141bf7defc18ba386fa489772bc319022d0e35ff429,1111084,,,,,.wav,sierrensis_uncurated_or_copy
data/raw/Aedes sierrensis/Aedes sierrensis/RawData_WithAllFieldNoises/SK/rec_20160817-1829.wav,dryad,Aedes sierrensis,Aedes sierrensis,unknown,Aedes sierrensis|field_rec,59302ae08ba5aa6b3338ef95d03cf771b4848b9e36e21d7256902900fece6dd7,59302ae08ba5aa6b3338ef95d03cf771b4848b9e36e21d7256902900fece6dd7,1211436,,,,,.wav,sierrensis_uncurated_or_copy
data/raw/Aedes sierrensis/Aedes sierrensis/RawData_WithAllFieldNoises/SK/rec_20160817-1833.wav,dryad,Aedes sierrensis,Aedes sierrensis,unknown,Aedes sierrensis|field_rec,baa1e07ab6663e04508aba777c5696bb030ca465a68c9779e8a7cf9901ecce84,baa1e07ab6663e04508aba777c5696bb030ca465a68c9779e8a7cf9901ecce84,716844,,,,,.wav,sierrensis_uncurated_or_copy
data/raw/Aedes sierrensis/Aedes sierrensis/RawData_WithAllFieldNoises/SK/rec_20160817-1834.wav,dryad,Aedes sierrensis,Aedes sierrensis,unknown,Aedes sierrensis|field_rec,ff75217664a475171894441b88a3c457b5a0ec67b473fad557276664df7d1b9d,ff75217664a475171894441b88a3c457b5a0ec67b473fad557276664df7d1b9d,587820,,,,,.wav,sierrensis_uncurated_or_copy
data/raw/Aedes sierrensis/Aedes sierrensis/RawData_WithAllFieldNoises/SK/rec_20160817-1835.wav,dryad,Aedes sierrensis,Aedes sierrensis,unknown,Aedes sierrensis|field_rec,14ad3b087c1709dfdd3c5a79f00a154b81e86913b152b39f3b8388c0263a9973,14ad3b087c1709dfdd3c5a79f00a154b81e86913b152b39f3b8388c0263a9973,838700,,,,,.wav,sierrensis_uncurated_or_copy
data/raw/Aedes sierrensis/Aedes sierrensis/RawData_WithAllFieldNoises/SK/rec_20160817-1836.wav,dryad,Aedes sierrensis,Aedes sierrensis,unknown,Aedes sierrensis|field_rec,6b4e977608842638416b60baf3f60d199092cff890be7a68de937b439a3e244e,6b4e977608842638416b60baf3f60d199092cff890be7a68de937b439a3e244e,931884,,,,,.wav,sierrensis_uncurated_or_copy
data/raw/Aedes sierrensis/Aedes sierrensis/RawData_WithAllFieldNoises/SK/rec_20160817-1900.wav,dryad,Aedes sierrensis,Aedes sierrensis,unknown,Aedes sierrensis|field_rec,19372514e95167d9f3ab119ec34e3d82902baaa16af86e9a1e2a43b73a0dad0d,19372514e95167d9f3ab119ec34e3d82902baaa16af86e9a1e2a43b73a0dad0d,716844,,,,,.wav,sierrensis_uncurated_or_copy
data/raw/Aedes sierrensis/Aedes sierrensis/RawData_WithAllFieldNoises/SK/rec_20160817-1904.wav,dryad,Aedes sierrensis,Aedes sierrensis,unknown,Aedes sierrensis|field_rec,82a640bc17b4ab6efb48519fb9291d45040c4b2b8cf9355587dee4929d597433,82a640bc17b4ab6efb48519fb9291d45040c4b2b8cf9355587dee4929d597433,2946092,,,,,.wav,sierrensis_uncurated_or_copy
data/raw/Aedes sierrensis/Aedes sierrensis/RawData_WithAllFieldNoises/SK/rec_20160817-1907.wav,dryad,Aedes sierrensis,Aedes sierrensis,unknown,Aedes sierrensis|field_rec,ceeefcc0498d697cb534ff3da5153c8138db168cc9feae9f31936b3ed21270af,ceeefcc0498d697cb534ff3da5153c8138db168cc9feae9f31936b3ed21270af,817196,,,,,.wav,sierrensis_uncurated_or_copy
data/raw/Aedes sierrensis/Aedes sierrensis/RawData_WithAllFieldNoises/SK/rec_20160817-1914.wav,dryad,Aedes sierrensis,Aedes sierrensis,unknown,Aedes sierrensis|field_rec,e661bb267216b4a58738226a8c20b5ee5786852d3f790ff99c8a52edf82f22e6,e661bb267216b4a58738226a8c20b5ee5786852d3f790ff99c8a52edf82f22e6,1870892,,,,,.wav,sierrensis_uncurated_or_copy
data/raw/Aedes sierrensis/Aedes sierrensis/RawData_WithAllFieldNoises/SK/rec_20160817-1915.wav,dryad,Aedes sierrensis,Aedes sierrensis,unknown,Aedes sierrensis|field_rec,1b07f9eb02c6a8e7ded1048bfb2da093fb5acdf03bea84f61d37570124308c68,1b07f9eb02c6a8e7ded1048bfb2da093fb5acdf03bea84f61d37570124308c68,602156,,,,,.wav,sierrensis_uncurated_or_copy
data/raw/Aedes sierrensis/Aedes sierrensis/RawData_WithAllFieldNoises/SK/rec_20160817-1916.wav,dryad,Aedes sierrensis,Aedes sierrensis,unknown,Aedes sierrensis|field_rec,b701b2452e09f13556c175c4fe607d03325a30037014c454f5461017b790014c,b701b2452e09f13556c175c4fe607d03325a30037014c454f5461017b790014c,860204,,,,,.wav,sierrensis_uncurated_or_copy
data/raw/Aedes sierrensis/Aedes sierrensis/RawData_WithAllFieldNoises/SK/rec_20160817-1921.wav,dryad,Aedes sierrensis,Aedes sierrensis,unknown,Aedes sierrensis|field_rec,d1cf80677ae3a1185b4ecaa9056c9824b4504960ce4092f9d34e8b4ccedf6384,d1cf80677ae3a1185b4ecaa9056c9824b4504960ce4092f9d34e8b4ccedf6384,329772,,,,,.wav,sierrensis_uncurated_or_copy
data/raw/Aedes sierrensis/Aedes sierrensis/RawData_WithAllFieldNoises/SK/rec_20160817-1924.wav,dryad,Aedes sierrensis,Aedes sierrensis,unknown,Aedes sierrensis|field_rec,bc69f4c20c9b76e41a814e09d0d861eee460c3e6c8d8dd7c69fdf8cdb641cbc3,bc69f4c20c9b76e41a814e09d0d861eee460c3e6c8d8dd7c69fdf8cdb641cbc3,250924,,,,,.wav,sierrensis_uncurated_or_copy
data/raw/Aedes sierrensis/Aedes sierrensis/RawData_WithAllFieldNoises/SK/rec_20160817-1928.wav,dryad,Aedes sierrensis,Aedes sierrensis,unknown,Aedes sierrensis|field_rec,77f008f068bca8648c0e3a5c57ce88e733bd3ddf34f694f3152d8cdd09bcc38a,77f008f068bca8648c0e3a5c57ce88e733bd3ddf34f694f3152d8cdd09bcc38a,272428,,,,,.wav,sierrensis_uncurated_or_copy
data/raw/Aedes sierrensis/Aedes sierrensis/RawData_WithAllFieldNoises/SK/rec_20160817-1936.wav,dryad,Aedes sierrensis,Aedes sierrensis,unknown,Aedes sierrensis|field_rec,2ac127d441752bdf55bea31d0f63f3ac14f8458291213c19b58a738aac279dd2,2ac127d441752bdf55bea31d0f63f3ac14f8458291213c19b58a738aac279dd2,881708,,,,,.wav,sierrensis_uncurated_or_copy
data/raw/Aedes sierrensis/Aedes sierrensis/RawData_WithAllFieldNoises/SK/rec_20160817-1937.wav,dryad,Aedes sierrensis,Aedes sierrensis,unknown,Aedes sierrensis|field_rec,15f31707adc05e44bf552dd238336ced8af62c0fc66b6ec73349ae3f2c0285e1,15f31707adc05e44bf552dd238336ced8af62c0fc66b6ec73349ae3f2c0285e1,1068076,,,,,.wav,sierrensis_uncurated_or_copy
data/raw/Aedes sierrensis/Aedes sierrensis/RawData_WithAllFieldNoises/SK/rec_20160817-1943.wav,dryad,Aedes sierrensis,Aedes sierrensis,unknown,Aedes sierrensis|field_rec,5713f946599055ae93ff4b71f8cd5c1889fe5ad4711a299e443a3c2bb8698258,5713f946599055ae93ff4b71f8cd5c1889fe5ad4711a299e443a3c2bb8698258,537644,,,,,.wav,sierrensis_uncurated_or_copy
data/raw/Aedes sierrensis/Aedes sierrensis/RawData_WithAllFieldNoises/SK/rec_20160817-2332.wav,dryad,Aedes sierrensis,Aedes sierrensis,unknown,Aedes sierrensis|field_rec,f575e6ad57aedf9fec20def86c38d3b459a8c48ec5b0c0e4a1d8930c920a206d,f575e6ad57aedf9fec20def86c38d3b459a8c48ec5b0c0e4a1d8930c920a206d,1154092,,,,,.wav,sierrensis_uncurated_or_copy
data/raw/Aedes sierrensis/Aedes sierrensis/RawData_WithAllFieldNoises/SK/rec_20160817-2338.wav,dryad,Aedes sierrensis,Aedes sierrensis,unknown,Aedes sierrensis|field_rec,4706c68a0910ebd1be2477403d3d5832370801d935a446b61639fef7f0b83ffa,4706c68a0910ebd1be2477403d3d5832370801d935a446b61639fef7f0b83ffa,2537516,,,,,.wav,sierrensis_uncurated_or_copy
data/raw/Aedes sierrensis/Aedes sierrensis/RawData_WithAllFieldNoises/VP/Raw/1 Vivek Shadowbrook -7pm.m4a,dryad,Aedes sierrensis,Aedes sierrensis,unknown,Aedes sierrensis|raw/Aedes sierrensis/Aedes sierrensis/RawData_WithAllFieldNoises/VP/Raw,f134f4d36087d82c4e9f376b61e4e2b14a4865acfc428266b053cebcbfc19980,f134f4d36087d82c4e9f376b61e4e2b14a4865acfc428266b053cebcbfc19980,198708,,,,,.m4a,sierrensis_uncurated_or_copy
data/raw/Aedes sierrensis/Aedes sierrensis/RawData_WithAllFieldNoises/VP/Raw/2 Vivek Shadowbrook -7pm.m4a,dryad,Aedes sierrensis,Aedes sierrensis,unknown,Aedes sierrensis|raw/Aedes sierrensis/Aedes sierrensis/RawData_WithAllFieldNoises/VP/Raw,5db9f6c498356b20617c207ad78d50f4168703ea6445f237ac9a9c21ce323a4e,5db9f6c498356b20617c207ad78d50f4168703ea6445f237ac9a9c21ce323a4e,38336,,,,,.m4a,sierrensis_uncurated_or_copy
data/raw/Aedes sierrensis/Aedes sierrensis/RawData_WithAllFieldNoises/VP/Raw/3 Vivek Shadowbrook -7pm (maybe Bag).m4a,dryad,Aedes sierrensis,Aedes sierrensis,unknown,Aedes sierrensis|raw/Aedes sierrensis/Aedes sierrensis/RawData_WithAllFieldNoises/VP/Raw,9c839152e03a99c97e256dfe2b53f06619e73cd295b48985ddaf9d4d629be0f7,9c839152e03a99c97e256dfe2b53f06619e73cd295b48985ddaf9d4d629be0f7,90198,,,,,.m4a,sierrensis_uncurated_or_copy
data/raw/Aedes sierrensis/Aedes sierrensis/RawData_WithAllFieldNoises/VP/Raw/4 Vivek Shadowbrook -7pm.m4a,dryad,Aedes sierrensis,Aedes sierrensis,unknown,Aedes sierrensis|raw/Aedes sierrensis/Aedes sierrensis/RawData_WithAllFieldNoises/VP/Raw,2b8b896c9109bd240c4495bde135be47897dadf763ccdc4b0bea53182c600ad3,2b8b896c9109bd240c4495bde135be47897dadf763ccdc4b0bea53182c600ad3,28037,,,,,.m4a,sierrensis_uncurated_or_copy
data/raw/Aedes sierrensis/Aedes sierrensis/RawData_WithAllFieldNoises/VP/Raw/5 Vivek Shadowbrook -7pm.m4a,dryad,Aedes sierrensis,Aedes sierrensis,unknown,Aedes sierrensis|raw/Aedes sierrensis/Aedes sierrensis/RawData_WithAllFieldNoises/VP/Raw,a92d964d8c1369d41b5d65af4811d0a5f11a29789de72cf002953d0e12713c50,a92d964d8c1369d41b5d65af4811d0a5f11a29789de72cf002953d0e12713c50,35717,,,,,.m4a,sierrensis_uncurated_or_copy
data/raw/Aedes sierrensis/Aedes sierrensis/RawData_WithAllFieldNoises/VP/Raw/6 Vivek Shadowbrook -7pm.m4a,dryad,Aedes sierrensis,Aedes sierrensis,unknown,Aedes sierrensis|raw/Aedes sierrensis/Aedes sierrensis/RawData_WithAllFieldNoises/VP/Raw,666af65f2eef107d7ece7eccc947eef37ba88ac853364ecca4d38d84c4d50436,666af65f2eef107d7ece7eccc947eef37ba88ac853364ecca4d38d84c4d50436,22323,,,,,.m4a,sierrensis_uncurated_or_copy
data/raw/Aedes sierrensis/Aedes sierrensis/RawData_WithAllFieldNoises/VP/Raw/7 Vivek Shadowbrook -7pm.m4a,dryad,Aedes sierrensis,Aedes sierrensis,unknown,Aedes sierrensis|raw/Aedes sierrensis/Aedes sierrensis/RawData_WithAllFieldNoises/VP/Raw,8d35849601a35613a6797fe005b9f2d10e3f48a98f620475bfb0f61102031a33,8d35849601a35613a6797fe005b9f2d10e3f48a98f620475bfb0f61102031a33,47600,,,,,.m4a,sierrensis_uncurated_or_copy
data/raw/Aedes sierrensis/Aedes sierrensis/RawData_WithAllFieldNoises/VP/Raw/8 Vivek Shadowbrook -7pm.m4a,dryad,Aedes sierrensis,Aedes sierrensis,unknown,Aedes sierrensis|raw/Aedes sierrensis/Aedes sierrensis/RawData_WithAllFieldNoises/VP/Raw,28c816ba08ec86e8b0674f24aa16dcb979552af9923f4c174eed77c175a6bd23,28c816ba08ec86e8b0674f24aa16dcb979552af9923f4c174eed77c175a6bd23,156267,,,,,.m4a,sierrensis_uncurated_or_copy
data/raw/Aedes sierrensis/Aedes sierrensis/RawData_WithAllFieldNoises/VP/VP1 Shadowbrook -7pm.wav,dryad,Aedes sierrensis,Aedes sierrensis,unknown,Aedes sierrensis|field_vp,28ed0fc3f584c7c38777bfe472b5e6279723174fc12c006a929555742ba7e77b,28ed0fc3f584c7c38777bfe472b5e6279723174fc12c006a929555742ba7e77b,2107378,,,,,.wav,sierrensis_uncurated_or_copy
data/raw/Aedes sierrensis/Aedes sierrensis/RawData_WithAllFieldNoises/VP/VP2 Shadowbrook -7pm.wav,dryad,Aedes sierrensis,Aedes sierrensis,unknown,Aedes sierrensis|field_vp,2c791c8af05a8436c98a9e9bee5020dd7c5a0782340564b8dad18dd86d4b2ed9,2c791c8af05a8436c98a9e9bee5020dd7c5a0782340564b8dad18dd86d4b2ed9,395250,,,,,.wav,sierrensis_uncurated_or_copy
data/raw/Aedes sierrensis/Aedes sierrensis/RawData_WithAllFieldNoises/VP/VP3 Shadowbrook -7pm (maybe Bag).wav,dryad,Aedes sierrensis,Aedes sierrensis,unknown,Aedes sierrensis|field_vp,a69ec02e3c8eed24e1d058f6ad48df3895125342bc4429d35a9ecb0b9085d79d,a69ec02e3c8eed24e1d058f6ad48df3895125342bc4429d35a9ecb0b9085d79d,948210,,,,,.wav,sierrensis_uncurated_or_copy
data/raw/Aedes sierrensis/Aedes sierrensis/RawData_WithAllFieldNoises/VP/VP4 Shadowbrook -7pm.wav,dryad,Aedes sierrensis,Aedes sierrensis,unknown,Aedes sierrensis|field_vp,24efdfc96c391446915d1d71866c5d81ec2187cfb6736f1f221f6a4852b6dde1,24efdfc96c391446915d1d71866c5d81ec2187cfb6736f1f221f6a4852b6dde1,301042,,,,,.wav,sierrensis_uncurated_or_copy
data/raw/Aedes sierrensis/Aedes sierrensis/RawData_WithAllFieldNoises/VP/VP5 Shadowbrook -7pm.wav,dryad,Aedes sierrensis,Aedes sierrensis,unknown,Aedes sierrensis|field_vp,c0002eed4693a44327bf6ccf4062fd3ba5ba1ea9f5384d820f378e2f755ae12c,c0002eed4693a44327bf6ccf4062fd3ba5ba1ea9f5384d820f378e2f755ae12c,378866,,,,,.wav,sierrensis_uncurated_or_copy
data/raw/Aedes sierrensis/Aedes sierrensis/RawData_WithAllFieldNoises/VP/VP6 Shadowbrook -7pm.wav,dryad,Aedes sierrensis,Aedes sierrensis,unknown,Aedes sierrensis|field_vp,2fb2b8505ba7414b6a9c0549c6493407f2202f05ed9053ac015430bc1eb3c7bb,2fb2b8505ba7414b6a9c0549c6493407f2202f05ed9053ac015430bc1eb3c7bb,225266,,,,,.wav,sierrensis_uncurated_or_copy
data/raw/Aedes sierrensis/Aedes sierrensis/RawData_WithAllFieldNoises/VP/VP7 Shadowbrook -7pm.wav,dryad,Aedes sierrensis,Aedes sierrensis,unknown,Aedes sierrensis|field_vp,261fe5fe573053a0e7f733cc9a90533eba7a4b9bc1c426873836af50ee2671fc,261fe5fe573053a0e7f733cc9a90533eba7a4b9bc1c426873836af50ee2671fc,501746,,,,,.wav,sierrensis_uncurated_or_copy
data/raw/Aedes sierrensis/Aedes sierrensis/RawData_WithAllFieldNoises/VP/VP8 Shadowbrook -7pm.wav,dryad,Aedes sierrensis,Aedes sierrensis,unknown,Aedes sierrensis|field_vp,9af407dd24c8c31c522ff4e29dad8bfc04c1de4f88b262570f37596805a4d1ec,9af407dd24c8c31c522ff4e29dad8bfc04c1de4f88b262570f37596805a4d1ec,1701874,,,,,.wav,sierrensis_uncurated_or_copy
data/raw/Aedes sierrensis/Aedes sierrensis/RawData_WithAllFieldNoises/WG/New Recording 1.wav,dryad,Aedes sierrensis,Aedes sierrensis,unknown,Aedes sierrensis|field_new,cce4c8294b5b554fb2a80b40cb04e50d1e299b556cb8dc6b96d935b890f53057,cce4c8294b5b554fb2a80b40cb04e50d1e299b556cb8dc6b96d935b890f53057,1153010,,,,,.wav,sierrensis_uncurated_or_copy
data/raw/Aedes sierrensis/Aedes sierrensis/RawData_WithAllFieldNoises/WG/New Recording 10.wav,dryad,Aedes sierrensis,Aedes sierrensis,unknown,Aedes sierrensis|field_new,b9900108c73a3440506b369bff475d69f8636c2e83f7e7e20e8859339e0b8865,b9900108c73a3440506b369bff475d69f8636c2e83f7e7e20e8859339e0b8865,753650,,,,,.wav,sierrensis_uncurated_or_copy
data/raw/Aedes sierrensis/Aedes sierrensis/RawData_WithAllFieldNoises/WG/New Recording 11.wav,dryad,Aedes sierrensis,Aedes sierrensis,unknown,Aedes sierrensis|field_new,237e330c08fbda9646ce6e72cbe5bb3e130855318ed1b9c41ac2fdf3f870d809,237e330c08fbda9646ce6e72cbe5bb3e130855318ed1b9c41ac2fdf3f870d809,940018,,,,,.wav,sierrensis_uncurated_or_copy
data/raw/Aedes sierrensis/Aedes sierrensis/RawData_WithAllFieldNoises/WG/New Recording 12.wav,dryad,Aedes sierrensis,Aedes sierrensis,unknown,Aedes sierrensis|field_new,184f26aa0f78cc6639c9f8b75ade4153c553e498f0a767e06fab04ead5374e52,184f26aa0f78cc6639c9f8b75ade4153c553e498f0a767e06fab04ead5374e52,716786,,,,,.wav,sierrensis_uncurated_or_copy
data/raw/Aedes sierrensis/Aedes sierrensis/RawData_WithAllFieldNoises/WG/New Recording 13.wav,dryad,Aedes sierrensis,Aedes sierrensis,unknown,Aedes sierrensis|field_new,342d713f9e381434d92878e3e8f49a1a1061496a201ed73056c01ff8f88fb3ba,342d713f9e381434d92878e3e8f49a1a1061496a201ed73056c01ff8f88fb3ba,931826,,,,,.wav,sierrensis_uncurated_or_copy
data/raw/Aedes sierrensis/Aedes sierrensis/RawData_WithAllFieldNoises/WG/New Recording 14.wav,dryad,Aedes sierrensis,Aedes sierrensis,unknown,Aedes sierrensis|field_new,6658ce7aa45193def371b5b6b4b2c1bc50998924d2df5fe4a6d393d7260090aa,6658ce7aa45193def371b5b6b4b2c1bc50998924d2df5fe4a6d393d7260090aa,901106,,,,,.wav,sierrensis_uncurated_or_copy
data/raw/Aedes sierrensis/Aedes sierrensis/RawData_WithAllFieldNoises/WG/New Recording 15.wav,dryad,Aedes sierrensis,Aedes sierrensis,unknown,Aedes sierrensis|field_new,d992dc476bd009e3bd7413897ed47101eed4f1d256fa3b72387b651d86ebb7da,d992dc476bd009e3bd7413897ed47101eed4f1d256fa3b72387b651d86ebb7da,884722,,,,,.wav,sierrensis_uncurated_or_copy
data/raw/Aedes sierrensis/Aedes sierrensis/RawData_WithAllFieldNoises/WG/New Recording 16.wav,dryad,Aedes sierrensis,Aedes sierrensis,unknown,Aedes sierrensis|field_new,b6a41908501a8bf0f6e99e4f9f011e661f23b2c1d6d72ef37fd79721f2b093c6,b6a41908501a8bf0f6e99e4f9f011e661f23b2c1d6d72ef37fd79721f2b093c6,1296370,,,,,.wav,sierrensis_uncurated_or_copy
data/raw/Aedes sierrensis/Aedes sierrensis/RawData_WithAllFieldNoises/WG/New Recording 17.wav,dryad,Aedes sierrensis,Aedes sierrensis,unknown,Aedes sierrensis|field_new,21e6a356ef71135a0753062069910a6f4630b16e071567d65c7107057da5697f,21e6a356ef71135a0753062069910a6f4630b16e071567d65c7107057da5697f,1458162,,,,,.wav,sierrensis_uncurated_or_copy
data/raw/Aedes sierrensis/Aedes sierrensis/RawData_WithAllFieldNoises/WG/New Recording 18.wav,dryad,Aedes sierrensis,Aedes sierrensis,unknown,Aedes sierrensis|field_new,02328935ecef8d9e7289925ef803369cc027df05ecfc972c3f54b2a18df169c3,02328935ecef8d9e7289925ef803369cc027df05ecfc972c3f54b2a18df169c3,593906,,,,,.wav,sierrensis_uncurated_or_copy
data/raw/Aedes sierrensis/Aedes sierrensis/RawData_WithAllFieldNoises/WG/New Recording 19.wav,dryad,Aedes sierrensis,Aedes sierrensis,unknown,Aedes sierrensis|field_new,52293091378daea72a6377da125bbc05ef62fa9f000c464f3ba61036f39198f9,52293091378daea72a6377da125bbc05ef62fa9f000c464f3ba61036f39198f9,1593330,,,,,.wav,sierrensis_uncurated_or_copy
data/raw/Aedes sierrensis/Aedes sierrensis/RawData_WithAllFieldNoises/WG/New Recording 2.wav,dryad,Aedes sierrensis,Aedes sierrensis,unknown,Aedes sierrensis|field_new,d976dbb4fd0b9a27e0d8eb644dfc05452ff0eb0656380092e0be9c4f11518c23,d976dbb4fd0b9a27e0d8eb644dfc05452ff0eb0656380092e0be9c4f11518c23,258034,,,,,.wav,sierrensis_uncurated_or_copy
data/raw/Aedes sierrensis/Aedes sierrensis/RawData_WithAllFieldNoises/WG/New Recording 20.wav,dryad,Aedes sierrensis,Aedes sierrensis,unknown,Aedes sierrensis|field_new,a7ece4f762b8c30d499892393fdd6f0d8a27f85a26244e368d55b2c4a441a0f8,a7ece4f762b8c30d499892393fdd6f0d8a27f85a26244e368d55b2c4a441a0f8,1255410,,,,,.wav,sierrensis_uncurated_or_copy
data/raw/Aedes sierrensis/Aedes sierrensis/RawData_WithAllFieldNoises/WG/New Recording 21.wav,dryad,Aedes sierrensis,Aedes sierrensis,unknown,Aedes sierrensis|field_new,29d848759953393d7b0abf8a0437e7389c91c4866dcd6610057965f9821044e5,29d848759953393d7b0abf8a0437e7389c91c4866dcd6610057965f9821044e5,1775602,,,,,.wav,sierrensis_uncurated_or_copy
data/raw/Aedes sierrensis/Aedes sierrensis/RawData_WithAllFieldNoises/WG/New Recording 22.wav,dryad,Aedes sierrensis,Aedes sierrensis,unknown,Aedes sierrensis|field_new,38112612646b75b7fe866d844cf65ba1109fcb77a237ec05f61cdebdfcef36e6,38112612646b75b7fe866d844cf65ba1109fcb77a237ec05f61cdebdfcef36e6,2742258,,,,,.wav,sierrensis_uncurated_or_copy
data/raw/Aedes sierrensis/Aedes sierrensis/RawData_WithAllFieldNoises/WG/New Recording 3.wav,dryad,Aedes sierrensis,Aedes sierrensis,unknown,Aedes sierrensis|field_new,dfda3c36a5c1d4523a7203a9366ac6e3e3eba8f69968ad7a5a043bc58bf6ff54,dfda3c36a5c1d4523a7203a9366ac6e3e3eba8f69968ad7a5a043bc58bf6ff54,255986,,,,,.wav,sierrensis_uncurated_or_copy
data/raw/Aedes sierrensis/Aedes sierrensis/RawData_WithAllFieldNoises/WG/New Recording 4.wav,dryad,Aedes sierrensis,Aedes sierrensis,unknown,Aedes sierrensis|field_new,10dcaa144633d166407b4aa156d512b5425ddc1eda2a40111efd3b823e0895a3,10dcaa144633d166407b4aa156d512b5425ddc1eda2a40111efd3b823e0895a3,122866,,,,,.wav,sierrensis_uncurated_or_copy
data/raw/Aedes sierrensis/Aedes sierrensis/RawData_WithAllFieldNoises/WG/New Recording 5.wav,dryad,Aedes sierrensis,Aedes sierrensis,unknown,Aedes sierrensis|field_new,37c8bb3d0bca5b5db89e9d1d7e9d034788f5219563ce8bccc645ff9464fa24b1,37c8bb3d0bca5b5db89e9d1d7e9d034788f5219563ce8bccc645ff9464fa24b1,518130,,,,,.wav,sierrensis_uncurated_or_copy
data/raw/Aedes sierrensis/Aedes sierrensis/RawData_WithAllFieldNoises/WG/New Recording 6.wav,dryad,Aedes sierrensis,Aedes sierrensis,unknown,Aedes sierrensis|field_new,2ab8da4ac33884c0c234ce587a3c01b8b3a72644966ddb6eeff85fba7c421a77,2ab8da4ac33884c0c234ce587a3c01b8b3a72644966ddb6eeff85fba7c421a77,1218546,,,,,.wav,sierrensis_uncurated_or_copy
data/raw/Aedes sierrensis/Aedes sierrensis/RawData_WithAllFieldNoises/WG/New Recording 7.wav,dryad,Aedes sierrensis,Aedes sierrensis,unknown,Aedes sierrensis|field_new,7eeedc099fe23f955ace42a0081d28b0ab1b0513054671f0cb999deec912bc5c,7eeedc099fe23f955ace42a0081d28b0ab1b0513054671f0cb999deec912bc5c,419826,,,,,.wav,sierrensis_uncurated_or_copy
data/raw/Aedes sierrensis/Aedes sierrensis/RawData_WithAllFieldNoises/WG/New Recording 8.wav,dryad,Aedes sierrensis,Aedes sierrensis,unknown,Aedes sierrensis|field_new,3e8b7a6b302b8d1ef160ad4a0954d7f713271a0514c88f04bd4d76de6ef6abc3,3e8b7a6b302b8d1ef160ad4a0954d7f713271a0514c88f04bd4d76de6ef6abc3,471026,,,,,.wav,sierrensis_uncurated_or_copy
data/raw/Aedes sierrensis/Aedes sierrensis/RawData_WithAllFieldNoises/WG/New Recording 9.wav,dryad,Aedes sierrensis,Aedes sierrensis,unknown,Aedes sierrensis|field_new,4a03160f10c6578767402ad2695c9f6fb2605acc1b70c2bf720362fc5a241327,4a03160f10c6578767402ad2695c9f6fb2605acc1b70c2bf720362fc5a241327,2252786,,,,,.wav,sierrensis_uncurated_or_copy
data/raw/Aedes sierrensis/Aedes sierrensis/RawData_WithAllFieldNoises/WG/Raw/New Recording 1.m4a,dryad,Aedes sierrensis,Aedes sierrensis,unknown,Aedes sierrensis|field_new,97830b325980dac886e85ba36f35fbd8319ceddf403aba634581818be28b4dfa,97830b325980dac886e85ba36f35fbd8319ceddf403aba634581818be28b4dfa,109935,,,,,.m4a,sierrensis_uncurated_or_copy
data/raw/Aedes sierrensis/Aedes sierrensis/RawData_WithAllFieldNoises/WG/Raw/New Recording 10.m4a,dryad,Aedes sierrensis,Aedes sierrensis,unknown,Aedes sierrensis|field_new,8140c2c4f03813b08aa5300a1dd00bb7ed803bf5ea09570bd031642c15b3e42b,8140c2c4f03813b08aa5300a1dd00bb7ed803bf5ea09570bd031642c15b3e42b,68512,,,,,.m4a,sierrensis_uncurated_or_copy
data/raw/Aedes sierrensis/Aedes sierrensis/RawData_WithAllFieldNoises/WG/Raw/New Recording 11.m4a,dryad,Aedes sierrensis,Aedes sierrensis,unknown,Aedes sierrensis|field_new,3d062cc15c01e1d300f4f7027ea66dd5fb4991c318326c20f5c7d9736f0d7cfb,3d062cc15c01e1d300f4f7027ea66dd5fb4991c318326c20f5c7d9736f0d7cfb,88231,,,,,.m4a,sierrensis_uncurated_or_copy
data/raw/Aedes sierrensis/Aedes sierrensis/RawData_WithAllFieldNoises/WG/Raw/New Recording 12.m4a,dryad,Aedes sierrensis,Aedes sierrensis,unknown,Aedes sierrensis|field_new,d54183994aff48565c9784d269b750c21d13797c30b61bcf95e40268f595391f,d54183994aff48565c9784d269b750c21d13797c30b61bcf95e40268f595391f,66979,,,,,.m4a,sierrensis_uncurated_or_copy
data/raw/Aedes sierrensis/Aedes sierrensis/RawData_WithAllFieldNoises/WG/Raw/New Recording 13.m4a,dryad,Aedes sierrensis,Aedes sierrensis,unknown,Aedes sierrensis|field_new,d081cc1a7582bd454babae4140bd209b60ff9679b23a9d227b0cbc4cdccc6503,d081cc1a7582bd454babae4140bd209b60ff9679b23a9d227b0cbc4cdccc6503,86512,,,,,.m4a,sierrensis_uncurated_or_copy
data/raw/Aedes sierrensis/Aedes sierrensis/RawData_WithAllFieldNoises/WG/Raw/New Recording 14.m4a,dryad,Aedes sierrensis,Aedes sierrensis,unknown,Aedes sierrensis|field_new,2496ce6eaf71011b89644274ac2e8ab8ef7a5aaab9ec819a875749d1f34fd273,2496ce6eaf71011b89644274ac2e8ab8ef7a5aaab9ec819a875749d1f34fd273,83316,,,,,.m4a,sierrensis_uncurated_or_copy
data/raw/Aedes sierrensis/Aedes sierrensis/RawData_WithAllFieldNoises/WG/Raw/New Recording 15.m4a,dryad,Aedes sierrensis,Aedes sierrensis,unknown,Aedes sierrensis|field_new,95029462fd66359ccc39a66172c8dbacdb7333fec948c097bb6c68d4e9e4f6d2,95029462fd66359ccc39a66172c8dbacdb7333fec948c097bb6c68d4e9e4f6d2,82244,,,,,.m4a,sierrensis_uncurated_or_copy
data/raw/Aedes sierrensis/Aedes sierrensis/RawData_WithAllFieldNoises/WG/Raw/New Recording 16.m4a,dryad,Aedes sierrensis,Aedes sierrensis,unknown,Aedes sierrensis|field_new,96586f41590a696754edfa8265e6d981529be6e27923bbd6f5a5ef08df684abd,96586f41590a696754edfa8265e6d981529be6e27923bbd6f5a5ef08df684abd,122808,,,,,.m4a,sierrensis_uncurated_or_copy
data/raw/Aedes sierrensis/Aedes sierrensis/RawData_WithAllFieldNoises/WG/Raw/New Recording 17.m4a,dryad,Aedes sierrensis,Aedes sierrensis,unknown,Aedes sierrensis|field_new,1faa6556e8d7364a3cfbc658a40044d1c97109dc511e6c103438ab0d5af6a551,1faa6556e8d7364a3cfbc658a40044d1c97109dc511e6c103438ab0d5af6a551,134813,,,,,.m4a,sierrensis_uncurated_or_copy
data/raw/Aedes sierrensis/Aedes sierrensis/RawData_WithAllFieldNoises/WG/Raw/New Recording 18.m4a,dryad,Aedes sierrensis,Aedes sierrensis,unknown,Aedes sierrensis|field_new,bbe20756f0add9e2652b853f9bf0010bfbce14259cdeebb47a66e97411e84373,bbe20756f0add9e2652b853f9bf0010bfbce14259cdeebb47a66e97411e84373,55650,,,,,.m4a,sierrensis_uncurated_or_copy
data/raw/Aedes sierrensis/Aedes sierrensis/RawData_WithAllFieldNoises/WG/Raw/New Recording 19.m4a,dryad,Aedes sierrensis,Aedes sierrensis,unknown,Aedes sierrensis|field_new,cc2bdf7b02e31f809f0a897fd358e4a197e00a1577889d5d82f55c5b78ba9ac9,cc2bdf7b02e31f809f0a897fd358e4a197e00a1577889d5d82f55c5b78ba9ac9,146150,,,,,.m4a,sierrensis_uncurated_or_copy
data/raw/Aedes sierrensis/Aedes sierrensis/RawData_WithAllFieldNoises/WG/Raw/New Recording 2.m4a,dryad,Aedes sierrensis,Aedes sierrensis,unknown,Aedes sierrensis|field_new,1ca627b28cb6808bb42548538ea0fc27adc94125828d31853ac15917f83d6cbb,1ca627b28cb6808bb42548538ea0fc27adc94125828d31853ac15917f83d6cbb,25220,,,,,.m4a,sierrensis_uncurated_or_copy
data/raw/Aedes sierrensis/Aedes sierrensis/RawData_WithAllFieldNoises/WG/Raw/New Recording 20.m4a,dryad,Aedes sierrensis,Aedes sierrensis,unknown,Aedes sierrensis|field_new,1ad4b21f2cec410b35e476c60cc84b1f341bcde4c056b52e4e5b63375d573348,1ad4b21f2cec410b35e476c60cc84b1f341bcde4c056b52e4e5b63375d573348,117174,,,,,.m4a,sierrensis_uncurated_or_copy
data/raw/Aedes sierrensis/Aedes sierrensis/RawData_WithAllFieldNoises/WG/Raw/New Recording 21.m4a,dryad,Aedes sierrensis,Aedes sierrensis,unknown,Aedes sierrensis|field_new,59d54f077cf09429cba2e649a1ef1d363aa170d5a4189369a658c0f2133aff4f,59d54f077cf09429cba2e649a1ef1d363aa170d5a4189369a658c0f2133aff4f,167942,,,,,.m4a,sierrensis_uncurated_or_copy
data/raw/Aedes sierrensis/Aedes sierrensis/RawData_WithAllFieldNoises/WG/Raw/New Recording 22.m4a,dryad,Aedes sierrensis,Aedes sierrensis,unknown,Aedes sierrensis|field_new,f50911966d323a977e7951d9b74d1af9f137fa0005028a4a612d74bf64c26e33,f50911966d323a977e7951d9b74d1af9f137fa0005028a4a612d74bf64c26e33,253408,,,,,.m4a,sierrensis_uncurated_or_copy
data/raw/Aedes sierrensis/Aedes sierrensis/RawData_WithAllFieldNoises/WG/Raw/New Recording 3.m4a,dryad,Aedes sierrensis,Aedes sierrensis,unknown,Aedes sierrensis|field_new,5d3c25fa408c58f36d2b6800ef36db0bffb11af7f9e61ada1272bcadf6de1498,5d3c25fa408c58f36d2b6800ef36db0bffb11af7f9e61ada1272bcadf6de1498,25648,,,,,.m4a,sierrensis_uncurated_or_copy
data/raw/Aedes sierrensis/Aedes sierrensis/RawData_WithAllFieldNoises/WG/Raw/New Recording 4.m4a,dryad,Aedes sierrensis,Aedes sierrensis,unknown,Aedes sierrensis|field_new,29204781ca985e3427c55ec0ff1ed0bbe18cd2938a4d63067049340aad14ff5a,29204781ca985e3427c55ec0ff1ed0bbe18cd2938a4d63067049340aad14ff5a,12488,,,,,.m4a,sierrensis_uncurated_or_copy
data/raw/Aedes sierrensis/Aedes sierrensis/RawData_WithAllFieldNoises/WG/Raw/New Recording 5.m4a,dryad,Aedes sierrensis,Aedes sierrensis,unknown,Aedes sierrensis|field_new,eccf0601997b0134de6acefb3258e3717e540893e33197f4d8024bb80fdcfdf1,eccf0601997b0134de6acefb3258e3717e540893e33197f4d8024bb80fdcfdf1,50345,,,,,.m4a,sierrensis_uncurated_or_copy
data/raw/Aedes sierrensis/Aedes sierrensis/RawData_WithAllFieldNoises/WG/Raw/New Recording 6.m4a,dryad,Aedes sierrensis,Aedes sierrensis,unknown,Aedes sierrensis|field_new,d20cb0d9a9dbb215c425891b63a73b8284a7a4798ffb4f7520b3107a372297fe,d20cb0d9a9dbb215c425891b63a73b8284a7a4798ffb4f7520b3107a372297fe,113644,,,,,.m4a,sierrensis_uncurated_or_copy
data/raw/Aedes sierrensis/Aedes sierrensis/RawData_WithAllFieldNoises/WG/Raw/New Recording 7.m4a,dryad,Aedes sierrensis,Aedes sierrensis,unknown,Aedes sierrensis|field_new,ecb981436a01f0a1a155c953f5e382b9e984d6a2c4ee7d225c29d77e1fc4f2de,ecb981436a01f0a1a155c953f5e382b9e984d6a2c4ee7d225c29d77e1fc4f2de,39271,,,,,.m4a,sierrensis_uncurated_or_copy
data/raw/Aedes sierrensis/Aedes sierrensis/RawData_WithAllFieldNoises/WG/Raw/New Recording 8.m4a,dryad,Aedes sierrensis,Aedes sierrensis,unknown,Aedes sierrensis|field_new,2eeb8e3c9832f61651700b0aadebae2152138d93b07598ad8c75d62c24cd8f28,2eeb8e3c9832f61651700b0aadebae2152138d93b07598ad8c75d62c24cd8f28,45398,,,,,.m4a,sierrensis_uncurated_or_copy
data/raw/Aedes sierrensis/Aedes sierrensis/RawData_WithAllFieldNoises/WG/Raw/New Recording 9.m4a,dryad,Aedes sierrensis,Aedes sierrensis,unknown,Aedes sierrensis|field_new,68169cf406d293d2c7a36ea86c9788d86c7097984576fa91963f8b5ec7aaacdc,68169cf406d293d2c7a36ea86c9788d86c7097984576fa91963f8b5ec7aaacdc,212502,,,,,.m4a,sierrensis_uncurated_or_copy
data/raw/Aedes sierrensis/Aedes sierrensis/Stefan10_1916.wav,dryad,Aedes sierrensis,Aedes sierrensis,unknown,Aedes sierrensis|field_stefan,aa609719cddf9d6c9fddcae62d7a7391d756fdaa5b18c0a4619f005fd4884c53,aa609719cddf9d6c9fddcae62d7a7391d756fdaa5b18c0a4619f005fd4884c53,472532,,,,,.wav,sierrensis_uncurated_or_copy
data/raw/Aedes sierrensis/Aedes sierrensis/Stefan11_1921.wav,dryad,Aedes sierrensis,Aedes sierrensis,unknown,Aedes sierrensis|field_stefan,2c38c5e0baee8106268b54d28f2ae6b207c8c98beb8664b5b25dec65bdb6e968,2c38c5e0baee8106268b54d28f2ae6b207c8c98beb8664b5b25dec65bdb6e968,26698,,,,,.wav,sierrensis_uncurated_or_copy
data/raw/Aedes sierrensis/Aedes sierrensis/Stefan12_1924.wav,dryad,Aedes sierrensis,Aedes sierrensis,unknown,Aedes sierrensis|field_stefan,e2f0e76265e6429121b6195189d0c076a483e6429c5b928001dfd73333a8636d,e2f0e76265e6429121b6195189d0c076a483e6429c5b928001dfd73333a8636d,19800,,,,,.wav,sierrensis_uncurated_or_copy
data/raw/Aedes sierrensis/Aedes sierrensis/Stefan13_1928.wav,dryad,Aedes sierrensis,Aedes sierrensis,unknown,Aedes sierrensis|field_stefan,ab8011c3f806bc2504f3cea972e3b46d17f572ec02d18f6da0b4edda234d761e,ab8011c3f806bc2504f3cea972e3b46d17f572ec02d18f6da0b4edda234d761e,21114,,,,,.wav,sierrensis_uncurated_or_copy
data/raw/Aedes sierrensis/Aedes sierrensis/Stefan14_1936.wav,dryad,Aedes sierrensis,Aedes sierrensis,unknown,Aedes sierrensis|field_stefan,a3f26d8afbc1791508deb186d87272243023b9222b811db564329eeb58d2a3fd,a3f26d8afbc1791508deb186d87272243023b9222b811db564329eeb58d2a3fd,92204,,,,,.wav,sierrensis_uncurated_or_copy
data/raw/Aedes sierrensis/Aedes sierrensis/Stefan15_1937.wav,dryad,Aedes sierrensis,Aedes sierrensis,unknown,Aedes sierrensis|field_stefan,55f0a85fe6dc3146dd224c7e2fba7d23b775760b026443f44d99af25faa1d751,55f0a85fe6dc3146dd224c7e2fba7d23b775760b026443f44d99af25faa1d751,89356,,,,,.wav,sierrensis_uncurated_or_copy
data/raw/Aedes sierrensis/Aedes sierrensis/Stefan1_1823.wav,dryad,Aedes sierrensis,Aedes sierrensis,unknown,Aedes sierrensis|field_stefan,dab79155b6476f40422c4a8a8c555179f5abbf6ef6e1474f82ba1f83313c5b60,dab79155b6476f40422c4a8a8c555179f5abbf6ef6e1474f82ba1f83313c5b60,280322,,,,,.wav,sierrensis_uncurated_or_copy
data/raw/Aedes sierrensis/Aedes sierrensis/Stefan2_1829.wav,dryad,Aedes sierrensis,Aedes sierrensis,unknown,Aedes sierrensis|field_stefan,fce5d455ad819a0caf380e2712279c4b61fa774c67b849cbee3d31e4ed700faa,fce5d455ad819a0caf380e2712279c4b61fa774c67b849cbee3d31e4ed700faa,211088,,,,,.wav,sierrensis_uncurated_or_copy
data/raw/Aedes sierrensis/Aedes sierrensis/Stefan3_1835.wav,dryad,Aedes sierrensis,Aedes sierrensis,unknown,Aedes sierrensis|field_stefan,317e116f96d89e52906c17be4bd0d62bd5ab7cfd85cd5f5993d8aada88c3f3cd,317e116f96d89e52906c17be4bd0d62bd5ab7cfd85cd5f5993d8aada88c3f3cd,186476,,,,,.wav,sierrensis_uncurated_or_copy
data/raw/Aedes sierrensis/Aedes sierrensis/Stefan4_1836.wav,dryad,Aedes sierrensis,Aedes sierrensis,unknown,Aedes sierrensis|field_stefan,5ef3353c32155667ddd07f18a4cc7b159652ae35d5fd0561984e756c8c6b3f10,5ef3353c32155667ddd07f18a4cc7b159652ae35d5fd0561984e756c8c6b3f10,9784,,,,,.wav,sierrensis_uncurated_or_copy
data/raw/Aedes sierrensis/Aedes sierrensis/Stefan5_1836__.wav,dryad,Aedes sierrensis,Aedes sierrensis,unknown,Aedes sierrensis|field_stefan,1202553a25706a9b65a87b99a76bb578c0d0ba5fef774481d5c9977c4527676c,1202553a25706a9b65a87b99a76bb578c0d0ba5fef774481d5c9977c4527676c,49556,,,,,.wav,sierrensis_uncurated_or_copy
data/raw/Aedes sierrensis/Aedes sierrensis/Stefan6_1900.wav,dryad,Aedes sierrensis,Aedes sierrensis,unknown,Aedes sierrensis|field_stefan,970a0d9c7c95c9c3b90b753700b365f88fef4d242a018981643c1b27398ed5c6,970a0d9c7c95c9c3b90b753700b365f88fef4d242a018981643c1b27398ed5c6,12532,,,,,.wav,sierrensis_uncurated_or_copy
data/raw/Aedes sierrensis/Aedes sierrensis/Stefan7_1907.wav,dryad,Aedes sierrensis,Aedes sierrensis,unknown,Aedes sierrensis|field_stefan,a0928013567f8eb818375ea8af36eff40f1a0ddfa8f432cc068a13bda7430f77,a0928013567f8eb818375ea8af36eff40f1a0ddfa8f432cc068a13bda7430f77,57842,,,,,.wav,sierrensis_uncurated_or_copy
data/raw/Aedes sierrensis/Aedes sierrensis/Stefan8_1914.wav,dryad,Aedes sierrensis,Aedes sierrensis,unknown,Aedes sierrensis|field_stefan,13734281f93d4ea71b3f991946c8ecc6b51743bcea9b81a0064b4a01f14cf41e,13734281f93d4ea71b3f991946c8ecc6b51743bcea9b81a0064b4a01f14cf41e,251172,,,,,.wav,sierrensis_uncurated_or_copy
data/raw/Aedes sierrensis/Aedes sierrensis/Stefan9_1915.wav,dryad,Aedes sierrensis,Aedes sierrensis,unknown,Aedes sierrensis|field_stefan,7e9ebbf17b8c2c0ef67889c5659184a7b017d7de2d305b84fbfa9dda6ef08a65,7e9ebbf17b8c2c0ef67889c5659184a7b017d7de2d305b84fbfa9dda6ef08a65,150256,,,,,.wav,sierrensis_uncurated_or_copy
data/raw/Aedes sierrensis/Aedes sierrensis/Vivek1.wav,dryad,Aedes sierrensis,Aedes sierrensis,unknown,Aedes sierrensis|field_vivek,b7d059164beed2ca8888d606f87e0f7627b811d448d774e38f3105a87dbf936e,b7d059164beed2ca8888d606f87e0f7627b811d448d774e38f3105a87dbf936e,17106,,,,,.wav,sierrensis_uncurated_or_copy
data/raw/Aedes sierrensis/Aedes sierrensis/Vivek2.wav,dryad,Aedes sierrensis,Aedes sierrensis,unknown,Aedes sierrensis|field_vivek,2f9eaa3b61bfcccaff25403816cb4022af1c1369e3e61e202b3e9b23ea909fe8,2f9eaa3b61bfcccaff25403816cb4022af1c1369e3e61e202b3e9b23ea909fe8,115866,,,,,.wav,sierrensis_uncurated_or_copy
data/raw/Aedes sierrensis/Aedes sierrensis/Vivek3.wav,dryad,Aedes sierrensis,Aedes sierrensis,unknown,Aedes sierrensis|field_vivek,4b68d39cab23e8c6cef22564f6eb19ba42f8326e510c5e552f37669ff1fc3d5d,4b68d39cab23e8c6cef22564f6eb19ba42f8326e510c5e552f37669ff1fc3d5d,104606,,,,,.wav,sierrensis_uncurated_or_copy
data/raw/Aedes sierrensis/Aedes sierrensis/Vivek4.wav,dryad,Aedes sierrensis,Aedes sierrensis,unknown,Aedes sierrensis|field_vivek,d87c2ea39bafbe1adfb7589cd21c1fd4ab1dbf37c7503c9639e366a8c36a8f5f,d87c2ea39bafbe1adfb7589cd21c1fd4ab1dbf37c7503c9639e366a8c36a8f5f,41530,,,,,.wav,sierrensis_uncurated_or_copy
data/raw/Aedes sierrensis/Aedes sierrensis/Vivek5.wav,dryad,Aedes sierrensis,Aedes sierrensis,unknown,Aedes sierrensis|field_vivek,b855894bb6cf42d2e6decf4f998c13dc06a48aaf34d3dac6c7ab0e64770c3f2b,b855894bb6cf42d2e6decf4f998c13dc06a48aaf34d3dac6c7ab0e64770c3f2b,18430,,,,,.wav,sierrensis_uncurated_or_copy
data/raw/Aedes sierrensis/Aedes sierrensis/William10_15.wav,dryad,Aedes sierrensis,Aedes sierrensis,unknown,Aedes sierrensis|field_william,4a5f241c69b09d9c8010452b2ca209615efc39640b7c4d8239d22b29b77bf447,4a5f241c69b09d9c8010452b2ca209615efc39640b7c4d8239d22b29b77bf447,114878,,,,,.wav,sierrensis_uncurated_or_copy
data/raw/Aedes sierrensis/Aedes sierrensis/William11_18.wav,dryad,Aedes sierrensis,Aedes sierrensis,unknown,Aedes sierrensis|field_william,f1666aef218a80255ea822105973c49970ee596cec242e43c639dcdeadd66030,f1666aef218a80255ea822105973c49970ee596cec242e43c639dcdeadd66030,26906,,,,,.wav,sierrensis_uncurated_or_copy
data/raw/Aedes sierrensis/Aedes sierrensis/William12_21.wav,dryad,Aedes sierrensis,Aedes sierrensis,unknown,Aedes sierrensis|field_william,5eb742dc40c4ba37e83202bf5b0cc4efb32207ea201b14efc7019f8e3f684cfb,5eb742dc40c4ba37e83202bf5b0cc4efb32207ea201b14efc7019f8e3f684cfb,306444,,,,,.wav,sierrensis_uncurated_or_copy
data/raw/Aedes sierrensis/Aedes sierrensis/William1_1.wav,dryad,Aedes sierrensis,Aedes sierrensis,unknown,Aedes sierrensis|field_william,24163c014f9a41f7ea8a1a6078174155f234a08dbd7018cce11e8e0e24e1751c,24163c014f9a41f7ea8a1a6078174155f234a08dbd7018cce11e8e0e24e1751c,66902,,,,,.wav,sierrensis_uncurated_or_copy
data/raw/Aedes sierrensis/Aedes sierrensis/William2_2.wav,dryad,Aedes sierrensis,Aedes sierrensis,unknown,Aedes sierrensis|field_william,b18efdd6cff8471a4ea4e398a54b8e9927406a8697ffbeac8b5146647d722e2b,b18efdd6cff8471a4ea4e398a54b8e9927406a8697ffbeac8b5146647d722e2b,158386,,,,,.wav,sierrensis_uncurated_or_copy
data/raw/Aedes sierrensis/Aedes sierrensis/William3_3.wav,dryad,Aedes sierrensis,Aedes sierrensis,unknown,Aedes sierrensis|field_william,de13c000427bf6932fdad8384347353379ba43b8c3656e16bebaf40374a1d20e,de13c000427bf6932fdad8384347353379ba43b8c3656e16bebaf40374a1d20e,11452,,,,,.wav,sierrensis_uncurated_or_copy
data/raw/Aedes sierrensis/Aedes sierrensis/William4_5.wav,dryad,Aedes sierrensis,Aedes sierrensis,unknown,Aedes sierrensis|field_william,9e72ab657e3e2c80cce45927c4142746037cb8d10c17a91cf76b754c81423742,9e72ab657e3e2c80cce45927c4142746037cb8d10c17a91cf76b754c81423742,88208,,,,,.wav,sierrensis_uncurated_or_copy
data/raw/Aedes sierrensis/Aedes sierrensis/William5_6.wav,dryad,Aedes sierrensis,Aedes sierrensis,unknown,Aedes sierrensis|field_william,b2413453a8c97b9103ff079dab219288e3d99b629bf8e99049f1ee8550bf5b80,b2413453a8c97b9103ff079dab219288e3d99b629bf8e99049f1ee8550bf5b80,434948,,,,,.wav,sierrensis_uncurated_or_copy
data/raw/Aedes sierrensis/Aedes sierrensis/William6_7.wav,dryad,Aedes sierrensis,Aedes sierrensis,unknown,Aedes sierrensis|field_william,0566a72f7b3154593ac92cd0d3c4d45a9062fb798765c416e005bda45448da30,0566a72f7b3154593ac92cd0d3c4d45a9062fb798765c416e005bda45448da30,14550,,,,,.wav,sierrensis_uncurated_or_copy
data/raw/Aedes sierrensis/Aedes sierrensis/William7_8.wav,dryad,Aedes sierrensis,Aedes sierrensis,unknown,Aedes sierrensis|field_william,9dee2a7bdd5849abbe2245fdf130a44a800ab9e7b3b3134380d306a8cdea59e7,9dee2a7bdd5849abbe2245fdf130a44a800ab9e7b3b3134380d306a8cdea59e7,122294,,,,,.wav,sierrensis_uncurated_or_copy
data/raw/Aedes sierrensis/Aedes sierrensis/William8_9.wav,dryad,Aedes sierrensis,Aedes sierrensis,unknown,Aedes sierrensis|field_william,8f22e475afede2dc7fcb1f8a5c6f1ed0fee3a310b193194265754a2a5f629849,8f22e475afede2dc7fcb1f8a5c6f1ed0fee3a310b193194265754a2a5f629849,300050,,,,,.wav,sierrensis_uncurated_or_copy
data/raw/Aedes sierrensis/Aedes sierrensis/William9_12.wav,dryad,Aedes sierrensis,Aedes sierrensis,unknown,Aedes sierrensis|field_william,56856094c18add2674af25a42f99682429fd9fd50840c7ca50722934fc3c5bee,56856094c18add2674af25a42f99682429fd9fd50840c7ca50722934fc3c5bee,131566,,,,,.wav,sierrensis_uncurated_or_copy
data/raw/Anopheles albimanus/Anopheles albimanus/GoogleNexus/Background.wav,dryad,Anopheles albimanus,noise,Nexus,Anopheles albimanus|raw/Anopheles albimanus/Anopheles albimanus/GoogleNexus,noise|background_unresolved,3761f3486e37fca204107f60f9097fa434f52159b371d1e19316961cbba7e362,1827884,44100.0,1.0,20.723809523809525,PCM_16,.wav,
data/raw/Anopheles albimanus/Anopheles albimanus/GoogleNexus/Rec_1980-02-16_17.39.29aalb.wav,dryad,Anopheles albimanus,Anopheles albimanus,Nexus,Anopheles albimanus|raw/Anopheles albimanus/Anopheles albimanus/GoogleNexus,c4366b2755f7ef5d793d312460fc9a16ab22131f2079596c26b9c4d8f7857125,c4366b2755f7ef5d793d312460fc9a16ab22131f2079596c26b9c4d8f7857125,5658668,44100.0,1.0,64.08707482993198,PCM_16,.wav,
data/raw/Anopheles albimanus/Anopheles albimanus/GoogleNexus/Rec_1980-02-16_17.40.56aalb.wav,dryad,Anopheles albimanus,Anopheles albimanus,Nexus,Anopheles albimanus|raw/Anopheles albimanus/Anopheles albimanus/GoogleNexus,c78d14c71f8ad7a72266216f61b6fac86b7225a8ca4cff14e3f82e4a41d8b4d4,c78d14c71f8ad7a72266216f61b6fac86b7225a8ca4cff14e3f82e4a41d8b4d4,4331564,44100.0,1.0,49.04054421768708,PCM_16,.wav,
data/raw/Anopheles albimanus/Anopheles albimanus/GoogleNexus/Rec_1980-02-16_17.42.01aalb.wav,dryad,Anopheles albimanus,Anopheles albimanus,Nexus,Anopheles albimanus|raw/Anopheles albimanus/Anopheles albimanus/GoogleNexus,054d9081163dec12110e7d8a4250bb13bb01d92c3d5b3be12ab4cc72db64e2fd,054d9081163dec12110e7d8a4250bb13bb01d92c3d5b3be12ab4cc72db64e2fd,4214828,44100.0,1.0,47.71700680272109,PCM_16,.wav,
data/raw/Anopheles albimanus/Anopheles albimanus/GoogleNexus/Rec_1980-02-16_17.43.05aalb.wav,dryad,Anopheles albimanus,Anopheles albimanus,Nexus,Anopheles albimanus|raw/Anopheles albimanus/Anopheles albimanus/GoogleNexus,3c196d8efcb733c62164e2134762de5f8bef13c7177e282db442ac3fc06104f2,3c196d8efcb733c62164e2134762de5f8bef13c7177e282db442ac3fc06104f2,5050412,44100.0,1.0,57.19074829931973,PCM_16,.wav,
data/raw/Anopheles albimanus/Anopheles albimanus/GoogleNexus/Rec_1980-02-16_17.44.18aalb.wav,dryad,Anopheles albimanus,Anopheles albimanus,Nexus,Anopheles albimanus|raw/Anopheles albimanus/Anopheles albimanus/GoogleNexus,0a1f7c7b22fe675147e83439834cbd79cc885afd91f5f508afcf310a042813cd,0a1f7c7b22fe675147e83439834cbd79cc885afd91f5f508afcf310a042813cd,5793836,44100.0,1.0,65.6195918367347,PCM_16,.wav,
data/raw/Anopheles albimanus/Anopheles albimanus/Huawei866C/Background.wav,dryad,Anopheles albimanus,noise,Huawei866C,Anopheles albimanus|raw/Anopheles albimanus/Anopheles albimanus/Huawei866C,noise|background_unresolved,b0947e8da416422bdf25e7984e403c8325f048e823c9fac3a1557e9d53bb3924,127120,8000.0,1.0,7.94,PCM_16,.wav,
data/raw/Anopheles albimanus/Anopheles albimanus/Huawei866C/Raw/Recording19800216_019.amr,dryad,Anopheles albimanus,Anopheles albimanus,Huawei866C,Anopheles albimanus|raw/Anopheles albimanus/Anopheles albimanus/Huawei866C/Raw,f18e5e1e1241f5be25ce85d349f8d6e609fd0937c35a2c40b7031e28a091911e,f18e5e1e1241f5be25ce85d349f8d6e609fd0937c35a2c40b7031e28a091911e,23146,,,,,.amr,compressed_original_has_wav
data/raw/Anopheles albimanus/Anopheles albimanus/Huawei866C/Raw/Recording19800216_021.amr,dryad,Anopheles albimanus,Anopheles albimanus,Huawei866C,Anopheles albimanus|raw/Anopheles albimanus/Anopheles albimanus/Huawei866C/Raw,fb8d64a27a18870ba2ba3c7228e440b34da77c1b5ec0767f42a67ff58409dac0,fb8d64a27a18870ba2ba3c7228e440b34da77c1b5ec0767f42a67ff58409dac0,39864,,,,,.amr,compressed_original_has_wav
data/raw/Anopheles albimanus/Anopheles albimanus/Huawei866C/Raw/Recording19800216_022.amr,dryad,Anopheles albimanus,Anopheles albimanus,Huawei866C,Anopheles albimanus|raw/Anopheles albimanus/Anopheles albimanus/Huawei866C/Raw,4e72658ed18d90b73b9165414351da6206fda2b7d930e7ee8a3b6c58c1f21584,4e72658ed18d90b73b9165414351da6206fda2b7d930e7ee8a3b6c58c1f21584,38707,,,,,.amr,compressed_original_has_wav
data/raw/Anopheles albimanus/Anopheles albimanus/Huawei866C/Raw/Recording19800216_023.amr,dryad,Anopheles albimanus,Anopheles albimanus,Huawei866C,Anopheles albimanus|raw/Anopheles albimanus/Anopheles albimanus/Huawei866C/Raw,be6a9b3798a750d27c23a4fb9567c384a4a2c0d5222bfc38f698fe2e622561d1,be6a9b3798a750d27c23a4fb9567c384a4a2c0d5222bfc38f698fe2e622561d1,37875,,,,,.amr,compressed_original_has_wav
data/raw/Anopheles albimanus/Anopheles albimanus/Huawei866C/Raw/Recording19800216_024.amr,dryad,Anopheles albimanus,Anopheles albimanus,Huawei866C,Anopheles albimanus|raw/Anopheles albimanus/Anopheles albimanus/Huawei866C/Raw,d3298f80d8a5b52f92dc175e0853f1b595e7cdb769eccc0daec5e435104a26f1,d3298f80d8a5b52f92dc175e0853f1b595e7cdb769eccc0daec5e435104a26f1,34378,,,,,.amr,compressed_original_has_wav
data/raw/Anopheles albimanus/Anopheles albimanus/Huawei866C/Recording19800216_019.wav,dryad,Anopheles albimanus,Anopheles albimanus,Huawei866C,Anopheles albimanus|raw/Anopheles albimanus/Anopheles albimanus/Huawei866C,2744d4e4191437224a4c6ace67b0ee01c1471624414301f8aef5c62894ab1662,2744d4e4191437224a4c6ace67b0ee01c1471624414301f8aef5c62894ab1662,569680,8000.0,1.0,35.6,PCM_16,.wav,
data/raw/Anopheles albimanus/Anopheles albimanus/Huawei866C/Recording19800216_021.wav,dryad,Anopheles albimanus,Anopheles albimanus,Huawei866C,Anopheles albimanus|raw/Anopheles albimanus/Anopheles albimanus/Huawei866C,66e01c8295fe833a9ba3264a9bd101dee0e3893dd2241fa99879b296c19221fe,66e01c8295fe833a9ba3264a9bd101dee0e3893dd2241fa99879b296c19221fe,981200,8000.0,1.0,61.32,PCM_16,.wav,
data/raw/Anopheles albimanus/Anopheles albimanus/Huawei866C/Recording19800216_022.wav,dryad,Anopheles albimanus,Anopheles albimanus,Huawei866C,Anopheles albimanus|raw/Anopheles albimanus/Anopheles albimanus/Huawei866C,3af225c3b7566cad066381463b1a444a6407f9dafff43caeb45f9717d1dc97b3,3af225c3b7566cad066381463b1a444a6407f9dafff43caeb45f9717d1dc97b3,952720,8000.0,1.0,59.54,PCM_16,.wav,
data/raw/Anopheles albimanus/Anopheles albimanus/Huawei866C/Recording19800216_023.wav,dryad,Anopheles albimanus,Anopheles albimanus,Huawei866C,Anopheles albimanus|raw/Anopheles albimanus/Anopheles albimanus/Huawei866C,fff368995ca38b5064b46a34e47f73dcf4337d9512557d476f665350fa8c279e,fff368995ca38b5064b46a34e47f73dcf4337d9512557d476f665350fa8c279e,932240,8000.0,1.0,58.26,PCM_16,.wav,
data/raw/Anopheles albimanus/Anopheles albimanus/Huawei866C/Recording19800216_024.wav,dryad,Anopheles albimanus,Anopheles albimanus,Huawei866C,Anopheles albimanus|raw/Anopheles albimanus/Anopheles albimanus/Huawei866C,3704a26b382b32eb24bee0365337e19aa6af6f79237586cd417cffba313edc2b,3704a26b382b32eb24bee0365337e19aa6af6f79237586cd417cffba313edc2b,846160,8000.0,1.0,52.88,PCM_16,.wav,
data/raw/Anopheles albimanus/Anopheles albimanus/Nokia5235/Background.wav,dryad,Anopheles albimanus,noise,Nokia5235,Anopheles albimanus|raw/Anopheles albimanus/Anopheles albimanus/Nokia5235,noise|background_unresolved,3761f3486e37fca204107f60f9097fa434f52159b371d1e19316961cbba7e362,1827884,44100.0,1.0,20.723809523809525,PCM_16,.wav,exact_duplicate
data/raw/Anopheles albimanus/Anopheles albimanus/Nokia5235/Sound clip 190 aalbi.mp4,dryad,Anopheles albimanus,Anopheles albimanus,Nokia5235,Anopheles albimanus|raw/Anopheles albimanus/Anopheles albimanus/Nokia5235,7bdfbb29596f91f6d7805a3d54d0ce518000181418518bb4c21aa69fc46fadcf,7bdfbb29596f91f6d7805a3d54d0ce518000181418518bb4c21aa69fc46fadcf,582956,48000.0,1.0,69.504,aac,.mp4,
data/raw/Anopheles albimanus/Anopheles albimanus/Nokia5235/Sound clip 191 aalbi.mp4,dryad,Anopheles albimanus,Anopheles albimanus,Nokia5235,Anopheles albimanus|raw/Anopheles albimanus/Anopheles albimanus/Nokia5235,548cadc88ea2670844f202b73980e1e31cbca5ef29e66bcdd44afb106db1d446,548cadc88ea2670844f202b73980e1e31cbca5ef29e66bcdd44afb106db1d446,527393,48000.0,1.0,62.869333,aac,.mp4,
data/raw/Anopheles albimanus/Anopheles albimanus/Nokia5235/Sound clip 192 aalbi.mp4,dryad,Anopheles albimanus,Anopheles albimanus,Nokia5235,Anopheles albimanus|raw/Anopheles albimanus/Anopheles albimanus/Nokia5235,d72e1e7a9bbcf6eb43d435eec84c4694fee734e2b1b95c25dc4f27511ac98c35,d72e1e7a9bbcf6eb43d435eec84c4694fee734e2b1b95c25dc4f27511ac98c35,620489,48000.0,1.0,73.984,aac,.mp4,
data/raw/Anopheles albimanus/Anopheles albimanus/Nokia5235/Sound clip 193 aalbm.mp4,dryad,Anopheles albimanus,Anopheles albimanus,Nokia5235,Anopheles albimanus|raw/Anopheles albimanus/Anopheles albimanus/Nokia5235,b5c5947e7e7f165584b493d3d869c9a8caecb6545eb71bcc2f523073d04784e4,b5c5947e7e7f165584b493d3d869c9a8caecb6545eb71bcc2f523073d04784e4,1019282,48000.0,1.0,121.6,aac,.mp4,
data/raw/Anopheles albimanus/Anopheles albimanus/Nokia5235/Sound clip 194 aalbf.mp4,dryad,Anopheles albimanus,Anopheles albimanus,Nokia5235,Anopheles albimanus|raw/Anopheles albimanus/Anopheles albimanus/Nokia5235,2cf0d9587664c292a694c0947e03fb52bf61e273588751daf69a6b3ddf1d4008,2cf0d9587664c292a694c0947e03fb52bf61e273588751daf69a6b3ddf1d4008,639955,48000.0,1.0,76.309333,aac,.mp4,
data/raw/Anopheles albimanus/Anopheles albimanus/Nokia6555B/Audio032 aalbi.wav,dryad,Anopheles albimanus,Anopheles albimanus,Nokia6555B,Anopheles albimanus|raw/Anopheles albimanus/Anopheles albimanus/Nokia6555B,3614bfd692931e1bde437eb6e8b6439cb79591824d8dbb4f82e8c9d93d8c1ec8,3614bfd692931e1bde437eb6e8b6439cb79591824d8dbb4f82e8c9d93d8c1ec8,1031760,8000.0,1.0,64.48,PCM_16,.wav,
data/raw/Anopheles albimanus/Anopheles albimanus/Nokia6555B/Audio033 aalbf.wav,dryad,Anopheles albimanus,Anopheles albimanus,Nokia6555B,Anopheles albimanus|raw/Anopheles albimanus/Anopheles albimanus/Nokia6555B,460f24da6111b26b0dd3f6e9dd213d0e824303e6069a0475459df2143d9d9c36,460f24da6111b26b0dd3f6e9dd213d0e824303e6069a0475459df2143d9d9c36,780880,8000.0,1.0,48.8,PCM_16,.wav,
data/raw/Anopheles albimanus/Anopheles albimanus/Nokia6555B/Audio034 aalbm.wav,dryad,Anopheles albimanus,Anopheles albimanus,Nokia6555B,Anopheles albimanus|raw/Anopheles albimanus/Anopheles albimanus/Nokia6555B,0da4cffa1a223cf1ccaf7f69a3e3e78a0bd1f67f625709eb81ffe9a1c28b40f6,0da4cffa1a223cf1ccaf7f69a3e3e78a0bd1f67f625709eb81ffe9a1c28b40f6,1461840,8000.0,1.0,91.36,PCM_16,.wav,
data/raw/Anopheles albimanus/Anopheles albimanus/Nokia6555B/Audio035 aalbi.wav,dryad,Anopheles albimanus,Anopheles albimanus,Nokia6555B,Anopheles albimanus|raw/Anopheles albimanus/Anopheles albimanus/Nokia6555B,5873f4b3bc017d1b07257d145a0051b20a832c3b08cb26ca2b786649481bc130,5873f4b3bc017d1b07257d145a0051b20a832c3b08cb26ca2b786649481bc130,1431120,8000.0,1.0,89.44,PCM_16,.wav,
data/raw/Anopheles albimanus/Anopheles albimanus/Nokia6555B/Background.wav,dryad,Anopheles albimanus,noise,Nokia6555B,Anopheles albimanus|raw/Anopheles albimanus/Anopheles albimanus/Nokia6555B,noise|background_unresolved,3761f3486e37fca204107f60f9097fa434f52159b371d1e19316961cbba7e362,1827884,44100.0,1.0,20.723809523809525,PCM_16,.wav,exact_duplicate
data/raw/Anopheles albimanus/Anopheles albimanus/Nokia6555B/Raw/Audio032 aalbi.amr,dryad,Anopheles albimanus,Anopheles albimanus,Nokia6555B,Anopheles albimanus|raw/Anopheles albimanus/Anopheles albimanus/Nokia6555B/Raw,385a3ec2aac454f2a338dfb0616c7a5a42f1eddd6cd9f88131e48991ee26711c,385a3ec2aac454f2a338dfb0616c7a5a42f1eddd6cd9f88131e48991ee26711c,103174,,,,,.amr,compressed_original_has_wav
data/raw/Anopheles albimanus/Anopheles albimanus/Nokia6555B/Raw/Audio033 aalbf.amr,dryad,Anopheles albimanus,Anopheles albimanus,Nokia6555B,Anopheles albimanus|raw/Anopheles albimanus/Anopheles albimanus/Nokia6555B/Raw,fd058c31cef023a20a9e528dd05a49392c6da4a9e0ddb52d85dc5b558e4e0b4e,fd058c31cef023a20a9e528dd05a49392c6da4a9e0ddb52d85dc5b558e4e0b4e,78086,,,,,.amr,compressed_original_has_wav
data/raw/Anopheles albimanus/Anopheles albimanus/Nokia6555B/Raw/Audio034 aalbm.amr,dryad,Anopheles albimanus,Anopheles albimanus,Nokia6555B,Anopheles albimanus|raw/Anopheles albimanus/Anopheles albimanus/Nokia6555B/Raw,f0c6e1e0f89e21c579f8bc0cf6e9f47a89ab7972a8dac655ed34e5851f0e3910,f0c6e1e0f89e21c579f8bc0cf6e9f47a89ab7972a8dac655ed34e5851f0e3910,146182,,,,,.amr,compressed_original_has_wav
data/raw/Anopheles albimanus/Anopheles albimanus/Nokia6555B/Raw/Audio035 aalbi.amr,dryad,Anopheles albimanus,Anopheles albimanus,Nokia6555B,Anopheles albimanus|raw/Anopheles albimanus/Anopheles albimanus/Nokia6555B/Raw,553ad5b934ef2d3925e1023e7f6f662ab60f6ea744227af39311a5e78b16efe1,553ad5b934ef2d3925e1023e7f6f662ab60f6ea744227af39311a5e78b16efe1,143110,,,,,.amr,compressed_original_has_wav
data/raw/Anopheles albimanus/Anopheles albimanus/SamsungT209/Background.wav,dryad,Anopheles albimanus,noise,T209,Anopheles albimanus|raw/Anopheles albimanus/Anopheles albimanus/SamsungT209,noise|background_unresolved,3761f3486e37fca204107f60f9097fa434f52159b371d1e19316961cbba7e362,1827884,44100.0,1.0,20.723809523809525,PCM_16,.wav,exact_duplicate
data/raw/Anopheles albimanus/Anopheles albimanus/SamsungT209/Raw/Voice0043.amr,dryad,Anopheles albimanus,Anopheles albimanus,T209,Anopheles albimanus|raw/Anopheles albimanus/Anopheles albimanus/SamsungT209/Raw,675e940e249a6f3ef61d39b9f86b2b2ffd8e200719e964633cb2346b1eb30c51,675e940e249a6f3ef61d39b9f86b2b2ffd8e200719e964633cb2346b1eb30c51,39006,,,,,.amr,compressed_original_has_wav
data/raw/Anopheles albimanus/Anopheles albimanus/SamsungT209/Raw/Voice0044.amr,dryad,Anopheles albimanus,Anopheles albimanus,T209,Anopheles albimanus|raw/Anopheles albimanus/Anopheles albimanus/SamsungT209/Raw,f97a3295f48191482ac31501476120e9f947ae76c8a063272bee62c09896618d,f97a3295f48191482ac31501476120e9f947ae76c8a063272bee62c09896618d,39006,,,,,.amr,compressed_original_has_wav
data/raw/Anopheles albimanus/Anopheles albimanus/SamsungT209/Raw/Voice0045.amr,dryad,Anopheles albimanus,Anopheles albimanus,T209,Anopheles albimanus|raw/Anopheles albimanus/Anopheles albimanus/SamsungT209/Raw,ecce2cc32642b4f863122ab1a87d287affe5da7d945ee13c07d5773c946e42e9,ecce2cc32642b4f863122ab1a87d287affe5da7d945ee13c07d5773c946e42e9,39006,,,,,.amr,compressed_original_has_wav
data/raw/Anopheles albimanus/Anopheles albimanus/SamsungT209/Raw/Voice0046.amr,dryad,Anopheles albimanus,Anopheles albimanus,T209,Anopheles albimanus|raw/Anopheles albimanus/Anopheles albimanus/SamsungT209/Raw,8f6d6cb6a2943de21fc498981ccdd3c4e688a731317ea2f9c76aa731da6f6102,8f6d6cb6a2943de21fc498981ccdd3c4e688a731317ea2f9c76aa731da6f6102,39006,,,,,.amr,compressed_original_has_wav
data/raw/Anopheles albimanus/Anopheles albimanus/SamsungT209/Raw/Voice0047.amr,dryad,Anopheles albimanus,Anopheles albimanus,T209,Anopheles albimanus|raw/Anopheles albimanus/Anopheles albimanus/SamsungT209/Raw,9f8618a98320d1dba4b196672af895cead3b83fb7e683260c5a5bc767a0d81d8,9f8618a98320d1dba4b196672af895cead3b83fb7e683260c5a5bc767a0d81d8,39006,,,,,.amr,compressed_original_has_wav
data/raw/Anopheles albimanus/Anopheles albimanus/SamsungT209/Voice0043.wav,dryad,Anopheles albimanus,Anopheles albimanus,T209,Anopheles albimanus|raw/Anopheles albimanus/Anopheles albimanus/SamsungT209,d462978918c71050c3e92d8582f2223c4980f924485e496513b1593b70a1c86d,d462978918c71050c3e92d8582f2223c4980f924485e496513b1593b70a1c86d,960080,8000.0,1.0,60.0,PCM_16,.wav,
data/raw/Anopheles albimanus/Anopheles albimanus/SamsungT209/Voice0044.wav,dryad,Anopheles albimanus,Anopheles albimanus,T209,Anopheles albimanus|raw/Anopheles albimanus/Anopheles albimanus/SamsungT209,e8ed41408196b7c8d7f55117c0619848125d1bdd751eddac03836a4167849d29,e8ed41408196b7c8d7f55117c0619848125d1bdd751eddac03836a4167849d29,960080,8000.0,1.0,60.0,PCM_16,.wav,
data/raw/Anopheles albimanus/Anopheles albimanus/SamsungT209/Voice0045.wav,dryad,Anopheles albimanus,Anopheles albimanus,T209,Anopheles albimanus|raw/Anopheles albimanus/Anopheles albimanus/SamsungT209,93dbf9403ef7e22fd7804c12063670efbcbc21897f44e8448fed364cd6a6d604,93dbf9403ef7e22fd7804c12063670efbcbc21897f44e8448fed364cd6a6d604,960080,8000.0,1.0,60.0,PCM_16,.wav,
data/raw/Anopheles albimanus/Anopheles albimanus/SamsungT209/Voice0046.wav,dryad,Anopheles albimanus,Anopheles albimanus,T209,Anopheles albimanus|raw/Anopheles albimanus/Anopheles albimanus/SamsungT209,3ea414c175d60d516c47ac934f4b0da0595a5d466643d7a89f4df7c65e1be82d,3ea414c175d60d516c47ac934f4b0da0595a5d466643d7a89f4df7c65e1be82d,960080,8000.0,1.0,60.0,PCM_16,.wav,
data/raw/Anopheles albimanus/Anopheles albimanus/SamsungT209/Voice0047.wav,dryad,Anopheles albimanus,Anopheles albimanus,T209,Anopheles albimanus|raw/Anopheles albimanus/Anopheles albimanus/SamsungT209,9b7683104890bdf9a5939924042cd81572109b0ada56fd2fbcfbd58006addb4c,9b7683104890bdf9a5939924042cd81572109b0ada56fd2fbcfbd58006addb4c,960080,8000.0,1.0,60.0,PCM_16,.wav,
data/raw/Anopheles albimanus/Anopheles albimanus/SonyXperia/03-03-2016-162952 aalbi.wav,dryad,Anopheles albimanus,Anopheles albimanus,Xperia,Anopheles albimanus|raw/Anopheles albimanus/Anopheles albimanus/SonyXperia,f1fb6a629be2b23e75dc00c36024d711b9458bcf25ad837af23727d56e94de84,f1fb6a629be2b23e75dc00c36024d711b9458bcf25ad837af23727d56e94de84,4838444,44100.0,1.0,54.857142857142854,PCM_16,.wav,
data/raw/Anopheles albimanus/Anopheles albimanus/SonyXperia/03-03-2016-163123 aalbm.wav,dryad,Anopheles albimanus,Anopheles albimanus,Xperia,Anopheles albimanus|raw/Anopheles albimanus/Anopheles albimanus/SonyXperia,3a6cd971097d76135383b4a8a43af1860a9fbdfe9b75bf8c024c8120cf5bd6c5,3a6cd971097d76135383b4a8a43af1860a9fbdfe9b75bf8c024c8120cf5bd6c5,6666284,44100.0,1.0,75.58095238095238,PCM_16,.wav,
data/raw/Anopheles albimanus/Anopheles albimanus/SonyXperia/03-03-2016-163314 aalbf.wav,dryad,Anopheles albimanus,Anopheles albimanus,Xperia,Anopheles albimanus|raw/Anopheles albimanus/Anopheles albimanus/SonyXperia,62de8566f44d01d09e66cb3953bf605fa11e82d1bb50d972a63132ba30515baa,62de8566f44d01d09e66cb3953bf605fa11e82d1bb50d972a63132ba30515baa,6558764,44100.0,1.0,74.36190476190477,PCM_16,.wav,
data/raw/Anopheles albimanus/Anopheles albimanus/SonyXperia/03-03-2016-163521 aalbi .wav,dryad,Anopheles albimanus,Anopheles albimanus,Xperia,Anopheles albimanus|raw/Anopheles albimanus/Anopheles albimanus/SonyXperia,3db0d38d88cc23b0fbe3a24dbeb068c9a1cea153bc2c1efcb484a33959ea4f72,3db0d38d88cc23b0fbe3a24dbeb068c9a1cea153bc2c1efcb484a33959ea4f72,4945964,44100.0,1.0,56.076190476190476,PCM_16,.wav,
data/raw/Anopheles albimanus/Anopheles albimanus/SonyXperia/03-03-2016-164124 aalbi tube .wav,dryad,Anopheles albimanus,Anopheles albimanus,Xperia,Anopheles albimanus|raw/Anopheles albimanus/Anopheles albimanus/SonyXperia,6577ee452c83422ea80d76b7e9dbcbe6990723be5595c20887300200d2a27cf8,6577ee452c83422ea80d76b7e9dbcbe6990723be5595c20887300200d2a27cf8,2580524,44100.0,1.0,29.257142857142856,PCM_16,.wav,
data/raw/Anopheles albimanus/Anopheles albimanus/SonyXperia/Background.wav,dryad,Anopheles albimanus,noise,Xperia,Anopheles albimanus|raw/Anopheles albimanus/Anopheles albimanus/SonyXperia,noise|background_unresolved,3761f3486e37fca204107f60f9097fa434f52159b371d1e19316961cbba7e362,1827884,44100.0,1.0,20.723809523809525,PCM_16,.wav,exact_duplicate
data/raw/Anopheles albimanus/Anopheles albimanus/iPhone4S/20160303 160934.wav,dryad,Anopheles albimanus,Anopheles albimanus,iPhone4S,Anopheles albimanus|raw/Anopheles albimanus/Anopheles albimanus/iPhone4S,0954383a32a2972ca5476816a62e4c4a2fcf4a79dd1c6509a8dc2648568f24a5,0954383a32a2972ca5476816a62e4c4a2fcf4a79dd1c6509a8dc2648568f24a5,2953202,44100.0,1.0,33.48172335600907,PCM_16,.wav,
data/raw/Anopheles albimanus/Anopheles albimanus/iPhone4S/20160303 161039AalbF.wav,dryad,Anopheles albimanus,Anopheles albimanus,iPhone4S,Anopheles albimanus|raw/Anopheles albimanus/Anopheles albimanus/iPhone4S,53f7008dc60ee69997c5b81d00b83ada74221e1483c1918e4652b20a0e8bb195,53f7008dc60ee69997c5b81d00b83ada74221e1483c1918e4652b20a0e8bb195,3069938,44100.0,1.0,34.80526077097505,PCM_16,.wav,
data/raw/Anopheles albimanus/Anopheles albimanus/iPhone4S/20160303 161130AalbM.wav,dryad,Anopheles albimanus,Anopheles albimanus,iPhone4S,Anopheles albimanus|raw/Anopheles albimanus/Anopheles albimanus/iPhone4S,61ed74b335968c3eddda414d107e37fc834bc66436f1b6d7334fe0359832393f,61ed74b335968c3eddda414d107e37fc834bc66436f1b6d7334fe0359832393f,6445042,44100.0,1.0,73.07174603174603,PCM_16,.wav,
data/raw/Anopheles albimanus/Anopheles albimanus/iPhone4S/20160303 161254.wav,dryad,Anopheles albimanus,Anopheles albimanus,iPhone4S,Anopheles albimanus|raw/Anopheles albimanus/Anopheles albimanus/iPhone4S,29f1548c4dcc6a1a832515b9a4fd99b2b154a78f5c78e6596c8a85f209ba33fc,29f1548c4dcc6a1a832515b9a4fd99b2b154a78f5c78e6596c8a85f209ba33fc,4276210,44100.0,1.0,48.481814058956914,PCM_16,.wav,
data/raw/Anopheles albimanus/Anopheles albimanus/iPhone4S/20160303 161352.wav,dryad,Anopheles albimanus,Anopheles albimanus,iPhone4S,Anopheles albimanus|raw/Anopheles albimanus/Anopheles albimanus/iPhone4S,fdb2c1aa14c1fb412df84f3926d0056b1ac2a1cde70a91bae36431e88a968d0d,fdb2c1aa14c1fb412df84f3926d0056b1ac2a1cde70a91bae36431e88a968d0d,6203378,44100.0,1.0,70.33179138321995,PCM_16,.wav,
data/raw/Anopheles albimanus/Anopheles albimanus/iPhone4S/20160303 161512.wav,dryad,Anopheles albimanus,Anopheles albimanus,iPhone4S,Anopheles albimanus|raw/Anopheles albimanus/Anopheles albimanus/iPhone4S,85307ebe218d9b23a4529b1b7422c38f40a41091b1892c4c8afbbeed964853d2,85307ebe218d9b23a4529b1b7422c38f40a41091b1892c4c8afbbeed964853d2,3608562,44100.0,1.0,40.91210884353742,PCM_16,.wav,
data/raw/Anopheles albimanus/Anopheles albimanus/iPhone4S/Background.wav,dryad,Anopheles albimanus,noise,iPhone4S,Anopheles albimanus|raw/Anopheles albimanus/Anopheles albimanus/iPhone4S,noise|background_unresolved,3761f3486e37fca204107f60f9097fa434f52159b371d1e19316961cbba7e362,1827884,44100.0,1.0,20.723809523809525,PCM_16,.wav,exact_duplicate
data/raw/Anopheles albimanus/Anopheles albimanus/iPhone4S/Raw/20160303 160934.m4a,dryad,Anopheles albimanus,Anopheles albimanus,iPhone4S,Anopheles albimanus|raw/Anopheles albimanus/Anopheles albimanus/iPhone4S/Raw,f0f0cc549d1fed25cce48deaa65779ea8f016b607cebf9ab3a78970d84c1f3d3,f0f0cc549d1fed25cce48deaa65779ea8f016b607cebf9ab3a78970d84c1f3d3,269922,,,,,.m4a,compressed_original_has_wav
data/raw/Anopheles albimanus/Anopheles albimanus/iPhone4S/Raw/20160303 161039AalbF.m4a,dryad,Anopheles albimanus,Anopheles albimanus,iPhone4S,Anopheles albimanus|raw/Anopheles albimanus/Anopheles albimanus/iPhone4S/Raw,d48631a816074bd70bd808f1c100b2df3b71b041691a0b8600dc91cb9ffaa66c,d48631a816074bd70bd808f1c100b2df3b71b041691a0b8600dc91cb9ffaa66c,281208,,,,,.m4a,compressed_original_has_wav
data/raw/Anopheles albimanus/Anopheles albimanus/iPhone4S/Raw/20160303 161130AalbM.m4a,dryad,Anopheles albimanus,Anopheles albimanus,iPhone4S,Anopheles albimanus|raw/Anopheles albimanus/Anopheles albimanus/iPhone4S/Raw,f82792f89a213296de525402b87074b9edbe607e5cffba34b2a0f24d69117414,f82792f89a213296de525402b87074b9edbe607e5cffba34b2a0f24d69117414,588708,,,,,.m4a,compressed_original_has_wav
data/raw/Anopheles albimanus/Anopheles albimanus/iPhone4S/Raw/20160303 161254.m4a,dryad,Anopheles albimanus,Anopheles albimanus,iPhone4S,Anopheles albimanus|raw/Anopheles albimanus/Anopheles albimanus/iPhone4S/Raw,81f54dc6bde21f95f2d42c32ac52eda6e85f43e5238334f527d4390d129945a4,81f54dc6bde21f95f2d42c32ac52eda6e85f43e5238334f527d4390d129945a4,389606,,,,,.m4a,compressed_original_has_wav
data/raw/Anopheles albimanus/Anopheles albimanus/iPhone4S/Raw/20160303 161352.m4a,dryad,Anopheles albimanus,Anopheles albimanus,iPhone4S,Anopheles albimanus|raw/Anopheles albimanus/Anopheles albimanus/iPhone4S/Raw,f0a034686956a6517ebee8796689a8e1e591acd7407fefb121acb8729d5ec677,f0a034686956a6517ebee8796689a8e1e591acd7407fefb121acb8729d5ec677,566719,,,,,.m4a,compressed_original_has_wav
data/raw/Anopheles albimanus/Anopheles albimanus/iPhone4S/Raw/20160303 161512.m4a,dryad,Anopheles albimanus,Anopheles albimanus,iPhone4S,Anopheles albimanus|raw/Anopheles albimanus/Anopheles albimanus/iPhone4S/Raw,f9ce9e753679a2565f36aea5e6517c0dce31a9bd1051b2429dde7c36fb07b376,f9ce9e753679a2565f36aea5e6517c0dce31a9bd1051b2429dde7c36fb07b376,330631,,,,,.m4a,compressed_original_has_wav
data/raw/Anopheles albimanus/Anopheles albimanus/iPhone6/Aalb (1).m4a,dryad,Anopheles albimanus,Anopheles albimanus,iPhone6,Anopheles albimanus|raw/Anopheles albimanus/Anopheles albimanus/iPhone6,f57f55e81c031e0ba0fa1480ddb818e06cf6c9533699f674ff662469b266090b,f57f55e81c031e0ba0fa1480ddb818e06cf6c9533699f674ff662469b266090b,415774,44100.0,1.0,51.687619,aac,.m4a,
data/raw/Anopheles albimanus/Anopheles albimanus/iPhone6/Aalb (2).m4a,dryad,Anopheles albimanus,Anopheles albimanus,iPhone6,Anopheles albimanus|raw/Anopheles albimanus/Anopheles albimanus/iPhone6,8ab71be5661553035f8410c14785f8bdff81d76dd8284685a31f761b5a30f12f,8ab71be5661553035f8410c14785f8bdff81d76dd8284685a31f761b5a30f12f,551516,44100.0,1.0,68.591746,aac,.m4a,
data/raw/Anopheles albimanus/Anopheles albimanus/iPhone6/Aalb.m4a,dryad,Anopheles albimanus,Anopheles albimanus,iPhone6,Anopheles albimanus|raw/Anopheles albimanus/Anopheles albimanus/iPhone6,603488be873931e469a1f70dcfbfb03d1d957972510678bb4576e000161d93b9,603488be873931e469a1f70dcfbfb03d1d957972510678bb4576e000161d93b9,324025,44100.0,1.0,40.100862,aac,.m4a,
data/raw/Anopheles albimanus/Anopheles albimanus/iPhone6/AalbF.m4a,dryad,Anopheles albimanus,Anopheles albimanus,iPhone6,Anopheles albimanus|raw/Anopheles albimanus/Anopheles albimanus/iPhone6,e452fb43d227c0835afcb9781e0b7ae47f7fd2dcc42aaff782cb8ae4116e9d69,e452fb43d227c0835afcb9781e0b7ae47f7fd2dcc42aaff782cb8ae4116e9d69,299377,44100.0,1.0,37.198367,aac,.m4a,
data/raw/Anopheles albimanus/Anopheles albimanus/iPhone6/Aalbm.m4a,dryad,Anopheles albimanus,Anopheles albimanus,iPhone6,Anopheles albimanus|raw/Anopheles albimanus/Anopheles albimanus/iPhone6,ac4352668d7ec1eb0c98a8459b0edbce6534044269c0f2068ae70690addc2825,ac4352668d7ec1eb0c98a8459b0edbce6534044269c0f2068ae70690addc2825,395840,44100.0,1.0,49.226304,aac,.m4a,
data/raw/Anopheles albimanus/Anopheles albimanus/iPhone6/Background.wav,dryad,Anopheles albimanus,noise,iPhone6,Anopheles albimanus|raw/Anopheles albimanus/Anopheles albimanus/iPhone6,noise|background_unresolved,3761f3486e37fca204107f60f9097fa434f52159b371d1e19316961cbba7e362,1827884,44100.0,1.0,20.723809523809525,PCM_16,.wav,exact_duplicate
data/raw/Anopheles arabiensis/Anopheles arabiensis dongola/CDC_Nexus/dongola f.wav,dryad,Anopheles arabiensis,Anopheles arabiensis,Nexus,Anopheles arabiensis|raw/Anopheles arabiensis/Anopheles arabiensis dongola/CDC_Nexus,2fc98224c9000cd84ac8d6ac02511cc8f94d9e7c45369b05bc5c4474fab4b51e,2fc98224c9000cd84ac8d6ac02511cc8f94d9e7c45369b05bc5c4474fab4b51e,35954732,44100.0,1.0,407.5798639455782,PCM_16,.wav,
data/raw/Anopheles arabiensis/Anopheles arabiensis dongola/CDC_T209/Voice0156 dongolaf.wav,dryad,Anopheles arabiensis,Anopheles arabiensis,T209,Anopheles arabiensis|raw/Anopheles arabiensis/Anopheles arabiensis dongola/CDC_T209,9d1e2c105daff3f23741b34afb67bfde923c0d24ef6c0ca8456347d4ea95bb04,9d1e2c105daff3f23741b34afb67bfde923c0d24ef6c0ca8456347d4ea95bb04,960080,8000.0,1.0,60.0,PCM_16,.wav,
data/raw/Anopheles arabiensis/Anopheles arabiensis dongola/CDC_T209/Voice0157.wav,dryad,Anopheles arabiensis,Anopheles arabiensis,T209,Anopheles arabiensis|raw/Anopheles arabiensis/Anopheles arabiensis dongola/CDC_T209,3074d190df4a37ea79c72e82acae3c215c0ec9d2c90770cb53185e89a8efbe73,3074d190df4a37ea79c72e82acae3c215c0ec9d2c90770cb53185e89a8efbe73,960080,8000.0,1.0,60.0,PCM_16,.wav,
data/raw/Anopheles arabiensis/Anopheles arabiensis dongola/CDC_T209/Voice0159.wav,dryad,Anopheles arabiensis,Anopheles arabiensis,T209,Anopheles arabiensis|raw/Anopheles arabiensis/Anopheles arabiensis dongola/CDC_T209,46aed821f8d5e6edcc76d25ee2abf34efed4678aadc659efa1c5579be6770ec2,46aed821f8d5e6edcc76d25ee2abf34efed4678aadc659efa1c5579be6770ec2,960080,8000.0,1.0,60.0,PCM_16,.wav,
data/raw/Anopheles arabiensis/Anopheles arabiensis dongola/CDC_T209/Voice0160 dongolaf.wav,dryad,Anopheles arabiensis,Anopheles arabiensis,T209,Anopheles arabiensis|raw/Anopheles arabiensis/Anopheles arabiensis dongola/CDC_T209,34bee0bd50774f378125584d704e2a059ab577cc6aa9f8f18e50f6462b24fa7d,34bee0bd50774f378125584d704e2a059ab577cc6aa9f8f18e50f6462b24fa7d,960080,8000.0,1.0,60.0,PCM_16,.wav,
data/raw/Anopheles arabiensis/Anopheles arabiensis dongola/CDC_Xperia/11-17-2016-191652 dongola .wav,dryad,Anopheles arabiensis,Anopheles arabiensis,Xperia,Anopheles arabiensis|raw/Anopheles arabiensis/Anopheles arabiensis dongola/CDC_Xperia,03887d4f1c0732c1d40d5c68cacfa761b92e43b2c62d40b7a4be51cfb5fc4bf4,03887d4f1c0732c1d40d5c68cacfa761b92e43b2c62d40b7a4be51cfb5fc4bf4,34621484,44100.0,1.0,392.53333333333336,PCM_16,.wav,
data/raw/Anopheles arabiensis/Anopheles arabiensis rufisque/CDC_Nexus/rufisque.wav,dryad,Anopheles arabiensis,Anopheles arabiensis,Nexus,Anopheles arabiensis|raw/Anopheles arabiensis/Anopheles arabiensis rufisque/CDC_Nexus,e0c6df90a217b5f48735f419b4b83a9085f764956ab63d16a9f5c41771001a4e,e0c6df90a217b5f48735f419b4b83a9085f764956ab63d16a9f5c41771001a4e,25712684,44100.0,1.0,291.4568707482993,PCM_16,.wav,
data/raw/Anopheles arabiensis/Anopheles arabiensis rufisque/CDC_T209/Voice0172 rufisque.wav,dryad,Anopheles arabiensis,Anopheles arabiensis,T209,Anopheles arabiensis|raw/Anopheles arabiensis/Anopheles arabiensis rufisque/CDC_T209,b8ee49a45e0d6780fb90044bb0474d518f07d5812c196ce690f2716062c45785,b8ee49a45e0d6780fb90044bb0474d518f07d5812c196ce690f2716062c45785,960080,8000.0,1.0,60.0,PCM_16,.wav,
data/raw/Anopheles arabiensis/Anopheles arabiensis rufisque/CDC_T209/Voice0173.wav,dryad,Anopheles arabiensis,Anopheles arabiensis,T209,Anopheles arabiensis|raw/Anopheles arabiensis/Anopheles arabiensis rufisque/CDC_T209,143e56314f153eb14b7a5d8ac8be52d6e46b242df1462d12b90f0497c633d6fe,143e56314f153eb14b7a5d8ac8be52d6e46b242df1462d12b90f0497c633d6fe,960080,8000.0,1.0,60.0,PCM_16,.wav,
data/raw/Anopheles arabiensis/Anopheles arabiensis rufisque/CDC_T209/Voice0174.wav,dryad,Anopheles arabiensis,Anopheles arabiensis,T209,Anopheles arabiensis|raw/Anopheles arabiensis/Anopheles arabiensis rufisque/CDC_T209,f64a73b669ed33fa4c87abf13fe2d912378473e68831110d7841edd8221f30b1,f64a73b669ed33fa4c87abf13fe2d912378473e68831110d7841edd8221f30b1,960080,8000.0,1.0,60.0,PCM_16,.wav,
data/raw/Anopheles arabiensis/Anopheles arabiensis rufisque/CDC_T209/Voice0175.wav,dryad,Anopheles arabiensis,Anopheles arabiensis,T209,Anopheles arabiensis|raw/Anopheles arabiensis/Anopheles arabiensis rufisque/CDC_T209,83728ec4fa2182c18d07b9ad20508804e120f5021c95ed186552c6835063da0e,83728ec4fa2182c18d07b9ad20508804e120f5021c95ed186552c6835063da0e,960080,8000.0,1.0,60.0,PCM_16,.wav,
data/raw/Anopheles arabiensis/Anopheles arabiensis rufisque/CDC_T209/Voice0176 rufisque.wav,dryad,Anopheles arabiensis,Anopheles arabiensis,T209,Anopheles arabiensis|raw/Anopheles arabiensis/Anopheles arabiensis rufisque/CDC_T209,11b3039c6f468caa1c21ad025e06c4e953d99dfea6d8dd2f1727687180b74a06,11b3039c6f468caa1c21ad025e06c4e953d99dfea6d8dd2f1727687180b74a06,960080,8000.0,1.0,60.0,PCM_16,.wav,
data/raw/Anopheles arabiensis/Anopheles arabiensis rufisque/CDC_Xperia/11-18-2016-135704 rufisque f.wav,dryad,Anopheles arabiensis,Anopheles arabiensis,Xperia,Anopheles arabiensis|raw/Anopheles arabiensis/Anopheles arabiensis rufisque/CDC_Xperia,9ce1aa5fb03a6410dc6f329920944cdc8c2ee46a288b112e01590cba6e5fc35e,9ce1aa5fb03a6410dc6f329920944cdc8c2ee46a288b112e01590cba6e5fc35e,31073324,44100.0,1.0,352.3047619047619,PCM_16,.wav,
data/raw/Anopheles atroparvus/Anopheles atroparvus/CDC_Nexus/ebro f.wav,dryad,Anopheles atroparvus,Anopheles atroparvus,Nexus,Anopheles atroparvus|raw/Anopheles atroparvus/Anopheles atroparvus/CDC_Nexus,d9ca196eb782b4889b7439d8e1e06f2c20a1c35d5ac9e3a7d3d8700c8f76a981,d9ca196eb782b4889b7439d8e1e06f2c20a1c35d5ac9e3a7d3d8700c8f76a981,25860140,44100.0,1.0,293.1287074829932,PCM_16,.wav,
data/raw/Anopheles atroparvus/Anopheles atroparvus/CDC_T209/Voice0161 ebrof.wav,dryad,Anopheles atroparvus,Anopheles atroparvus,T209,Anopheles atroparvus|raw/Anopheles atroparvus/Anopheles atroparvus/CDC_T209,36b9d8787feb8e8fb8e94aa001d901a0d91239adaf8a3737a2451889755549e0,36b9d8787feb8e8fb8e94aa001d901a0d91239adaf8a3737a2451889755549e0,960080,8000.0,1.0,60.0,PCM_16,.wav,
data/raw/Anopheles atroparvus/Anopheles atroparvus/CDC_T209/Voice0162.wav,dryad,Anopheles atroparvus,Anopheles atroparvus,T209,Anopheles atroparvus|raw/Anopheles atroparvus/Anopheles atroparvus/CDC_T209,29b9f17fce02ba780fffe5754643a7b10f49371a5211c1deda516acb5491a1ab,29b9f17fce02ba780fffe5754643a7b10f49371a5211c1deda516acb5491a1ab,960080,8000.0,1.0,60.0,PCM_16,.wav,
data/raw/Anopheles atroparvus/Anopheles atroparvus/CDC_T209/Voice0163.wav,dryad,Anopheles atroparvus,Anopheles atroparvus,T209,Anopheles atroparvus|raw/Anopheles atroparvus/Anopheles atroparvus/CDC_T209,d576cd44a35f7ef267368e3202320f114e985ef0c1708ed7d701b51d53eb3960,d576cd44a35f7ef267368e3202320f114e985ef0c1708ed7d701b51d53eb3960,960080,8000.0,1.0,60.0,PCM_16,.wav,
data/raw/Anopheles atroparvus/Anopheles atroparvus/CDC_T209/Voice0165.wav,dryad,Anopheles atroparvus,Anopheles atroparvus,T209,Anopheles atroparvus|raw/Anopheles atroparvus/Anopheles atroparvus/CDC_T209,ed4e19e3233574e105fe66d6ab6d441ec12691e1ea9404de1d62f0f374069d49,ed4e19e3233574e105fe66d6ab6d441ec12691e1ea9404de1d62f0f374069d49,960080,8000.0,1.0,60.0,PCM_16,.wav,
data/raw/Anopheles atroparvus/Anopheles atroparvus/CDC_T209/Voice0166 ebrof.wav,dryad,Anopheles atroparvus,Anopheles atroparvus,T209,Anopheles atroparvus|raw/Anopheles atroparvus/Anopheles atroparvus/CDC_T209,dc1dc95e5426b3046b5c982939a098305e34b2d14b880972b26168cb70005fcd,dc1dc95e5426b3046b5c982939a098305e34b2d14b880972b26168cb70005fcd,960080,8000.0,1.0,60.0,PCM_16,.wav,
data/raw/Anopheles atroparvus/Anopheles atroparvus/CDC_Xperia/11-18-2016-092525 ebro f.wav,dryad,Anopheles atroparvus,Anopheles atroparvus,Xperia,Anopheles atroparvus|raw/Anopheles atroparvus/Anopheles atroparvus/CDC_Xperia,efbe63290294000ad2768cb5814b286646be9b8d05ea122665074b56c72878ac,efbe63290294000ad2768cb5814b286646be9b8d05ea122665074b56c72878ac,27740204,44100.0,1.0,314.51428571428573,PCM_16,.wav,
data/raw/Anopheles dirus/Anopheles dirus/GoogleNexus/Background.wav,dryad,Anopheles dirus,noise,Nexus,Anopheles dirus|raw/Anopheles dirus/Anopheles dirus/GoogleNexus,noise|background_unresolved,3761f3486e37fca204107f60f9097fa434f52159b371d1e19316961cbba7e362,1827884,44100.0,1.0,20.723809523809525,PCM_16,.wav,exact_duplicate
data/raw/Anopheles dirus/Anopheles dirus/GoogleNexus/Rec_1980-02-15_16.35.43 adirus mix.wav,dryad,Anopheles dirus,Anopheles dirus,Nexus,Anopheles dirus|raw/Anopheles dirus/Anopheles dirus/GoogleNexus,f7d717b0a3a5d320ae1e8fe65872fd3d3e02a85e4550ef882618dcad8176822c,f7d717b0a3a5d320ae1e8fe65872fd3d3e02a85e4550ef882618dcad8176822c,5910572,44100.0,1.0,66.94312925170068,PCM_16,.wav,
data/raw/Anopheles dirus/Anopheles dirus/GoogleNexus/Rec_1980-02-15_16.38.25 adirus mix.wav,dryad,Anopheles dirus,Anopheles dirus,Nexus,Anopheles dirus|raw/Anopheles dirus/Anopheles dirus/GoogleNexus,393f427535446649168a95d51ccb3b908af34c0833783b026d6a464f9cfec116,393f427535446649168a95d51ccb3b908af34c0833783b026d6a464f9cfec116,2703404,44100.0,1.0,30.580680272108843,PCM_16,.wav,
data/raw/Anopheles dirus/Anopheles dirus/GoogleNexus/Rec_1980-02-15_16.44.54 adirus mix.wav,dryad,Anopheles dirus,Anopheles dirus,Nexus,Anopheles dirus|raw/Anopheles dirus/Anopheles dirus/GoogleNexus,54466cab27684c879cffd2adc1c0bfb19bb563038ea75064d7c3874cf8192747,54466cab27684c879cffd2adc1c0bfb19bb563038ea75064d7c3874cf8192747,5861420,44100.0,1.0,66.38585034013606,PCM_16,.wav,
data/raw/Anopheles dirus/Anopheles dirus/GoogleNexus/Rec_1980-02-15_16.47.04 adirus.wav,dryad,Anopheles dirus,Anopheles dirus,Nexus,Anopheles dirus|raw/Anopheles dirus/Anopheles dirus/GoogleNexus,d32ffa74e57570708bb176761b24a119df08519e5bb70853859de4bd8bac7237,d32ffa74e57570708bb176761b24a119df08519e5bb70853859de4bd8bac7237,4300844,44100.0,1.0,48.692244897959185,PCM_16,.wav,
data/raw/Anopheles dirus/Anopheles dirus/Huawei866C/Background.wav,dryad,Anopheles dirus,noise,Huawei866C,Anopheles dirus|raw/Anopheles dirus/Anopheles dirus/Huawei866C,noise|background_unresolved,b0947e8da416422bdf25e7984e403c8325f048e823c9fac3a1557e9d53bb3924,127120,8000.0,1.0,7.94,PCM_16,.wav,exact_duplicate
data/raw/Anopheles dirus/Anopheles dirus/Huawei866C/Raw/Recording19800215_021_F.amr,dryad,Anopheles dirus,Anopheles dirus,Huawei866C,Anopheles dirus|raw/Anopheles dirus/Anopheles dirus/Huawei866C/Raw,74fb2821a22ae3e11933e8bff0469f6e858bc6a7aa67a5378376dd5f71524f5c,74fb2821a22ae3e11933e8bff0469f6e858bc6a7aa67a5378376dd5f71524f5c,929,,,,,.amr,compressed_original_has_wav
data/raw/Anopheles dirus/Anopheles dirus/Huawei866C/Raw/Recording19800215_022_F.amr,dryad,Anopheles dirus,Anopheles dirus,Huawei866C,Anopheles dirus|raw/Anopheles dirus/Anopheles dirus/Huawei866C/Raw,6cff044bba53a2666876e91f33855ac238a729593dd4e68efbd90aa81d7fd409,6cff044bba53a2666876e91f33855ac238a729593dd4e68efbd90aa81d7fd409,9587,,,,,.amr,compressed_original_has_wav
data/raw/Anopheles dirus/Anopheles dirus/Huawei866C/Raw/Recording19800215_023_M.amr,dryad,Anopheles dirus,Anopheles dirus,Huawei866C,Anopheles dirus|raw/Anopheles dirus/Anopheles dirus/Huawei866C/Raw,056451ad8c8dca32b3b208d2101cd787a07514d7c682d819ea3e2ae35a77c41e,056451ad8c8dca32b3b208d2101cd787a07514d7c682d819ea3e2ae35a77c41e,18895,,,,,.amr,compressed_original_has_wav
data/raw/Anopheles dirus/Anopheles dirus/Huawei866C/Raw/Recording19800215_024_M.amr,dryad,Anopheles dirus,Anopheles dirus,Huawei866C,Anopheles dirus|raw/Anopheles dirus/Anopheles dirus/Huawei866C/Raw,108f138aefa03d7285d05b5b229f076dbf430c4e651e1c72f7fe6bc0ab0efa39,108f138aefa03d7285d05b5b229f076dbf430c4e651e1c72f7fe6bc0ab0efa39,10328,,,,,.amr,compressed_original_has_wav
data/raw/Anopheles dirus/Anopheles dirus/Huawei866C/Raw/Recording19800215_025_F.amr,dryad,Anopheles dirus,Anopheles dirus,Huawei866C,Anopheles dirus|raw/Anopheles dirus/Anopheles dirus/Huawei866C/Raw,3cb7d1a1e2ac626626597a171e0a029469e551e6308fd9308b74ea7074bc7e95,3cb7d1a1e2ac626626597a171e0a029469e551e6308fd9308b74ea7074bc7e95,16321,,,,,.amr,compressed_original_has_wav
data/raw/Anopheles dirus/Anopheles dirus/Huawei866C/Raw/Recording19800215_026_F.amr,dryad,Anopheles dirus,Anopheles dirus,Huawei866C,Anopheles dirus|raw/Anopheles dirus/Anopheles dirus/Huawei866C/Raw,7c8f0bc999bf5bc1cca71b32ee0b2c0d05f7900bb25b4f9f7f16cd8626b46445,7c8f0bc999bf5bc1cca71b32ee0b2c0d05f7900bb25b4f9f7f16cd8626b46445,25057,,,,,.amr,compressed_original_has_wav
data/raw/Anopheles dirus/Anopheles dirus/Huawei866C/Raw/Recording19800215_027_M.amr,dryad,Anopheles dirus,Anopheles dirus,Huawei866C,Anopheles dirus|raw/Anopheles dirus/Anopheles dirus/Huawei866C/Raw,0f7ce035a1d423c790612951957332ff4dc7aab3f020ce078a68ee4ca8c0a1ed,0f7ce035a1d423c790612951957332ff4dc7aab3f020ce078a68ee4ca8c0a1ed,18895,,,,,.amr,compressed_original_has_wav
data/raw/Anopheles dirus/Anopheles dirus/Huawei866C/Raw/Recording19800215_028_M.amr,dryad,Anopheles dirus,Anopheles dirus,Huawei866C,Anopheles dirus|raw/Anopheles dirus/Anopheles dirus/Huawei866C/Raw,487e8e2a73052d2d667214a6a8a52a4a2032af40e66ce8f1b20f915e1624fcc3,487e8e2a73052d2d667214a6a8a52a4a2032af40e66ce8f1b20f915e1624fcc3,20481,,,,,.amr,compressed_original_has_wav
data/raw/Anopheles dirus/Anopheles dirus/Huawei866C/Raw/Recording19800215_029_F.amr,dryad,Anopheles dirus,Anopheles dirus,Huawei866C,Anopheles dirus|raw/Anopheles dirus/Anopheles dirus/Huawei866C/Raw,2de8a0ab807a56b037b7bc209358d030cb702dc1092485dae0045428e3685c2a,2de8a0ab807a56b037b7bc209358d030cb702dc1092485dae0045428e3685c2a,11667,,,,,.amr,compressed_original_has_wav
data/raw/Anopheles dirus/Anopheles dirus/Huawei866C/Raw/Recording19800215_030_M.amr,dryad,Anopheles dirus,Anopheles dirus,Huawei866C,Anopheles dirus|raw/Anopheles dirus/Anopheles dirus/Huawei866C/Raw,7d839d9c2a25cb1b59e7eac2affbcd418f57e1cc27c343dec5703762f57d2c14,7d839d9c2a25cb1b59e7eac2affbcd418f57e1cc27c343dec5703762f57d2c14,22067,,,,,.amr,compressed_original_has_wav
data/raw/Anopheles dirus/Anopheles dirus/Huawei866C/Recording19800215_021_F.wav,dryad,Anopheles dirus,Anopheles dirus,Huawei866C,Anopheles dirus|raw/Anopheles dirus/Anopheles dirus/Huawei866C,1535b970467379effce9017fa4c46a2661cb11fc0c526bb4cd5ca1f3dbacdafa,1535b970467379effce9017fa4c46a2661cb11fc0c526bb4cd5ca1f3dbacdafa,22800,8000.0,1.0,1.42,PCM_16,.wav,
data/raw/Anopheles dirus/Anopheles dirus/Huawei866C/Recording19800215_022_F.wav,dryad,Anopheles dirus,Anopheles dirus,Huawei866C,Anopheles dirus|raw/Anopheles dirus/Anopheles dirus/Huawei866C,debf52e6156c7c13c6ba8a4583b585678dd542582bb0aa0cb7f7ad7e3a295697,debf52e6156c7c13c6ba8a4583b585678dd542582bb0aa0cb7f7ad7e3a295697,235920,8000.0,1.0,14.74,PCM_16,.wav,
data/raw/Anopheles dirus/Anopheles dirus/Huawei866C/Recording19800215_023_M.wav,dryad,Anopheles dirus,Anopheles dirus,Huawei866C,Anopheles dirus|raw/Anopheles dirus/Anopheles dirus/Huawei866C,5e5ac8558b5ee9fb41b87298f02e8e03a3557f4820d39736204b29add2e2b73d,5e5ac8558b5ee9fb41b87298f02e8e03a3557f4820d39736204b29add2e2b73d,465040,8000.0,1.0,29.06,PCM_16,.wav,
data/raw/Anopheles dirus/Anopheles dirus/Huawei866C/Recording19800215_024_M.wav,dryad,Anopheles dirus,Anopheles dirus,Huawei866C,Anopheles dirus|raw/Anopheles dirus/Anopheles dirus/Huawei866C,445e753ed883ead2481d85ffacac85838f5575762144e2bcb3dcdf8247cd0020,445e753ed883ead2481d85ffacac85838f5575762144e2bcb3dcdf8247cd0020,254160,8000.0,1.0,15.88,PCM_16,.wav,
data/raw/Anopheles dirus/Anopheles dirus/Huawei866C/Recording19800215_025_F.wav,dryad,Anopheles dirus,Anopheles dirus,Huawei866C,Anopheles dirus|raw/Anopheles dirus/Anopheles dirus/Huawei866C,ebd457c96b0486579245601cf92450261a6dbb6e2da002c479518d11dcb9cc0c,ebd457c96b0486579245601cf92450261a6dbb6e2da002c479518d11dcb9cc0c,401680,8000.0,1.0,25.1,PCM_16,.wav,
data/raw/Anopheles dirus/Anopheles dirus/Huawei866C/Recording19800215_026_F.wav,dryad,Anopheles dirus,Anopheles dirus,Huawei866C,Anopheles dirus|raw/Anopheles dirus/Anopheles dirus/Huawei866C,97c49988ef586a89777773d8c5e8a7a48982928839fdc6f9c49537974704e664,97c49988ef586a89777773d8c5e8a7a48982928839fdc6f9c49537974704e664,616720,8000.0,1.0,38.54,PCM_16,.wav,
data/raw/Anopheles dirus/Anopheles dirus/Huawei866C/Recording19800215_027_M.wav,dryad,Anopheles dirus,Anopheles dirus,Huawei866C,Anopheles dirus|raw/Anopheles dirus/Anopheles dirus/Huawei866C,e42078584234279f6e2f394c9cd66284fcae52d55a23b76f72e81dd78266b6f3,e42078584234279f6e2f394c9cd66284fcae52d55a23b76f72e81dd78266b6f3,465040,8000.0,1.0,29.06,PCM_16,.wav,
data/raw/Anopheles dirus/Anopheles dirus/Huawei866C/Recording19800215_028_M.wav,dryad,Anopheles dirus,Anopheles dirus,Huawei866C,Anopheles dirus|raw/Anopheles dirus/Anopheles dirus/Huawei866C,0e8088b5c51905d7b435dad144eaf6c637f9ca4d89b827bcd065f54b47c36689,0e8088b5c51905d7b435dad144eaf6c637f9ca4d89b827bcd065f54b47c36689,504080,8000.0,1.0,31.5,PCM_16,.wav,
data/raw/Anopheles dirus/Anopheles dirus/Huawei866C/Recording19800215_029_F.wav,dryad,Anopheles dirus,Anopheles dirus,Huawei866C,Anopheles dirus|raw/Anopheles dirus/Anopheles dirus/Huawei866C,ef301c14ff1f1fc6413d1245468f37a8dfd645f25edfc22e8e1b0c9fef9fe3a5,ef301c14ff1f1fc6413d1245468f37a8dfd645f25edfc22e8e1b0c9fef9fe3a5,287120,8000.0,1.0,17.94,PCM_16,.wav,
data/raw/Anopheles dirus/Anopheles dirus/Huawei866C/Recording19800215_030_M.wav,dryad,Anopheles dirus,Anopheles dirus,Huawei866C,Anopheles dirus|raw/Anopheles dirus/Anopheles dirus/Huawei866C,36e1ffe847b59de4a8d2ea7b3a0d614981c356b95745cdf1401d27db0e1ab31b,36e1ffe847b59de4a8d2ea7b3a0d614981c356b95745cdf1401d27db0e1ab31b,543120,8000.0,1.0,33.94,PCM_16,.wav,
data/raw/Anopheles dirus/Anopheles dirus/Nokia5235/Adf.mp4,dryad,Anopheles dirus,Anopheles dirus,Nokia5235,Anopheles dirus|raw/Anopheles dirus/Anopheles dirus/Nokia5235,5971236d44339c5dae42f9b5a251a8864d1d500ef8970d3a252e688f1666a3ce,5971236d44339c5dae42f9b5a251a8864d1d500ef8970d3a252e688f1666a3ce,277453,48000.0,1.0,33.024,aac,.mp4,
data/raw/Anopheles dirus/Anopheles dirus/Nokia5235/Adf1.mp4,dryad,Anopheles dirus,Anopheles dirus,Nokia5235,Anopheles dirus|raw/Anopheles dirus/Anopheles dirus/Nokia5235,e643733c2337842903e77c7e0aeb254fbad02ebac738f1cfc87387570a949cb4,e643733c2337842903e77c7e0aeb254fbad02ebac738f1cfc87387570a949cb4,528102,48000.0,1.0,62.954667,aac,.mp4,
data/raw/Anopheles dirus/Anopheles dirus/Nokia5235/Adf2.mp4,dryad,Anopheles dirus,Anopheles dirus,Nokia5235,Anopheles dirus|raw/Anopheles dirus/Anopheles dirus/Nokia5235,d71d747442a1cb624db142b6acb2057c0b3ec7d1764f99de9427deaf7920fa08,d71d747442a1cb624db142b6acb2057c0b3ec7d1764f99de9427deaf7920fa08,425549,48000.0,1.0,50.709333,aac,.mp4,
data/raw/Anopheles dirus/Anopheles dirus/Nokia5235/Adf3.mp4,dryad,Anopheles dirus,Anopheles dirus,Nokia5235,Anopheles dirus|raw/Anopheles dirus/Anopheles dirus/Nokia5235,1f24b947468f93c730731e08c61242c63ecd7f2f643d1690642c1f8b89f2763e,1f24b947468f93c730731e08c61242c63ecd7f2f643d1690642c1f8b89f2763e,521336,48000.0,1.0,62.144,aac,.mp4,
data/raw/Anopheles dirus/Anopheles dirus/Nokia5235/Adm1.mp4,dryad,Anopheles dirus,Anopheles dirus,Nokia5235,Anopheles dirus|raw/Anopheles dirus/Anopheles dirus/Nokia5235,ec17d4e739388bdfd17ed21863bc64f1de8b57431e10d3aa22984fbbc18edf24,ec17d4e739388bdfd17ed21863bc64f1de8b57431e10d3aa22984fbbc18edf24,496661,48000.0,1.0,59.2,aac,.mp4,
data/raw/Anopheles dirus/Anopheles dirus/Nokia5235/Adm2.mp4,dryad,Anopheles dirus,Anopheles dirus,Nokia5235,Anopheles dirus|raw/Anopheles dirus/Anopheles dirus/Nokia5235,af44d93579ec398f802fb9ee70e49f563d3dd9f53bee14da9ff5aab70c2ed1fb,af44d93579ec398f802fb9ee70e49f563d3dd9f53bee14da9ff5aab70c2ed1fb,541494,48000.0,1.0,64.554667,aac,.mp4,
data/raw/Anopheles dirus/Anopheles dirus/Nokia5235/Adm3.mp4,dryad,Anopheles dirus,Anopheles dirus,Nokia5235,Anopheles dirus|raw/Anopheles dirus/Anopheles dirus/Nokia5235,e420b50e3ea0c7abca65fc852b1d1f919a3bf1629afda6e0f542ce0db9440945,e420b50e3ea0c7abca65fc852b1d1f919a3bf1629afda6e0f542ce0db9440945,581007,48000.0,1.0,69.269333,aac,.mp4,
data/raw/Anopheles dirus/Anopheles dirus/Nokia5235/Admf.mp4,dryad,Anopheles dirus,Anopheles dirus,Nokia5235,Anopheles dirus|raw/Anopheles dirus/Anopheles dirus/Nokia5235,df1c848783a9d6f222a12e5c02297807c36480d7e0b092a5acc9d332c38aeeec,df1c848783a9d6f222a12e5c02297807c36480d7e0b092a5acc9d332c38aeeec,259385,48000.0,1.0,30.869333,aac,.mp4,
data/raw/Anopheles dirus/Anopheles dirus/Nokia5235/Background.wav,dryad,Anopheles dirus,noise,Nokia5235,Anopheles dirus|raw/Anopheles dirus/Anopheles dirus/Nokia5235,noise|background_unresolved,3761f3486e37fca204107f60f9097fa434f52159b371d1e19316961cbba7e362,1827884,44100.0,1.0,20.723809523809525,PCM_16,.wav,exact_duplicate
data/raw/Anopheles dirus/Anopheles dirus/Nokia6555B/Audio003.wav,dryad,Anopheles dirus,Anopheles dirus,Nokia6555B,Anopheles dirus|raw/Anopheles dirus/Anopheles dirus/Nokia6555B,e62d43a7a7af1ae97fa0db6388ca06fe73e697560e6c2399375e10b335794b5f,e62d43a7a7af1ae97fa0db6388ca06fe73e697560e6c2399375e10b335794b5f,1262160,8000.0,1.0,78.88,PCM_16,.wav,
data/raw/Anopheles dirus/Anopheles dirus/Nokia6555B/Audio004.wav,dryad,Anopheles dirus,Anopheles dirus,Nokia6555B,Anopheles dirus|raw/Anopheles dirus/Anopheles dirus/Nokia6555B,3e8a6825ed5614f09e50a5a6bbd15755bceeefae78a0a08de97a33f265638d22,3e8a6825ed5614f09e50a5a6bbd15755bceeefae78a0a08de97a33f265638d22,1085520,8000.0,1.0,67.84,PCM_16,.wav,
data/raw/Anopheles dirus/Anopheles dirus/Nokia6555B/Audio005.wav,dryad,Anopheles dirus,Anopheles dirus,Nokia6555B,Anopheles dirus|raw/Anopheles dirus/Anopheles dirus/Nokia6555B,0b5d5ca4f5921a8a0a6017f7370be9ec80fe146b97b8eaba23d8300232c2ae51,0b5d5ca4f5921a8a0a6017f7370be9ec80fe146b97b8eaba23d8300232c2ae51,985680,8000.0,1.0,61.6,PCM_16,.wav,
data/raw/Anopheles dirus/Anopheles dirus/Nokia6555B/Audio006.wav,dryad,Anopheles dirus,Anopheles dirus,Nokia6555B,Anopheles dirus|raw/Anopheles dirus/Anopheles dirus/Nokia6555B,08bdc742898e155d7fe781fa85c40a81e677b3dd40a5f187be04a9c746f13cc6,08bdc742898e155d7fe781fa85c40a81e677b3dd40a5f187be04a9c746f13cc6,1123920,8000.0,1.0,70.24,PCM_16,.wav,
data/raw/Anopheles dirus/Anopheles dirus/Nokia6555B/Audio007.wav,dryad,Anopheles dirus,Anopheles dirus,Nokia6555B,Anopheles dirus|raw/Anopheles dirus/Anopheles dirus/Nokia6555B,691ee1d897588e2cc6a3a0a82272381469be1382f2056437186c87b6409fa98a,691ee1d897588e2cc6a3a0a82272381469be1382f2056437186c87b6409fa98a,1021520,8000.0,1.0,63.84,PCM_16,.wav,
data/raw/Anopheles dirus/Anopheles dirus/Nokia6555B/Background.wav,dryad,Anopheles dirus,noise,Nokia6555B,Anopheles dirus|raw/Anopheles dirus/Anopheles dirus/Nokia6555B,noise|background_unresolved,3761f3486e37fca204107f60f9097fa434f52159b371d1e19316961cbba7e362,1827884,44100.0,1.0,20.723809523809525,PCM_16,.wav,exact_duplicate
data/raw/Anopheles dirus/Anopheles dirus/Nokia6555B/Raw/Audio003.amr,dryad,Anopheles dirus,Anopheles dirus,Nokia6555B,Anopheles dirus|raw/Anopheles dirus/Anopheles dirus/Nokia6555B/Raw,ac3be56c87453d902141829ee9bf385e01b75603391bd392f71fcbffc4511e4f,ac3be56c87453d902141829ee9bf385e01b75603391bd392f71fcbffc4511e4f,126214,,,,,.amr,compressed_original_has_wav
data/raw/Anopheles dirus/Anopheles dirus/Nokia6555B/Raw/Audio004.amr,dryad,Anopheles dirus,Anopheles dirus,Nokia6555B,Anopheles dirus|raw/Anopheles dirus/Anopheles dirus/Nokia6555B/Raw,2ec06d793dc97db30ad3aa4b5dadcc44f41d6b9766523c0aad699455327cb400,2ec06d793dc97db30ad3aa4b5dadcc44f41d6b9766523c0aad699455327cb400,108550,,,,,.amr,compressed_original_has_wav
data/raw/Anopheles dirus/Anopheles dirus/Nokia6555B/Raw/Audio005.amr,dryad,Anopheles dirus,Anopheles dirus,Nokia6555B,Anopheles dirus|raw/Anopheles dirus/Anopheles dirus/Nokia6555B/Raw,c1d4f86c9eac92c7a15b81676c4a4c407a0c78da3aec05588703ad49e67648d8,c1d4f86c9eac92c7a15b81676c4a4c407a0c78da3aec05588703ad49e67648d8,98566,,,,,.amr,compressed_original_has_wav
data/raw/Anopheles dirus/Anopheles dirus/Nokia6555B/Raw/Audio006.amr,dryad,Anopheles dirus,Anopheles dirus,Nokia6555B,Anopheles dirus|raw/Anopheles dirus/Anopheles dirus/Nokia6555B/Raw,ec2090ee8ac02675d610d666272790906c103a6b611afdc8160414170b9faef8,ec2090ee8ac02675d610d666272790906c103a6b611afdc8160414170b9faef8,112390,,,,,.amr,compressed_original_has_wav
data/raw/Anopheles dirus/Anopheles dirus/Nokia6555B/Raw/Audio007.amr,dryad,Anopheles dirus,Anopheles dirus,Nokia6555B,Anopheles dirus|raw/Anopheles dirus/Anopheles dirus/Nokia6555B/Raw,3652320d8f2182519ccc2b2740a8c4da4bba0ef0c0da288b8a711e1b8ba50f4c,3652320d8f2182519ccc2b2740a8c4da4bba0ef0c0da288b8a711e1b8ba50f4c,102150,,,,,.amr,compressed_original_has_wav
data/raw/Anopheles dirus/Anopheles dirus/SamsungT209/Background.wav,dryad,Anopheles dirus,noise,T209,Anopheles dirus|raw/Anopheles dirus/Anopheles dirus/SamsungT209,noise|background_unresolved,3761f3486e37fca204107f60f9097fa434f52159b371d1e19316961cbba7e362,1827884,44100.0,1.0,20.723809523809525,PCM_16,.wav,exact_duplicate
data/raw/Anopheles dirus/Anopheles dirus/SamsungT209/Raw/Voice0013.amr,dryad,Anopheles dirus,Anopheles dirus,T209,Anopheles dirus|raw/Anopheles dirus/Anopheles dirus/SamsungT209/Raw,f2b4b0d9972c610a16a27b82b3bc9304734ee5cdc664279f234867032762dea3,f2b4b0d9972c610a16a27b82b3bc9304734ee5cdc664279f234867032762dea3,39006,,,,,.amr,compressed_original_has_wav
data/raw/Anopheles dirus/Anopheles dirus/SamsungT209/Raw/Voice0014.amr,dryad,Anopheles dirus,Anopheles dirus,T209,Anopheles dirus|raw/Anopheles dirus/Anopheles dirus/SamsungT209/Raw,b7729a245195a8ab87cb4ce2eb6428a12efb379c7f291e5e10201f50b1992304,b7729a245195a8ab87cb4ce2eb6428a12efb379c7f291e5e10201f50b1992304,39006,,,,,.amr,compressed_original_has_wav
data/raw/Anopheles dirus/Anopheles dirus/SamsungT209/Raw/Voice0015.amr,dryad,Anopheles dirus,Anopheles dirus,T209,Anopheles dirus|raw/Anopheles dirus/Anopheles dirus/SamsungT209/Raw,a18268d59e2b941d861b200fab555a461722b42c541214b61126d74d126e4456,a18268d59e2b941d861b200fab555a461722b42c541214b61126d74d126e4456,39006,,,,,.amr,compressed_original_has_wav
data/raw/Anopheles dirus/Anopheles dirus/SamsungT209/Raw/Voice0016.amr,dryad,Anopheles dirus,Anopheles dirus,T209,Anopheles dirus|raw/Anopheles dirus/Anopheles dirus/SamsungT209/Raw,f2cc813d73e8c29667fb86934b5d4d1fabc545b734758d0acdc09b3e81e0be0b,f2cc813d73e8c29667fb86934b5d4d1fabc545b734758d0acdc09b3e81e0be0b,39006,,,,,.amr,compressed_original_has_wav
data/raw/Anopheles dirus/Anopheles dirus/SamsungT209/Raw/Voice0017.amr,dryad,Anopheles dirus,Anopheles dirus,T209,Anopheles dirus|raw/Anopheles dirus/Anopheles dirus/SamsungT209/Raw,406cdd0695d71acabdc76327b8ea0aae83e35c9f58170e9ed5a50374f5478d90,406cdd0695d71acabdc76327b8ea0aae83e35c9f58170e9ed5a50374f5478d90,39006,,,,,.amr,compressed_original_has_wav
data/raw/Anopheles dirus/Anopheles dirus/SamsungT209/Voice0013.wav,dryad,Anopheles dirus,Anopheles dirus,T209,Anopheles dirus|raw/Anopheles dirus/Anopheles dirus/SamsungT209,ba0ee3525dfec6a86f33d8eb44595d1ea22cad4f684020161224b13a2eaf5f9c,ba0ee3525dfec6a86f33d8eb44595d1ea22cad4f684020161224b13a2eaf5f9c,960080,8000.0,1.0,60.0,PCM_16,.wav,
data/raw/Anopheles dirus/Anopheles dirus/SamsungT209/Voice0014.wav,dryad,Anopheles dirus,Anopheles dirus,T209,Anopheles dirus|raw/Anopheles dirus/Anopheles dirus/SamsungT209,6275182e3e9bcd9bcc8dd3c03ab79bc55bf00c61128e5f6005c474fa0c999d20,6275182e3e9bcd9bcc8dd3c03ab79bc55bf00c61128e5f6005c474fa0c999d20,960080,8000.0,1.0,60.0,PCM_16,.wav,
data/raw/Anopheles dirus/Anopheles dirus/SamsungT209/Voice0015.wav,dryad,Anopheles dirus,Anopheles dirus,T209,Anopheles dirus|raw/Anopheles dirus/Anopheles dirus/SamsungT209,4178dd0284137c5292691207fe88443803c2415bcf549488f6cefac715211ed8,4178dd0284137c5292691207fe88443803c2415bcf549488f6cefac715211ed8,960080,8000.0,1.0,60.0,PCM_16,.wav,
data/raw/Anopheles dirus/Anopheles dirus/SamsungT209/Voice0016.wav,dryad,Anopheles dirus,Anopheles dirus,T209,Anopheles dirus|raw/Anopheles dirus/Anopheles dirus/SamsungT209,5eddc5bc536236595706517d628959c3ff8f7012be935bd44fb77e76ee45353d,5eddc5bc536236595706517d628959c3ff8f7012be935bd44fb77e76ee45353d,960080,8000.0,1.0,60.0,PCM_16,.wav,
data/raw/Anopheles dirus/Anopheles dirus/SamsungT209/Voice0017.wav,dryad,Anopheles dirus,Anopheles dirus,T209,Anopheles dirus|raw/Anopheles dirus/Anopheles dirus/SamsungT209,507613b05cef18aa4d1ca51b732790ab16b5fffca63438e8cbf0a40d9b33f1b7,507613b05cef18aa4d1ca51b732790ab16b5fffca63438e8cbf0a40d9b33f1b7,960080,8000.0,1.0,60.0,PCM_16,.wav,
data/raw/Anopheles dirus/Anopheles dirus/SonyXperia/03-02-2016-163059 adirus mix .wav,dryad,Anopheles dirus,Anopheles dirus,Xperia,Anopheles dirus|raw/Anopheles dirus/Anopheles dirus/SonyXperia,a992f4ec751bc03ee268aaa1252e320875ead552cf021c6341426d620f09b970,a992f4ec751bc03ee268aaa1252e320875ead552cf021c6341426d620f09b970,5483564,44100.0,1.0,62.17142857142857,PCM_16,.wav,
data/raw/Anopheles dirus/Anopheles dirus/SonyXperia/03-02-2016-163400 adirus mix .wav,dryad,Anopheles dirus,Anopheles dirus,Xperia,Anopheles dirus|raw/Anopheles dirus/Anopheles dirus/SonyXperia,33c5d0bfd744653b189a8220b2d1272d01e3c9977b7c8675709ab6cc8c4e760b,33c5d0bfd744653b189a8220b2d1272d01e3c9977b7c8675709ab6cc8c4e760b,2580524,44100.0,1.0,29.257142857142856,PCM_16,.wav,
data/raw/Anopheles dirus/Anopheles dirus/SonyXperia/03-02-2016-163922 adirus mix .wav,dryad,Anopheles dirus,Anopheles dirus,Xperia,Anopheles dirus|raw/Anopheles dirus/Anopheles dirus/SonyXperia,4663dbbf99de0325d9e2fbf9a4f2c55a1df6709571129841464bbf3ca5bce21c,4663dbbf99de0325d9e2fbf9a4f2c55a1df6709571129841464bbf3ca5bce21c,5268524,44100.0,1.0,59.733333333333334,PCM_16,.wav,
data/raw/Anopheles dirus/Anopheles dirus/SonyXperia/03-02-2016-164146 adirus mix bugdorm .wav,dryad,Anopheles dirus,Anopheles dirus,Xperia,Anopheles dirus|raw/Anopheles dirus/Anopheles dirus/SonyXperia,6633393383ce8e02a434685db3d5b96fa93716822d04b7b3839863d50c47d1e3,6633393383ce8e02a434685db3d5b96fa93716822d04b7b3839863d50c47d1e3,5806124,44100.0,1.0,65.82857142857142,PCM_16,.wav,
data/raw/Anopheles dirus/Anopheles dirus/SonyXperia/03-02-2016-164309 adirus mix bugdorm .wav,dryad,Anopheles dirus,Anopheles dirus,Xperia,Anopheles dirus|raw/Anopheles dirus/Anopheles dirus/SonyXperia,641b4e341f140fd9f9f6cf3d3c33808b7bd8e03d83600f16780addafc286a85a,641b4e341f140fd9f9f6cf3d3c33808b7bd8e03d83600f16780addafc286a85a,8386604,44100.0,1.0,95.08571428571429,PCM_16,.wav,
data/raw/Anopheles dirus/Anopheles dirus/SonyXperia/Background.wav,dryad,Anopheles dirus,noise,Xperia,Anopheles dirus|raw/Anopheles dirus/Anopheles dirus/SonyXperia,noise|background_unresolved,3761f3486e37fca204107f60f9097fa434f52159b371d1e19316961cbba7e362,1827884,44100.0,1.0,20.723809523809525,PCM_16,.wav,exact_duplicate
data/raw/Anopheles dirus/Anopheles dirus/iPhone4S/20160302 154000AdM.wav,dryad,Anopheles dirus,Anopheles dirus,iPhone4S,Anopheles dirus|raw/Anopheles dirus/Anopheles dirus/iPhone4S,0c7cb75aacea737209c9152483846a7cb63fc5a9c1b26b7fff98257acc5593a2,0c7cb75aacea737209c9152483846a7cb63fc5a9c1b26b7fff98257acc5593a2,3438578,44100.0,1.0,38.98485260770975,PCM_16,.wav,
data/raw/Anopheles dirus/Anopheles dirus/iPhone4S/20160302 154124AdF.wav,dryad,Anopheles dirus,Anopheles dirus,iPhone4S,Anopheles dirus|raw/Anopheles dirus/Anopheles dirus/iPhone4S,43d5c00c674d7ca113d271d6263cd6e0e81430512718d5ac34369f06777f248e,43d5c00c674d7ca113d271d6263cd6e0e81430512718d5ac34369f06777f248e,3583986,44100.0,1.0,40.6334693877551,PCM_16,.wav,
data/raw/Anopheles dirus/Anopheles dirus/iPhone4S/20160302 154229AdF.wav,dryad,Anopheles dirus,Anopheles dirus,iPhone4S,Anopheles dirus|raw/Anopheles dirus/Anopheles dirus/iPhone4S,7f7d515da5c8053cf8a91625dbf8a39e667cb63213c8f82f2e53ed588e9ef975,7f7d515da5c8053cf8a91625dbf8a39e667cb63213c8f82f2e53ed588e9ef975,4370418,44100.0,1.0,49.54993197278912,PCM_16,.wav,
data/raw/Anopheles dirus/Anopheles dirus/iPhone4S/20160302 154329AdM.wav,dryad,Anopheles dirus,Anopheles dirus,iPhone4S,Anopheles dirus|raw/Anopheles dirus/Anopheles dirus/iPhone4S,6825aa590f3644dfb69d5ce6d877a2bdd0e64e99ad761f1baa1487b941e3fa9e,6825aa590f3644dfb69d5ce6d877a2bdd0e64e99ad761f1baa1487b941e3fa9e,2486258,44100.0,1.0,28.187573696145126,PCM_16,.wav,
data/raw/Anopheles dirus/Anopheles dirus/iPhone4S/20160302 154415AdF.wav,dryad,Anopheles dirus,Anopheles dirus,iPhone4S,Anopheles dirus|raw/Anopheles dirus/Anopheles dirus/iPhone4S,bf037764179011a373127551cb6d98611871ffbebba252cb825220485434c941,bf037764179011a373127551cb6d98611871ffbebba252cb825220485434c941,2615282,44100.0,1.0,29.65043083900227,PCM_16,.wav,
data/raw/Anopheles dirus/Anopheles dirus/iPhone4S/20160302 154516AdF.wav,dryad,Anopheles dirus,Anopheles dirus,iPhone4S,Anopheles dirus|raw/Anopheles dirus/Anopheles dirus/iPhone4S,d0b12f66f78c449f407842d187044d78fbcf5676305a03b3d06e39012dcbb29c,d0b12f66f78c449f407842d187044d78fbcf5676305a03b3d06e39012dcbb29c,2211826,44100.0,1.0,25.076099773242632,PCM_16,.wav,
data/raw/Anopheles dirus/Anopheles dirus/iPhone4S/20160302 154608AdM.wav,dryad,Anopheles dirus,Anopheles dirus,iPhone4S,Anopheles dirus|raw/Anopheles dirus/Anopheles dirus/iPhone4S,1ba518c57cdff8a08b367da329c0c2637783b1fc6f70afac7d68715149ab91e3,1ba518c57cdff8a08b367da329c0c2637783b1fc6f70afac7d68715149ab91e3,3256306,44100.0,1.0,36.91827664399093,PCM_16,.wav,
data/raw/Anopheles dirus/Anopheles dirus/iPhone4S/20160302 154733AdM.wav,dryad,Anopheles dirus,Anopheles dirus,iPhone4S,Anopheles dirus|raw/Anopheles dirus/Anopheles dirus/iPhone4S,b752a1c74cea60dc5a785d675ae0ecd0e82e7204dd48fbce2495777db3796a71,b752a1c74cea60dc5a785d675ae0ecd0e82e7204dd48fbce2495777db3796a71,3592178,44100.0,1.0,40.726349206349205,PCM_16,.wav,
data/raw/Anopheles dirus/Anopheles dirus/iPhone4S/20160302 154836AdM.wav,dryad,Anopheles dirus,Anopheles dirus,iPhone4S,Anopheles dirus|raw/Anopheles dirus/Anopheles dirus/iPhone4S,9fdb3ea1d807fb7aacdc5cb8c1a335845af9d53fedd78f9102176c6517cff355,9fdb3ea1d807fb7aacdc5cb8c1a335845af9d53fedd78f9102176c6517cff355,3483634,44100.0,1.0,39.49569160997732,PCM_16,.wav,
data/raw/Anopheles dirus/Anopheles dirus/iPhone4S/Background.wav,dryad,Anopheles dirus,noise,iPhone4S,Anopheles dirus|raw/Anopheles dirus/Anopheles dirus/iPhone4S,noise|background_unresolved,3761f3486e37fca204107f60f9097fa434f52159b371d1e19316961cbba7e362,1827884,44100.0,1.0,20.723809523809525,PCM_16,.wav,exact_duplicate
data/raw/Anopheles dirus/Anopheles dirus/iPhone4S/Raw/20160302 154000AdM.m4a,dryad,Anopheles dirus,Anopheles dirus,iPhone4S,Anopheles dirus|raw/Anopheles dirus/Anopheles dirus/iPhone4S/Raw,60eb5ac870d4a76b4475b33e2da099813f9a478745d93163191569e39efce7c3,60eb5ac870d4a76b4475b33e2da099813f9a478745d93163191569e39efce7c3,313667,,,,,.m4a,compressed_original_has_wav
data/raw/Anopheles dirus/Anopheles dirus/iPhone4S/Raw/20160302 154124AdF.m4a,dryad,Anopheles dirus,Anopheles dirus,iPhone4S,Anopheles dirus|raw/Anopheles dirus/Anopheles dirus/iPhone4S/Raw,a0d61bd8621794204d870aec68a88c8bc85c748463ef83ab9dcfc23897acafc7,a0d61bd8621794204d870aec68a88c8bc85c748463ef83ab9dcfc23897acafc7,327281,,,,,.m4a,compressed_original_has_wav
data/raw/Anopheles dirus/Anopheles dirus/iPhone4S/Raw/20160302 154229AdF.m4a,dryad,Anopheles dirus,Anopheles dirus,iPhone4S,Anopheles dirus|raw/Anopheles dirus/Anopheles dirus/iPhone4S/Raw,6ccd4471871c3f58d897646a9fec4dcd92d62dafe12c8bc03660db0d8df5c627,6ccd4471871c3f58d897646a9fec4dcd92d62dafe12c8bc03660db0d8df5c627,399042,,,,,.m4a,compressed_original_has_wav
data/raw/Anopheles dirus/Anopheles dirus/iPhone4S/Raw/20160302 154329AdM.m4a,dryad,Anopheles dirus,Anopheles dirus,iPhone4S,Anopheles dirus|raw/Anopheles dirus/Anopheles dirus/iPhone4S/Raw,6c0f0672236382e61fda12722cbead4db7861eaab06043f9448e3530b937ea77,6c0f0672236382e61fda12722cbead4db7861eaab06043f9448e3530b937ea77,227556,,,,,.m4a,compressed_original_has_wav
data/raw/Anopheles dirus/Anopheles dirus/iPhone4S/Raw/20160302 154415AdF.m4a,dryad,Anopheles dirus,Anopheles dirus,iPhone4S,Anopheles dirus|raw/Anopheles dirus/Anopheles dirus/iPhone4S/Raw,555a04fc60c640ecc61899b252f72058a3fe11349186a3c235e84ae71fe790fc,555a04fc60c640ecc61899b252f72058a3fe11349186a3c235e84ae71fe790fc,240231,,,,,.m4a,compressed_original_has_wav
data/raw/Anopheles dirus/Anopheles dirus/iPhone4S/Raw/20160302 154516AdF.m4a,dryad,Anopheles dirus,Anopheles dirus,iPhone4S,Anopheles dirus|raw/Anopheles dirus/Anopheles dirus/iPhone4S/Raw,b737d6be35ab7a5bf2623ecc4f7173519c9c00c98aa35359fc21ad788c6d53cc,b737d6be35ab7a5bf2623ecc4f7173519c9c00c98aa35359fc21ad788c6d53cc,202093,,,,,.m4a,compressed_original_has_wav
data/raw/Anopheles dirus/Anopheles dirus/iPhone4S/Raw/20160302 154608AdM.m4a,dryad,Anopheles dirus,Anopheles dirus,iPhone4S,Anopheles dirus|raw/Anopheles dirus/Anopheles dirus/iPhone4S/Raw,74e7380eaa2e637d389d25f47bd725af8b25d928552374cb704d060eeab0ea8a,74e7380eaa2e637d389d25f47bd725af8b25d928552374cb704d060eeab0ea8a,299531,,,,,.m4a,compressed_original_has_wav
data/raw/Anopheles dirus/Anopheles dirus/iPhone4S/Raw/20160302 154733AdM.m4a,dryad,Anopheles dirus,Anopheles dirus,iPhone4S,Anopheles dirus|raw/Anopheles dirus/Anopheles dirus/iPhone4S/Raw,0b9ac43b0cb3d7dc2fb24a11ecfb518929e78c1fc551989cb4becb035798167e,0b9ac43b0cb3d7dc2fb24a11ecfb518929e78c1fc551989cb4becb035798167e,327795,,,,,.m4a,compressed_original_has_wav
data/raw/Anopheles dirus/Anopheles dirus/iPhone4S/Raw/20160302 154836AdM.m4a,dryad,Anopheles dirus,Anopheles dirus,iPhone4S,Anopheles dirus|raw/Anopheles dirus/Anopheles dirus/iPhone4S/Raw,0199caf6e85b8b54a5d718bcc11ee6d321a943105925781d6a8be48a7baea9c8,0199caf6e85b8b54a5d718bcc11ee6d321a943105925781d6a8be48a7baea9c8,318863,,,,,.m4a,compressed_original_has_wav
data/raw/Anopheles dirus/Anopheles dirus/iPhone6/Adf (1).m4a,dryad,Anopheles dirus,Anopheles dirus,iPhone6,Anopheles dirus|raw/Anopheles dirus/Anopheles dirus/iPhone6,201c70f821d61dbc4586aa2437f865df35f9d398db03569cf01a3c91e30a2097,201c70f821d61dbc4586aa2437f865df35f9d398db03569cf01a3c91e30a2097,434121,44100.0,1.0,53.777415,aac,.m4a,
data/raw/Anopheles dirus/Anopheles dirus/iPhone6/Adf (2).m4a,dryad,Anopheles dirus,Anopheles dirus,iPhone6,Anopheles dirus|raw/Anopheles dirus/Anopheles dirus/iPhone6,c82cf829d03c1e6729555bd9ebe2e8babf1b6c591905fd02ffa09a986985ac19,c82cf829d03c1e6729555bd9ebe2e8babf1b6c591905fd02ffa09a986985ac19,204102,44100.0,1.0,25.309751,aac,.m4a,
data/raw/Anopheles dirus/Anopheles dirus/iPhone6/Adf (3).m4a,dryad,Anopheles dirus,Anopheles dirus,iPhone6,Anopheles dirus|raw/Anopheles dirus/Anopheles dirus/iPhone6,a8a4fedde6fc0fd9120aa754287ba2e6e2facaf7a632782184d1a1797b26890a,a8a4fedde6fc0fd9120aa754287ba2e6e2facaf7a632782184d1a1797b26890a,264535,44100.0,1.0,32.902676,aac,.m4a,
data/raw/Anopheles dirus/Anopheles dirus/iPhone6/Adf (4).m4a,dryad,Anopheles dirus,Anopheles dirus,iPhone6,Anopheles dirus|raw/Anopheles dirus/Anopheles dirus/iPhone6,2b4fbad026c0973f62d13cf114b4a31ae5bc67982256bd913c79d1b44ef6716a,2b4fbad026c0973f62d13cf114b4a31ae5bc67982256bd913c79d1b44ef6716a,465227,44100.0,1.0,57.887347,aac,.m4a,
data/raw/Anopheles dirus/Anopheles dirus/iPhone6/Adf Adm.m4a,dryad,Anopheles dirus,Anopheles dirus,iPhone6,Anopheles dirus|raw/Anopheles dirus/Anopheles dirus/iPhone6,2f89015a500eb5c476870e5a3aa1ac82ac65aad4d38fce7beec1f3fb59849bd5,2f89015a500eb5c476870e5a3aa1ac82ac65aad4d38fce7beec1f3fb59849bd5,381759,44100.0,1.0,47.275828,aac,.m4a,
data/raw/Anopheles dirus/Anopheles dirus/iPhone6/Adf.m4a,dryad,Anopheles dirus,Anopheles dirus,iPhone6,Anopheles dirus|raw/Anopheles dirus/Anopheles dirus/iPhone6,92a83f4ca9b7e939616f4888d1ec7fde447dde6d84569d8c848f09c2a2ea8d71,92a83f4ca9b7e939616f4888d1ec7fde447dde6d84569d8c848f09c2a2ea8d71,261608,44100.0,1.0,32.484717,aac,.m4a,
data/raw/Anopheles dirus/Anopheles dirus/iPhone6/Adm (1).m4a,dryad,Anopheles dirus,Anopheles dirus,iPhone6,Anopheles dirus|raw/Anopheles dirus/Anopheles dirus/iPhone6,a972c3790e78c3d0b42155c7e9f36ad3358591fdf37a13398becd768404cd57b,a972c3790e78c3d0b42155c7e9f36ad3358591fdf37a13398becd768404cd57b,257287,44100.0,1.0,31.973878,aac,.m4a,
data/raw/Anopheles dirus/Anopheles dirus/iPhone6/Adm (2).m4a,dryad,Anopheles dirus,Anopheles dirus,iPhone6,Anopheles dirus|raw/Anopheles dirus/Anopheles dirus/iPhone6,1daec132a1e1c6e6da51bb464b5e3c92c2ae920be451bba0dc347787bcaa4a6f,1daec132a1e1c6e6da51bb464b5e3c92c2ae920be451bba0dc347787bcaa4a6f,251926,44100.0,1.0,31.230839,aac,.m4a,
data/raw/Anopheles dirus/Anopheles dirus/iPhone6/Adm (3).m4a,dryad,Anopheles dirus,Anopheles dirus,iPhone6,Anopheles dirus|raw/Anopheles dirus/Anopheles dirus/iPhone6,ad98e9dd136bc805c0758bc7801873828b9d019a92d4fe178be13d293e7e859f,ad98e9dd136bc805c0758bc7801873828b9d019a92d4fe178be13d293e7e859f,227458,44100.0,1.0,28.235465,aac,.m4a,
data/raw/Anopheles dirus/Anopheles dirus/iPhone6/Adm.m4a,dryad,Anopheles dirus,Anopheles dirus,iPhone6,Anopheles dirus|raw/Anopheles dirus/Anopheles dirus/iPhone6,43dc988092e9cbeb655e94e65f0c5cce6639475fbeca82f29131cc46c91a778a,43dc988092e9cbeb655e94e65f0c5cce6639475fbeca82f29131cc46c91a778a,442032,44100.0,1.0,54.938413,aac,.m4a,
data/raw/Anopheles dirus/Anopheles dirus/iPhone6/Background.wav,dryad,Anopheles dirus,noise,iPhone6,Anopheles dirus|raw/Anopheles dirus/Anopheles dirus/iPhone6,noise|background_unresolved,3761f3486e37fca204107f60f9097fa434f52159b371d1e19316961cbba7e362,1827884,44100.0,1.0,20.723809523809525,PCM_16,.wav,exact_duplicate
data/raw/Anopheles farauti/Anopheles farauti/GoogleNexus/Background.wav,dryad,Anopheles farauti,noise,Nexus,Anopheles farauti|raw/Anopheles farauti/Anopheles farauti/GoogleNexus,noise|background_unresolved,3761f3486e37fca204107f60f9097fa434f52159b371d1e19316961cbba7e362,1827884,44100.0,1.0,20.723809523809525,PCM_16,.wav,exact_duplicate
data/raw/Anopheles farauti/Anopheles farauti/GoogleNexus/Rec_1980-02-16_15.56.16afar.wav,dryad,Anopheles farauti,Anopheles farauti,Nexus,Anopheles farauti|raw/Anopheles farauti/Anopheles farauti/GoogleNexus,573937d2487ae1a17d04e443f9edec0a028228160e43db0cdd16f5fcec959032,573937d2487ae1a17d04e443f9edec0a028228160e43db0cdd16f5fcec959032,3440684,44100.0,1.0,38.93986394557823,PCM_16,.wav,
data/raw/Anopheles farauti/Anopheles farauti/GoogleNexus/Rec_1980-02-16_15.57.33afarm.wav,dryad,Anopheles farauti,Anopheles farauti,Nexus,Anopheles farauti|raw/Anopheles farauti/Anopheles farauti/GoogleNexus,b1fd81e769afb89d17515794f6cae42a19190b3a97fec5853d191d447a9b0684,b1fd81e769afb89d17515794f6cae42a19190b3a97fec5853d191d447a9b0684,2697260,44100.0,1.0,30.511020408163265,PCM_16,.wav,
data/raw/Anopheles farauti/Anopheles farauti/GoogleNexus/Rec_1980-02-16_15.58.23afarf.wav,dryad,Anopheles farauti,Anopheles farauti,Nexus,Anopheles farauti|raw/Anopheles farauti/Anopheles farauti/GoogleNexus,37147316cc3724260e5cfa81488a047f443b4db1d5f297f5bc5b85f4a183a127,37147316cc3724260e5cfa81488a047f443b4db1d5f297f5bc5b85f4a183a127,3495980,44100.0,1.0,39.566802721088436,PCM_16,.wav,
data/raw/Anopheles farauti/Anopheles farauti/GoogleNexus/Rec_1980-02-16_15.59.31afar.wav,dryad,Anopheles farauti,Anopheles farauti,Nexus,Anopheles farauti|raw/Anopheles farauti/Anopheles farauti/GoogleNexus,0335e4f335f5f6bacbaed409d764d2f8b10a75dda24a28d51cae80b49bd06f3a,0335e4f335f5f6bacbaed409d764d2f8b10a75dda24a28d51cae80b49bd06f3a,6279212,44100.0,1.0,71.12272108843537,PCM_16,.wav,
data/raw/Anopheles farauti/Anopheles farauti/GoogleNexus/Rec_1980-02-16_16.01.00afar.wav,dryad,Anopheles farauti,Anopheles farauti,Nexus,Anopheles farauti|raw/Anopheles farauti/Anopheles farauti/GoogleNexus,ea24d974e89d0e641300b55d4e7d2f0ca325a316140d9b73c8f831475fb79077,ea24d974e89d0e641300b55d4e7d2f0ca325a316140d9b73c8f831475fb79077,4601900,44100.0,1.0,52.10557823129252,PCM_16,.wav,
data/raw/Anopheles farauti/Anopheles farauti/Huawei866C/Background.wav,dryad,Anopheles farauti,noise,Huawei866C,Anopheles farauti|raw/Anopheles farauti/Anopheles farauti/Huawei866C,noise|background_unresolved,b0947e8da416422bdf25e7984e403c8325f048e823c9fac3a1557e9d53bb3924,127120,8000.0,1.0,7.94,PCM_16,.wav,exact_duplicate
data/raw/Anopheles farauti/Anopheles farauti/Huawei866C/Raw/Recording19800216_010.amr,dryad,Anopheles farauti,Anopheles farauti,Huawei866C,Anopheles farauti|raw/Anopheles farauti/Anopheles farauti/Huawei866C/Raw,b646725ea48064cdb0425d741cf41c11d11019d278581d7bf544ac58361e59be,b646725ea48064cdb0425d741cf41c11d11019d278581d7bf544ac58361e59be,33962,,,,,.amr,compressed_original_has_wav
data/raw/Anopheles farauti/Anopheles farauti/Huawei866C/Raw/Recording19800216_011.amr,dryad,Anopheles farauti,Anopheles farauti,Huawei866C,Anopheles farauti|raw/Anopheles farauti/Anopheles farauti/Huawei866C/Raw,f6698b942974803976cae42b0a8a69113c8913842865dc764d9928e02a929daf,f6698b942974803976cae42b0a8a69113c8913842865dc764d9928e02a929daf,32792,,,,,.amr,compressed_original_has_wav
data/raw/Anopheles farauti/Anopheles farauti/Huawei866C/Raw/Recording19800216_012.amr,dryad,Anopheles farauti,Anopheles farauti,Huawei866C,Anopheles farauti|raw/Anopheles farauti/Anopheles farauti/Huawei866C/Raw,702a4f08ddf78649419eb959c193e15ffe498abd9cf81e3ff2f3200c3413003a,702a4f08ddf78649419eb959c193e15ffe498abd9cf81e3ff2f3200c3413003a,1345,,,,,.amr,compressed_original_has_wav
data/raw/Anopheles farauti/Anopheles farauti/Huawei866C/Raw/Recording19800216_013.amr,dryad,Anopheles farauti,Anopheles farauti,Huawei866C,Anopheles farauti|raw/Anopheles farauti/Anopheles farauti/Huawei866C/Raw,fc2634534815f3cff255fbff9f5b758bf7745040769931044179f9201ccd7373,fc2634534815f3cff255fbff9f5b758bf7745040769931044179f9201ccd7373,23978,,,,,.amr,compressed_original_has_wav
data/raw/Anopheles farauti/Anopheles farauti/Huawei866C/Raw/Recording19800216_014.amr,dryad,Anopheles farauti,Anopheles farauti,Huawei866C,Anopheles farauti|raw/Anopheles farauti/Anopheles farauti/Huawei866C/Raw,6762690693dbc150337841b21b5b869037ff77899c367a24c7d3ba8014d82e23,6762690693dbc150337841b21b5b869037ff77899c367a24c7d3ba8014d82e23,18063,,,,,.amr,compressed_original_has_wav
data/raw/Anopheles farauti/Anopheles farauti/Huawei866C/Raw/Recording19800216_015.amr,dryad,Anopheles farauti,Anopheles farauti,Huawei866C,Anopheles farauti|raw/Anopheles farauti/Anopheles farauti/Huawei866C/Raw,9b8323462f99620c44e4bfce026bd696f132d19494b7743123a4dccfc2f57c71,9b8323462f99620c44e4bfce026bd696f132d19494b7743123a4dccfc2f57c71,25473,,,,,.amr,compressed_original_has_wav
data/raw/Anopheles farauti/Anopheles farauti/Huawei866C/Recording19800216_010.wav,dryad,Anopheles farauti,Anopheles farauti,Huawei866C,Anopheles farauti|raw/Anopheles farauti/Anopheles farauti/Huawei866C,08183303be9790c588eacdd35752ad7d97ea5a831cb87f0733d7c28f9378b904,08183303be9790c588eacdd35752ad7d97ea5a831cb87f0733d7c28f9378b904,835920,8000.0,1.0,52.24,PCM_16,.wav,
data/raw/Anopheles farauti/Anopheles farauti/Huawei866C/Recording19800216_011.wav,dryad,Anopheles farauti,Anopheles farauti,Huawei866C,Anopheles farauti|raw/Anopheles farauti/Anopheles farauti/Huawei866C,815ffbba1add1276c63618f2bb03b19a3548314ab633272fe55eec089ce12a7e,815ffbba1add1276c63618f2bb03b19a3548314ab633272fe55eec089ce12a7e,807120,8000.0,1.0,50.44,PCM_16,.wav,
data/raw/Anopheles farauti/Anopheles farauti/Huawei866C/Recording19800216_012.wav,dryad,Anopheles farauti,Anopheles farauti,Huawei866C,Anopheles farauti|raw/Anopheles farauti/Anopheles farauti/Huawei866C,04d8061ba6a0868c3c32a591db6142a506427f975300c5af8380f4bbbceaf7ca,04d8061ba6a0868c3c32a591db6142a506427f975300c5af8380f4bbbceaf7ca,33040,8000.0,1.0,2.06,PCM_16,.wav,
data/raw/Anopheles farauti/Anopheles farauti/Huawei866C/Recording19800216_013.wav,dryad,Anopheles farauti,Anopheles farauti,Huawei866C,Anopheles farauti|raw/Anopheles farauti/Anopheles farauti/Huawei866C,2e4430788878f25f6b0211dea94a291af46d95f508b69106c7b035de213f481f,2e4430788878f25f6b0211dea94a291af46d95f508b69106c7b035de213f481f,590160,8000.0,1.0,36.88,PCM_16,.wav,
data/raw/Anopheles farauti/Anopheles farauti/Huawei866C/Recording19800216_014.wav,dryad,Anopheles farauti,Anopheles farauti,Huawei866C,Anopheles farauti|raw/Anopheles farauti/Anopheles farauti/Huawei866C,a8e174f2c6968a35c578a832ae8c2e18f037e4c8ad11a5cd97186809409c388f,a8e174f2c6968a35c578a832ae8c2e18f037e4c8ad11a5cd97186809409c388f,444560,8000.0,1.0,27.78,PCM_16,.wav,
data/raw/Anopheles farauti/Anopheles farauti/Huawei866C/Recording19800216_015.wav,dryad,Anopheles farauti,Anopheles farauti,Huawei866C,Anopheles farauti|raw/Anopheles farauti/Anopheles farauti/Huawei866C,1f81e5f4f573465163a12ec333907154378365cfecada2536c452a5dcf05949e,1f81e5f4f573465163a12ec333907154378365cfecada2536c452a5dcf05949e,626960,8000.0,1.0,39.18,PCM_16,.wav,
data/raw/Anopheles farauti/Anopheles farauti/Nokia5235/Afar.mp4,dryad,Anopheles farauti,Anopheles farauti,Nokia5235,Anopheles farauti|raw/Anopheles farauti/Anopheles farauti/Nokia5235,35d636369568b43044a6c948d12c68ae97af33d298b6805b247b69cf55e11b45,35d636369568b43044a6c948d12c68ae97af33d298b6805b247b69cf55e11b45,396778,48000.0,1.0,47.274667,aac,.mp4,
data/raw/Anopheles farauti/Anopheles farauti/Nokia5235/Afar2.mp4,dryad,Anopheles farauti,Anopheles farauti,Nokia5235,Anopheles farauti|raw/Anopheles farauti/Anopheles farauti/Nokia5235,292c8fdb7e9d6097ae6fb3bd50533a4cb2929b643b15df2e99a4289198c2c7eb,292c8fdb7e9d6097ae6fb3bd50533a4cb2929b643b15df2e99a4289198c2c7eb,506681,48000.0,1.0,60.394667,aac,.mp4,
data/raw/Anopheles farauti/Anopheles farauti/Nokia5235/Afar3.mp4,dryad,Anopheles farauti,Anopheles farauti,Nokia5235,Anopheles farauti|raw/Anopheles farauti/Anopheles farauti/Nokia5235,e010a686cfaec92cf4a5df8ce2e9363277b0ec60c2a9c86e6c1bfaaacc15d79e,e010a686cfaec92cf4a5df8ce2e9363277b0ec60c2a9c86e6c1bfaaacc15d79e,398046,48000.0,1.0,47.424,aac,.mp4,
data/raw/Anopheles farauti/Anopheles farauti/Nokia5235/Afar4.mp4,dryad,Anopheles farauti,Anopheles farauti,Nokia5235,Anopheles farauti|raw/Anopheles farauti/Anopheles farauti/Nokia5235,0790a15706d3a8db2939a9d3e1b985b490af737ed7c1e70b40abe79fd6480515,0790a15706d3a8db2939a9d3e1b985b490af737ed7c1e70b40abe79fd6480515,511319,48000.0,1.0,60.949333,aac,.mp4,
data/raw/Anopheles farauti/Anopheles farauti/Nokia5235/Afar5.mp4,dryad,Anopheles farauti,Anopheles farauti,Nokia5235,Anopheles farauti|raw/Anopheles farauti/Anopheles farauti/Nokia5235,a0787a969e07937605ee65dbc779ef1db53a85e465ba2335ea1464064da17f6c,a0787a969e07937605ee65dbc779ef1db53a85e465ba2335ea1464064da17f6c,485955,48000.0,1.0,57.92,aac,.mp4,
data/raw/Anopheles farauti/Anopheles farauti/Nokia5235/Background.wav,dryad,Anopheles farauti,noise,Nokia5235,Anopheles farauti|raw/Anopheles farauti/Anopheles farauti/Nokia5235,noise|background_unresolved,3761f3486e37fca204107f60f9097fa434f52159b371d1e19316961cbba7e362,1827884,44100.0,1.0,20.723809523809525,PCM_16,.wav,exact_duplicate
data/raw/Anopheles farauti/Anopheles farauti/Nokia6555B/Afar1.wav,dryad,Anopheles farauti,Anopheles farauti,Nokia6555B,Anopheles farauti|raw/Anopheles farauti/Anopheles farauti/Nokia6555B,e4cee475fb3b93223f890d00808b52edfa607d6facbbf8437a3b4412b554dc38,e4cee475fb3b93223f890d00808b52edfa607d6facbbf8437a3b4412b554dc38,949840,8000.0,1.0,59.36,PCM_16,.wav,
data/raw/Anopheles farauti/Anopheles farauti/Nokia6555B/Afar2.wav,dryad,Anopheles farauti,Anopheles farauti,Nokia6555B,Anopheles farauti|raw/Anopheles farauti/Anopheles farauti/Nokia6555B,32ef32d18e6f850d44f324b30d399bab9ed9d5a651f101dcc471a3f0b9d38fc2,32ef32d18e6f850d44f324b30d399bab9ed9d5a651f101dcc471a3f0b9d38fc2,1088080,8000.0,1.0,68.0,PCM_16,.wav,
data/raw/Anopheles farauti/Anopheles farauti/Nokia6555B/Afar3.wav,dryad,Anopheles farauti,Anopheles farauti,Nokia6555B,Anopheles farauti|raw/Anopheles farauti/Anopheles farauti/Nokia6555B,d889dac1e11fc4e542e18f41bd96fd79c6c416b153c4eb546e4f24226a63aa65,d889dac1e11fc4e542e18f41bd96fd79c6c416b153c4eb546e4f24226a63aa65,916560,8000.0,1.0,57.28,PCM_16,.wav,
data/raw/Anopheles farauti/Anopheles farauti/Nokia6555B/Afar4.wav,dryad,Anopheles farauti,Anopheles farauti,Nokia6555B,Anopheles farauti|raw/Anopheles farauti/Anopheles farauti/Nokia6555B,1719fea38f8b49f809232826c5fe2811498c201e1d5880033d17c63da7faa97d,1719fea38f8b49f809232826c5fe2811498c201e1d5880033d17c63da7faa97d,678480,8000.0,1.0,42.4,PCM_16,.wav,
data/raw/Anopheles farauti/Anopheles farauti/Nokia6555B/Afar5.wav,dryad,Anopheles farauti,Anopheles farauti,Nokia6555B,Anopheles farauti|raw/Anopheles farauti/Anopheles farauti/Nokia6555B,f4948b4187daafc8e1dbb14df0f5199857dd41d437c932292f361a67cd3593fa,f4948b4187daafc8e1dbb14df0f5199857dd41d437c932292f361a67cd3593fa,796240,8000.0,1.0,49.76,PCM_16,.wav,
data/raw/Anopheles farauti/Anopheles farauti/Nokia6555B/Background.wav,dryad,Anopheles farauti,noise,Nokia6555B,Anopheles farauti|raw/Anopheles farauti/Anopheles farauti/Nokia6555B,noise|background_unresolved,3761f3486e37fca204107f60f9097fa434f52159b371d1e19316961cbba7e362,1827884,44100.0,1.0,20.723809523809525,PCM_16,.wav,exact_duplicate
data/raw/Anopheles farauti/Anopheles farauti/Nokia6555B/Raw/Afar1.amr,dryad,Anopheles farauti,Anopheles farauti,Nokia6555B,Anopheles farauti|raw/Anopheles farauti/Anopheles farauti/Nokia6555B/Raw,ac39d352a785131ecf05e04dfecba8a400c1ecff4edef5049ba37738aea796d4,ac39d352a785131ecf05e04dfecba8a400c1ecff4edef5049ba37738aea796d4,94982,,,,,.amr,compressed_original_has_wav
data/raw/Anopheles farauti/Anopheles farauti/Nokia6555B/Raw/Afar2.amr,dryad,Anopheles farauti,Anopheles farauti,Nokia6555B,Anopheles farauti|raw/Anopheles farauti/Anopheles farauti/Nokia6555B/Raw,193188fe93902d9ca2d6c4e0115c696e2ae3b12668fccdeba0555cbceb0be7b2,193188fe93902d9ca2d6c4e0115c696e2ae3b12668fccdeba0555cbceb0be7b2,108806,,,,,.amr,compressed_original_has_wav
data/raw/Anopheles farauti/Anopheles farauti/Nokia6555B/Raw/Afar3.amr,dryad,Anopheles farauti,Anopheles farauti,Nokia6555B,Anopheles farauti|raw/Anopheles farauti/Anopheles farauti/Nokia6555B/Raw,dca41230a4de7123e68f3dc873b907c9b59c103a68bf1487c09711380a855178,dca41230a4de7123e68f3dc873b907c9b59c103a68bf1487c09711380a855178,91654,,,,,.amr,compressed_original_has_wav
data/raw/Anopheles farauti/Anopheles farauti/Nokia6555B/Raw/Afar4.amr,dryad,Anopheles farauti,Anopheles farauti,Nokia6555B,Anopheles farauti|raw/Anopheles farauti/Anopheles farauti/Nokia6555B/Raw,870376daf87543c0d5c1912683f7370d5bd9b9e968298d0229842146dc1607fb,870376daf87543c0d5c1912683f7370d5bd9b9e968298d0229842146dc1607fb,67846,,,,,.amr,compressed_original_has_wav
data/raw/Anopheles farauti/Anopheles farauti/Nokia6555B/Raw/Afar5.amr,dryad,Anopheles farauti,Anopheles farauti,Nokia6555B,Anopheles farauti|raw/Anopheles farauti/Anopheles farauti/Nokia6555B/Raw,b1e85c0b886f4b6f2bed376302b7f21d7200e36923a99b6b14f89907a01115e5,b1e85c0b886f4b6f2bed376302b7f21d7200e36923a99b6b14f89907a01115e5,79622,,,,,.amr,compressed_original_has_wav
data/raw/Anopheles farauti/Anopheles farauti/SamsungT209/Background.wav,dryad,Anopheles farauti,noise,T209,Anopheles farauti|raw/Anopheles farauti/Anopheles farauti/SamsungT209,noise|background_unresolved,3761f3486e37fca204107f60f9097fa434f52159b371d1e19316961cbba7e362,1827884,44100.0,1.0,20.723809523809525,PCM_16,.wav,exact_duplicate
data/raw/Anopheles farauti/Anopheles farauti/SamsungT209/Raw/Voice0037.amr,dryad,Anopheles farauti,Anopheles farauti,T209,Anopheles farauti|raw/Anopheles farauti/Anopheles farauti/SamsungT209/Raw,b6977f78eb1d76624dee4e959a042d97ce23e778c52f6f5bcbfe0dce6ce29fbd,b6977f78eb1d76624dee4e959a042d97ce23e778c52f6f5bcbfe0dce6ce29fbd,39006,,,,,.amr,compressed_original_has_wav
data/raw/Anopheles farauti/Anopheles farauti/SamsungT209/Raw/Voice0038.amr,dryad,Anopheles farauti,Anopheles farauti,T209,Anopheles farauti|raw/Anopheles farauti/Anopheles farauti/SamsungT209/Raw,fefae54e2438f386dc58bd292bf735fafe91129008dc220648ff61c030c88d1e,fefae54e2438f386dc58bd292bf735fafe91129008dc220648ff61c030c88d1e,39006,,,,,.amr,compressed_original_has_wav
data/raw/Anopheles farauti/Anopheles farauti/SamsungT209/Raw/Voice0039.amr,dryad,Anopheles farauti,Anopheles farauti,T209,Anopheles farauti|raw/Anopheles farauti/Anopheles farauti/SamsungT209/Raw,dd1f42dcced19e9717016c48f70be49ba4231accc0d5ab4998fa48a29259e003,dd1f42dcced19e9717016c48f70be49ba4231accc0d5ab4998fa48a29259e003,39006,,,,,.amr,compressed_original_has_wav
data/raw/Anopheles farauti/Anopheles farauti/SamsungT209/Raw/Voice0040.amr,dryad,Anopheles farauti,Anopheles farauti,T209,Anopheles farauti|raw/Anopheles farauti/Anopheles farauti/SamsungT209/Raw,4b450e285745754bfc0b2327b629740667e796517749a6c3622786af623dd6c2,4b450e285745754bfc0b2327b629740667e796517749a6c3622786af623dd6c2,39006,,,,,.amr,compressed_original_has_wav
data/raw/Anopheles farauti/Anopheles farauti/SamsungT209/Raw/Voice0041.amr,dryad,Anopheles farauti,Anopheles farauti,T209,Anopheles farauti|raw/Anopheles farauti/Anopheles farauti/SamsungT209/Raw,d2ff4f38a1eab74fcb6234cc390a87558c7eb9f5abb2736c9ab473766498f4bb,d2ff4f38a1eab74fcb6234cc390a87558c7eb9f5abb2736c9ab473766498f4bb,39006,,,,,.amr,compressed_original_has_wav
data/raw/Anopheles farauti/Anopheles farauti/SamsungT209/Raw/Voice0042.amr,dryad,Anopheles farauti,Anopheles farauti,T209,Anopheles farauti|raw/Anopheles farauti/Anopheles farauti/SamsungT209/Raw,449a86abd77945313b37f0173a542c02176363ecf723178a1eaeab3aad8d9fd4,449a86abd77945313b37f0173a542c02176363ecf723178a1eaeab3aad8d9fd4,39006,,,,,.amr,compressed_original_has_wav
data/raw/Anopheles farauti/Anopheles farauti/SamsungT209/Voice0037.wav,dryad,Anopheles farauti,Anopheles farauti,T209,Anopheles farauti|raw/Anopheles farauti/Anopheles farauti/SamsungT209,d414a137aabc7ea4f212758fcff6f99742e039ffc90f16fc078e04e17ae403fc,d414a137aabc7ea4f212758fcff6f99742e039ffc90f16fc078e04e17ae403fc,960080,8000.0,1.0,60.0,PCM_16,.wav,
data/raw/Anopheles farauti/Anopheles farauti/SamsungT209/Voice0038.wav,dryad,Anopheles farauti,Anopheles farauti,T209,Anopheles farauti|raw/Anopheles farauti/Anopheles farauti/SamsungT209,e7f3cb73128358ebbaddd014536b63ea8561627bd92b6b54f91aedf617e0060f,e7f3cb73128358ebbaddd014536b63ea8561627bd92b6b54f91aedf617e0060f,960080,8000.0,1.0,60.0,PCM_16,.wav,
data/raw/Anopheles farauti/Anopheles farauti/SamsungT209/Voice0039.wav,dryad,Anopheles farauti,Anopheles farauti,T209,Anopheles farauti|raw/Anopheles farauti/Anopheles farauti/SamsungT209,d19b50ed94deda04134b6d49883aeff115636925dc433eb235f9d3c394aa571b,d19b50ed94deda04134b6d49883aeff115636925dc433eb235f9d3c394aa571b,960080,8000.0,1.0,60.0,PCM_16,.wav,
data/raw/Anopheles farauti/Anopheles farauti/SamsungT209/Voice0040.wav,dryad,Anopheles farauti,Anopheles farauti,T209,Anopheles farauti|raw/Anopheles farauti/Anopheles farauti/SamsungT209,e03f05cafa15a2a7fb3dcc4ce4790ead095655493605ad853521525852e07dde,e03f05cafa15a2a7fb3dcc4ce4790ead095655493605ad853521525852e07dde,960080,8000.0,1.0,60.0,PCM_16,.wav,
data/raw/Anopheles farauti/Anopheles farauti/SamsungT209/Voice0041.wav,dryad,Anopheles farauti,Anopheles farauti,T209,Anopheles farauti|raw/Anopheles farauti/Anopheles farauti/SamsungT209,0ee8908ecf3cb274049d06bf9ce516152a456cc401ed423d3c60b67e69c9ce27,0ee8908ecf3cb274049d06bf9ce516152a456cc401ed423d3c60b67e69c9ce27,960080,8000.0,1.0,60.0,PCM_16,.wav,
data/raw/Anopheles farauti/Anopheles farauti/SamsungT209/Voice0042.wav,dryad,Anopheles farauti,Anopheles farauti,T209,Anopheles farauti|raw/Anopheles farauti/Anopheles farauti/SamsungT209,b8a506fb8c6a4e2329453e3f0aa588cb7f99216665628b6de37c5443e5249320,b8a506fb8c6a4e2329453e3f0aa588cb7f99216665628b6de37c5443e5249320,960080,8000.0,1.0,60.0,PCM_16,.wav,
data/raw/Anopheles farauti/Anopheles farauti/SonyXperia/03-03-2016-152728Afar.wav,dryad,Anopheles farauti,Anopheles farauti,Xperia,Anopheles farauti|raw/Anopheles farauti/Anopheles farauti/SonyXperia,e181f64b3a93dcc519ec1295ba67ab2bd199a248fd4a853de02a1cc3bb71db5a,e181f64b3a93dcc519ec1295ba67ab2bd199a248fd4a853de02a1cc3bb71db5a,4515884,44100.0,1.0,51.2,PCM_16,.wav,
data/raw/Anopheles farauti/Anopheles farauti/SonyXperia/03-03-2016-152936Afar.wav,dryad,Anopheles farauti,Anopheles farauti,Xperia,Anopheles farauti|raw/Anopheles farauti/Anopheles farauti/SonyXperia,20c0c8a467454fdbc4858a4b58369e777cece6e3dc82cf5b0e1a094dc53c5be6,20c0c8a467454fdbc4858a4b58369e777cece6e3dc82cf5b0e1a094dc53c5be6,3225644,44100.0,1.0,36.57142857142857,PCM_16,.wav,
data/raw/Anopheles farauti/Anopheles farauti/SonyXperia/03-03-2016-153127Afar.wav,dryad,Anopheles farauti,Anopheles farauti,Xperia,Anopheles farauti|raw/Anopheles farauti/Anopheles farauti/SonyXperia,32e7a3db36865a84ee71d1ef34dc3597608684d8c22229b4ffae28ecdcedb515,32e7a3db36865a84ee71d1ef34dc3597608684d8c22229b4ffae28ecdcedb515,6343724,44100.0,1.0,71.92380952380952,PCM_16,.wav,
data/raw/Anopheles farauti/Anopheles farauti/SonyXperia/03-03-2016-153338AfarM.wav,dryad,Anopheles farauti,Anopheles farauti,Xperia,Anopheles farauti|raw/Anopheles farauti/Anopheles farauti/SonyXperia,8c075dd2509a6ebf4322740762867759f2e6bb9008e2aef2f20585b402739098,8c075dd2509a6ebf4322740762867759f2e6bb9008e2aef2f20585b402739098,4838444,44100.0,1.0,54.857142857142854,PCM_16,.wav,
data/raw/Anopheles farauti/Anopheles farauti/SonyXperia/03-03-2016-153508Afar.wav,dryad,Anopheles farauti,Anopheles farauti,Xperia,Anopheles farauti|raw/Anopheles farauti/Anopheles farauti/SonyXperia,76ff0e1aaac63519bbd374670a9a15621278d8a39d2e2062b29902706c06844d,76ff0e1aaac63519bbd374670a9a15621278d8a39d2e2062b29902706c06844d,2150444,44100.0,1.0,24.38095238095238,PCM_16,.wav,
data/raw/Anopheles farauti/Anopheles farauti/SonyXperia/03-03-2016-153600AfarF.wav,dryad,Anopheles farauti,Anopheles farauti,Xperia,Anopheles farauti|raw/Anopheles farauti/Anopheles farauti/SonyXperia,b8dab5838f690b8629f95e5c87cc363ebfa18c6c9649475052697192d380b3bf,b8dab5838f690b8629f95e5c87cc363ebfa18c6c9649475052697192d380b3bf,7956524,44100.0,1.0,90.20952380952382,PCM_16,.wav,
data/raw/Anopheles farauti/Anopheles farauti/SonyXperia/Background.wav,dryad,Anopheles farauti,noise,Xperia,Anopheles farauti|raw/Anopheles farauti/Anopheles farauti/SonyXperia,noise|background_unresolved,3761f3486e37fca204107f60f9097fa434f52159b371d1e19316961cbba7e362,1827884,44100.0,1.0,20.723809523809525,PCM_16,.wav,exact_duplicate
data/raw/Anopheles farauti/Anopheles farauti/iPhone4S/20160303 142649AfarTube.wav,dryad,Anopheles farauti,Anopheles farauti,iPhone4S,Anopheles farauti|raw/Anopheles farauti/Anopheles farauti/iPhone4S,0e567b7cc525079e0fb090debe7a7ff4d4d2c8d5e37f518111a58daa385e4bf4,0e567b7cc525079e0fb090debe7a7ff4d4d2c8d5e37f518111a58daa385e4bf4,1675250,44100.0,1.0,18.9924716553288,PCM_16,.wav,
data/raw/Anopheles farauti/Anopheles farauti/iPhone4S/20160303 142944AfarTube.wav,dryad,Anopheles farauti,Anopheles farauti,iPhone4S,Anopheles farauti|raw/Anopheles farauti/Anopheles farauti/iPhone4S,983331f507baf248338a4f61987ac16a9ab31a85f934830234806161bd99a033,983331f507baf248338a4f61987ac16a9ab31a85f934830234806161bd99a033,860146,44100.0,1.0,9.75092970521542,PCM_16,.wav,
data/raw/Anopheles farauti/Anopheles farauti/iPhone4S/20160303 143129.wav,dryad,Anopheles farauti,Anopheles farauti,iPhone4S,Anopheles farauti|raw/Anopheles farauti/Anopheles farauti/iPhone4S,2ba8002c1c0ee1f184fc62fe51c5b328441576ebfe75409637cda8147ac7b629,2ba8002c1c0ee1f184fc62fe51c5b328441576ebfe75409637cda8147ac7b629,3201010,44100.0,1.0,36.291337868480724,PCM_16,.wav,
data/raw/Anopheles farauti/Anopheles farauti/iPhone4S/20160303 143303AfarM.wav,dryad,Anopheles farauti,Anopheles farauti,iPhone4S,Anopheles farauti|raw/Anopheles farauti/Anopheles farauti/iPhone4S,13edc3dbd8a607fb027bf7a0a754fedaffc74b4b2bad7fe1d3eded85b8b7682e,13edc3dbd8a607fb027bf7a0a754fedaffc74b4b2bad7fe1d3eded85b8b7682e,3479538,44100.0,1.0,39.44925170068027,PCM_16,.wav,
data/raw/Anopheles farauti/Anopheles farauti/iPhone4S/20160303 143402AfarF.wav,dryad,Anopheles farauti,Anopheles farauti,iPhone4S,Anopheles farauti|raw/Anopheles farauti/Anopheles farauti/iPhone4S,4b1316bc3a7d329f4d04dd1d77cb508b199378c2691c4b3df37a4752d2b9ea5c,4b1316bc3a7d329f4d04dd1d77cb508b199378c2691c4b3df37a4752d2b9ea5c,7659506,44100.0,1.0,86.84117913832199,PCM_16,.wav,
data/raw/Anopheles farauti/Anopheles farauti/iPhone4S/20160303 143541.wav,dryad,Anopheles farauti,Anopheles farauti,iPhone4S,Anopheles farauti|raw/Anopheles farauti/Anopheles farauti/iPhone4S,c6e1137c6af440923be81a3e751082971d2740c238b2cefe658858aede1d6638,c6e1137c6af440923be81a3e751082971d2740c238b2cefe658858aede1d6638,3108850,44100.0,1.0,35.24643990929705,PCM_16,.wav,
data/raw/Anopheles farauti/Anopheles farauti/iPhone4S/20160303 143628.wav,dryad,Anopheles farauti,Anopheles farauti,iPhone4S,Anopheles farauti|raw/Anopheles farauti/Anopheles farauti/iPhone4S,295f0c7255e8891379ddae66840cdc64ec6430965d508b4b09e50d4af394a020,295f0c7255e8891379ddae66840cdc64ec6430965d508b4b09e50d4af394a020,3932146,44100.0,1.0,44.58086167800454,PCM_16,.wav,
data/raw/Anopheles farauti/Anopheles farauti/iPhone4S/20160303 143729.wav,dryad,Anopheles farauti,Anopheles farauti,iPhone4S,Anopheles farauti|raw/Anopheles farauti/Anopheles farauti/iPhone4S,c484deedbcdd17bca325a918d118aa07ace675eaa686d090a49ccf524d46d024,c484deedbcdd17bca325a918d118aa07ace675eaa686d090a49ccf524d46d024,4374514,44100.0,1.0,49.59637188208617,PCM_16,.wav,
data/raw/Anopheles farauti/Anopheles farauti/iPhone4S/Background.wav,dryad,Anopheles farauti,noise,iPhone4S,Anopheles farauti|raw/Anopheles farauti/Anopheles farauti/iPhone4S,noise|background_unresolved,3761f3486e37fca204107f60f9097fa434f52159b371d1e19316961cbba7e362,1827884,44100.0,1.0,20.723809523809525,PCM_16,.wav,exact_duplicate
data/raw/Anopheles farauti/Anopheles farauti/iPhone4S/Raw/20160303 142649AfarTube.m4a,dryad,Anopheles farauti,Anopheles farauti,iPhone4S,Anopheles farauti|raw/Anopheles farauti/Anopheles farauti/iPhone4S/Raw,85de699a82839d63be6f59666332283498dedd943513a12b72379a042277e006,85de699a82839d63be6f59666332283498dedd943513a12b72379a042277e006,154628,,,,,.m4a,compressed_original_has_wav
data/raw/Anopheles farauti/Anopheles farauti/iPhone4S/Raw/20160303 142944AfarTube.m4a,dryad,Anopheles farauti,Anopheles farauti,iPhone4S,Anopheles farauti|raw/Anopheles farauti/Anopheles farauti/iPhone4S/Raw,949cd158f69db1961cd5b6b6f2072349fb3628a7e8b7a5c1f3bb1edd4b39486b,949cd158f69db1961cd5b6b6f2072349fb3628a7e8b7a5c1f3bb1edd4b39486b,79327,,,,,.m4a,compressed_original_has_wav
data/raw/Anopheles farauti/Anopheles farauti/iPhone4S/Raw/20160303 143129.m4a,dryad,Anopheles farauti,Anopheles farauti,iPhone4S,Anopheles farauti|raw/Anopheles farauti/Anopheles farauti/iPhone4S/Raw,3277f23dd27e47cf6da4f4c5ec8541f78018e8fdf658c0a4610ecb9338346f02,3277f23dd27e47cf6da4f4c5ec8541f78018e8fdf658c0a4610ecb9338346f02,292580,,,,,.m4a,compressed_original_has_wav
data/raw/Anopheles farauti/Anopheles farauti/iPhone4S/Raw/20160303 143303AfarM.m4a,dryad,Anopheles farauti,Anopheles farauti,iPhone4S,Anopheles farauti|raw/Anopheles farauti/Anopheles farauti/iPhone4S/Raw,4316a92146d924cd796b1b531118f40b896f14b6a41531d79003ce5798cfd3fb,4316a92146d924cd796b1b531118f40b896f14b6a41531d79003ce5798cfd3fb,317704,,,,,.m4a,compressed_original_has_wav
data/raw/Anopheles farauti/Anopheles farauti/iPhone4S/Raw/20160303 143402AfarF.m4a,dryad,Anopheles farauti,Anopheles farauti,iPhone4S,Anopheles farauti|raw/Anopheles farauti/Anopheles farauti/iPhone4S/Raw,657f4da676bf3432b880b60a54a7c18b9f2a6185dccd5e93b7046d2a3204f34a,657f4da676bf3432b880b60a54a7c18b9f2a6185dccd5e93b7046d2a3204f34a,697323,,,,,.m4a,compressed_original_has_wav
data/raw/Anopheles farauti/Anopheles farauti/iPhone4S/Raw/20160303 143541.m4a,dryad,Anopheles farauti,Anopheles farauti,iPhone4S,Anopheles farauti|raw/Anopheles farauti/Anopheles farauti/iPhone4S/Raw,a7f5b6e6c7bf0faf1c32b7b732a2ada94fa72b2478b06c544fb515d968c581bb,a7f5b6e6c7bf0faf1c32b7b732a2ada94fa72b2478b06c544fb515d968c581bb,284137,,,,,.m4a,compressed_original_has_wav
data/raw/Anopheles farauti/Anopheles farauti/iPhone4S/Raw/20160303 143628.m4a,dryad,Anopheles farauti,Anopheles farauti,iPhone4S,Anopheles farauti|raw/Anopheles farauti/Anopheles farauti/iPhone4S/Raw,159b679dd4405b524e24da4756caa568e9d873826c97f2a451738fe6ceb47fd2,159b679dd4405b524e24da4756caa568e9d873826c97f2a451738fe6ceb47fd2,358474,,,,,.m4a,compressed_original_has_wav
data/raw/Anopheles farauti/Anopheles farauti/iPhone4S/Raw/20160303 143729.m4a,dryad,Anopheles farauti,Anopheles farauti,iPhone4S,Anopheles farauti|raw/Anopheles farauti/Anopheles farauti/iPhone4S/Raw,93f3d1f93e9f4513c47a12061e255c0022abd5c204ba1b88b39bfefce00925dd,93f3d1f93e9f4513c47a12061e255c0022abd5c204ba1b88b39bfefce00925dd,399569,,,,,.m4a,compressed_original_has_wav
data/raw/Anopheles farauti/Anopheles farauti/iPhone6/Afar (1).m4a,dryad,Anopheles farauti,Anopheles farauti,iPhone6,Anopheles farauti|raw/Anopheles farauti/Anopheles farauti/iPhone6,5e5e59c7f7b6d4a442e0aecb0fc7126158da2d1f0813240bae92b89ea77bed95,5e5e59c7f7b6d4a442e0aecb0fc7126158da2d1f0813240bae92b89ea77bed95,389093,44100.0,1.0,48.390385,aac,.m4a,
data/raw/Anopheles farauti/Anopheles farauti/iPhone6/Afar (2).m4a,dryad,Anopheles farauti,Anopheles farauti,iPhone6,Anopheles farauti|raw/Anopheles farauti/Anopheles farauti/iPhone6,36c87d56a2fab09923817ce4798b9bbc341218c1602dd72d35862f784dd2bb22,36c87d56a2fab09923817ce4798b9bbc341218c1602dd72d35862f784dd2bb22,297193,44100.0,1.0,36.896508,aac,.m4a,
data/raw/Anopheles farauti/Anopheles farauti/iPhone6/Afar (3).m4a,dryad,Anopheles farauti,Anopheles farauti,iPhone6,Anopheles farauti|raw/Anopheles farauti/Anopheles farauti/iPhone6,977f7b7a364fe8d2fc79bdca04ce3bbaa09648cf4f5fcfe0370b925faa38bccb,977f7b7a364fe8d2fc79bdca04ce3bbaa09648cf4f5fcfe0370b925faa38bccb,389393,44100.0,1.0,48.367166,aac,.m4a,
data/raw/Anopheles farauti/Anopheles farauti/iPhone6/Afar (4).m4a,dryad,Anopheles farauti,Anopheles farauti,iPhone6,Anopheles farauti|raw/Anopheles farauti/Anopheles farauti/iPhone6,977f7b7a364fe8d2fc79bdca04ce3bbaa09648cf4f5fcfe0370b925faa38bccb,977f7b7a364fe8d2fc79bdca04ce3bbaa09648cf4f5fcfe0370b925faa38bccb,389393,44100.0,1.0,48.367166,aac,.m4a,exact_duplicate
data/raw/Anopheles farauti/Anopheles farauti/iPhone6/Afar (5).m4a,dryad,Anopheles farauti,Anopheles farauti,iPhone6,Anopheles farauti|raw/Anopheles farauti/Anopheles farauti/iPhone6,f5724056339c8ae4b4399b2bb2e6aa826a805091164693b91f88c0aecd06feea,f5724056339c8ae4b4399b2bb2e6aa826a805091164693b91f88c0aecd06feea,307480,44100.0,1.0,38.220045,aac,.m4a,
data/raw/Anopheles farauti/Anopheles farauti/iPhone6/Afar.m4a,dryad,Anopheles farauti,Anopheles farauti,iPhone6,Anopheles farauti|raw/Anopheles farauti/Anopheles farauti/iPhone6,07ce29ba1039599bd1141692d2b621ed99e9d457b4411588cc6c3e9656905078,07ce29ba1039599bd1141692d2b621ed99e9d457b4411588cc6c3e9656905078,210019,44100.0,1.0,26.029569,aac,.m4a,
data/raw/Anopheles farauti/Anopheles farauti/iPhone6/Background.wav,dryad,Anopheles farauti,noise,iPhone6,Anopheles farauti|raw/Anopheles farauti/Anopheles farauti/iPhone6,noise|background_unresolved,3761f3486e37fca204107f60f9097fa434f52159b371d1e19316961cbba7e362,1827884,44100.0,1.0,20.723809523809525,PCM_16,.wav,exact_duplicate
data/raw/Anopheles freeborni/Anopheles freeborni/GoogleNexus/Background.wav,dryad,Anopheles freeborni,noise,Nexus,Anopheles freeborni|raw/Anopheles freeborni/Anopheles freeborni/GoogleNexus,noise|background_unresolved,3761f3486e37fca204107f60f9097fa434f52159b371d1e19316961cbba7e362,1827884,44100.0,1.0,20.723809523809525,PCM_16,.wav,exact_duplicate
data/raw/Anopheles freeborni/Anopheles freeborni/GoogleNexus/Rec_1980-02-16_12.51.15afree.wav,dryad,Anopheles freeborni,Anopheles freeborni,Nexus,Anopheles freeborni|raw/Anopheles freeborni/Anopheles freeborni/GoogleNexus,9971adc2cc981f11071191eea150684602fd5c217e0ad04edfdcfef3fb4a7035,9971adc2cc981f11071191eea150684602fd5c217e0ad04edfdcfef3fb4a7035,4343852,44100.0,1.0,49.179863945578234,PCM_16,.wav,
data/raw/Anopheles freeborni/Anopheles freeborni/GoogleNexus/Rec_1980-02-16_12.53.50afree.wav,dryad,Anopheles freeborni,Anopheles freeborni,Nexus,Anopheles freeborni|raw/Anopheles freeborni/Anopheles freeborni/GoogleNexus,85cf179437dd033a6932b188b644ad21a7cd067ac843abb9cbd98b7859cf7126,85cf179437dd033a6932b188b644ad21a7cd067ac843abb9cbd98b7859cf7126,5050412,44100.0,1.0,57.2604081632653,PCM_16,.wav,
data/raw/Anopheles freeborni/Anopheles freeborni/GoogleNexus/Rec_1980-02-16_12.55.18afreeF.wav,dryad,Anopheles freeborni,Anopheles freeborni,Nexus,Anopheles freeborni|raw/Anopheles freeborni/Anopheles freeborni/GoogleNexus,a15850f9936cb8e34ab88096dfae0e04495405d059e40ba4a5fcc429b4ad05e1,a15850f9936cb8e34ab88096dfae0e04495405d059e40ba4a5fcc429b4ad05e1,4177964,44100.0,1.0,47.29904761904762,PCM_16,.wav,
data/raw/Anopheles freeborni/Anopheles freeborni/GoogleNexus/Rec_1980-02-16_12.56.33afreeM.wav,dryad,Anopheles freeborni,Anopheles freeborni,Nexus,Anopheles freeborni|raw/Anopheles freeborni/Anopheles freeborni/GoogleNexus,76932db78657c1034d4dac4bba9776b6360a6d71b518ac9b623d127f07ea39b8,76932db78657c1034d4dac4bba9776b6360a6d71b518ac9b623d127f07ea39b8,5001260,44100.0,1.0,56.6334693877551,PCM_16,.wav,
data/raw/Anopheles freeborni/Anopheles freeborni/GoogleNexus/Rec_1980-02-16_12.58.11afree.wav,dryad,Anopheles freeborni,Anopheles freeborni,Nexus,Anopheles freeborni|raw/Anopheles freeborni/Anopheles freeborni/GoogleNexus,59f586d060f2b0dcc94795b659cc4f2d0420c2bf0c37bf2c3cad8d993ee02a9f,59f586d060f2b0dcc94795b659cc4f2d0420c2bf0c37bf2c3cad8d993ee02a9f,6432812,44100.0,1.0,72.86421768707483,PCM_16,.wav,
data/raw/Anopheles freeborni/Anopheles freeborni/GoogleNexus/Rec_1980-02-16_12.59.43afree.wav,dryad,Anopheles freeborni,Anopheles freeborni,Nexus,Anopheles freeborni|raw/Anopheles freeborni/Anopheles freeborni/GoogleNexus,fc1b20afc9c22d0222af3748097c349e823d55fb118039ffeee689da56d89276,fc1b20afc9c22d0222af3748097c349e823d55fb118039ffeee689da56d89276,3428396,44100.0,1.0,38.800544217687076,PCM_16,.wav,
data/raw/Anopheles freeborni/Anopheles freeborni/GoogleNexus/af1.wav,dryad,Anopheles freeborni,Anopheles freeborni,Nexus,Anopheles freeborni|raw/Anopheles freeborni/Anopheles freeborni/GoogleNexus,8960271f7d80d15eff34ac743e1a4fb70fc585bc71c1e6c9f0f929bffbb00691,8960271f7d80d15eff34ac743e1a4fb70fc585bc71c1e6c9f0f929bffbb00691,6107180,44100.0,1.0,69.17224489795919,PCM_16,.wav,
data/raw/Anopheles freeborni/Anopheles freeborni/GoogleNexus/af2.wav,dryad,Anopheles freeborni,Anopheles freeborni,Nexus,Anopheles freeborni|raw/Anopheles freeborni/Anopheles freeborni/GoogleNexus,7abfcee0f5db35d75a3fd32b9bbeefc3eef4df858a1a0fd428e560b12c68f25b,7abfcee0f5db35d75a3fd32b9bbeefc3eef4df858a1a0fd428e560b12c68f25b,5326892,44100.0,1.0,60.32544217687075,PCM_16,.wav,
data/raw/Anopheles freeborni/Anopheles freeborni/GoogleNexus/af3.wav,dryad,Anopheles freeborni,Anopheles freeborni,Nexus,Anopheles freeborni|raw/Anopheles freeborni/Anopheles freeborni/GoogleNexus,e6f3845112241ff6503bf55546d8fc4912c18ca663b6d1f48dcf735270f55faa,e6f3845112241ff6503bf55546d8fc4912c18ca663b6d1f48dcf735270f55faa,3809324,44100.0,1.0,43.119455782312926,PCM_16,.wav,
data/raw/Anopheles freeborni/Anopheles freeborni/GoogleNexus/af4.wav,dryad,Anopheles freeborni,Anopheles freeborni,Nexus,Anopheles freeborni|raw/Anopheles freeborni/Anopheles freeborni/GoogleNexus,f44e6a04f1701c09278e1126010dcf0448c457a1e5939fe69bab3fdbd1433ede,f44e6a04f1701c09278e1126010dcf0448c457a1e5939fe69bab3fdbd1433ede,6948908,44100.0,1.0,78.7156462585034,PCM_16,.wav,
data/raw/Anopheles freeborni/Anopheles freeborni/GoogleNexus/af5.wav,dryad,Anopheles freeborni,Anopheles freeborni,Nexus,Anopheles freeborni|raw/Anopheles freeborni/Anopheles freeborni/GoogleNexus,2cd19390081130365278bd3a4a00d9458f73669e8bda5606f4769c23e320cebe,2cd19390081130365278bd3a4a00d9458f73669e8bda5606f4769c23e320cebe,940076,44100.0,1.0,10.588299319727891,PCM_16,.wav,
data/raw/Anopheles freeborni/Anopheles freeborni/GoogleNexus/af6.wav,dryad,Anopheles freeborni,Anopheles freeborni,Nexus,Anopheles freeborni|raw/Anopheles freeborni/Anopheles freeborni/GoogleNexus,f6060c0cab889e2871aeee9a898b2bb41dfa21d640d7f4555e93e40ce18d0cf8,f6060c0cab889e2871aeee9a898b2bb41dfa21d640d7f4555e93e40ce18d0cf8,1019948,44100.0,1.0,11.493877551020407,PCM_16,.wav,
data/raw/Anopheles freeborni/Anopheles freeborni/GoogleNexus/af7.wav,dryad,Anopheles freeborni,Anopheles freeborni,Nexus,Anopheles freeborni|raw/Anopheles freeborni/Anopheles freeborni/GoogleNexus,6b675f576ad83c3ce18dac158f1502bbbbf9871300bcdd37213c762b5cfbce20,6b675f576ad83c3ce18dac158f1502bbbbf9871300bcdd37213c762b5cfbce20,497708,44100.0,1.0,5.572789115646258,PCM_16,.wav,
data/raw/Anopheles freeborni/Anopheles freeborni/GoogleNexus/af8.wav,dryad,Anopheles freeborni,Anopheles freeborni,Nexus,Anopheles freeborni|raw/Anopheles freeborni/Anopheles freeborni/GoogleNexus,a074b1311c4e9cbb37a75c6cd309e1d937c3feee606310b3d98a52bc104fd5a3,a074b1311c4e9cbb37a75c6cd309e1d937c3feee606310b3d98a52bc104fd5a3,2740268,44100.0,1.0,30.998639455782314,PCM_16,.wav,
data/raw/Anopheles freeborni/Anopheles freeborni/GoogleNexus/aff.wav,dryad,Anopheles freeborni,Anopheles freeborni,Nexus,Anopheles freeborni|raw/Anopheles freeborni/Anopheles freeborni/GoogleNexus,794ce5680d00bb7f2a081891726c8dd2938e12c16a6a8cff88b0a1931f32c603,794ce5680d00bb7f2a081891726c8dd2938e12c16a6a8cff88b0a1931f32c603,5603372,44100.0,1.0,63.46013605442177,PCM_16,.wav,
data/raw/Anopheles freeborni/Anopheles freeborni/GoogleNexus/afm.wav,dryad,Anopheles freeborni,Anopheles freeborni,Nexus,Anopheles freeborni|raw/Anopheles freeborni/Anopheles freeborni/GoogleNexus,e884c56b848bb0ce709981793e95bb39a76eab8a0bb0283f7a852553933eef95,e884c56b848bb0ce709981793e95bb39a76eab8a0bb0283f7a852553933eef95,4073516,44100.0,1.0,46.11482993197279,PCM_16,.wav,
data/raw/Anopheles freeborni/Anopheles freeborni/Huawei866C/Background.wav,dryad,Anopheles freeborni,noise,Huawei866C,Anopheles freeborni|raw/Anopheles freeborni/Anopheles freeborni/Huawei866C,noise|background_unresolved,b0947e8da416422bdf25e7984e403c8325f048e823c9fac3a1557e9d53bb3924,127120,8000.0,1.0,7.94,PCM_16,.wav,exact_duplicate
data/raw/Anopheles freeborni/Anopheles freeborni/Huawei866C/Raw/Recording19800216_001.amr,dryad,Anopheles freeborni,Anopheles freeborni,Huawei866C,Anopheles freeborni|raw/Anopheles freeborni/Anopheles freeborni/Huawei866C/Raw,0c3551649118b719fa84015e81a509e67b8ab8a75effe64be9ac23c35f41803a,0c3551649118b719fa84015e81a509e67b8ab8a75effe64be9ac23c35f41803a,19402,,,,,.amr,compressed_original_has_wav
data/raw/Anopheles freeborni/Anopheles freeborni/Huawei866C/Raw/Recording19800216_002.amr,dryad,Anopheles freeborni,Anopheles freeborni,Huawei866C,Anopheles freeborni|raw/Anopheles freeborni/Anopheles freeborni/Huawei866C/Raw,046f6453067a1c930a49952ae81eff75403b142f90d4674a9193d489db1cebb3,046f6453067a1c930a49952ae81eff75403b142f90d4674a9193d489db1cebb3,15983,,,,,.amr,compressed_original_has_wav
data/raw/Anopheles freeborni/Anopheles freeborni/Huawei866C/Raw/Recording19800216_003.amr,dryad,Anopheles freeborni,Anopheles freeborni,Huawei866C,Anopheles freeborni|raw/Anopheles freeborni/Anopheles freeborni/Huawei866C/Raw,0c4058c0d5f98e1a80531b0a823717a39cbcb7ffcbb0c20c958fbb85c2762886,0c4058c0d5f98e1a80531b0a823717a39cbcb7ffcbb0c20c958fbb85c2762886,28307,,,,,.amr,compressed_original_has_wav
data/raw/Anopheles freeborni/Anopheles freeborni/Huawei866C/Raw/Recording19800216_004.amr,dryad,Anopheles freeborni,Anopheles freeborni,Huawei866C,Anopheles freeborni|raw/Anopheles freeborni/Anopheles freeborni/Huawei866C/Raw,69b28af51d2d9dad199fa7c29da53d62e2c6e414589beb2c4b4b51bd43533744,69b28af51d2d9dad199fa7c29da53d62e2c6e414589beb2c4b4b51bd43533744,26643,,,,,.amr,compressed_original_has_wav
data/raw/Anopheles freeborni/Anopheles freeborni/Huawei866C/Recording19800216_001.wav,dryad,Anopheles freeborni,Anopheles freeborni,Huawei866C,Anopheles freeborni|raw/Anopheles freeborni/Anopheles freeborni/Huawei866C,c87f2c766d5759a2b50875befe3db33a617e9ec09fe27de124efd1cae358bb89,c87f2c766d5759a2b50875befe3db33a617e9ec09fe27de124efd1cae358bb89,477520,8000.0,1.0,29.84,PCM_16,.wav,
data/raw/Anopheles freeborni/Anopheles freeborni/Huawei866C/Recording19800216_002.wav,dryad,Anopheles freeborni,Anopheles freeborni,Huawei866C,Anopheles freeborni|raw/Anopheles freeborni/Anopheles freeborni/Huawei866C,7f2c98e8a3ce5539b47cf884936b4bd527d8ffe4ae7e30546df1724e45577221,7f2c98e8a3ce5539b47cf884936b4bd527d8ffe4ae7e30546df1724e45577221,393360,8000.0,1.0,24.58,PCM_16,.wav,
data/raw/Anopheles freeborni/Anopheles freeborni/Huawei866C/Recording19800216_003.wav,dryad,Anopheles freeborni,Anopheles freeborni,Huawei866C,Anopheles freeborni|raw/Anopheles freeborni/Anopheles freeborni/Huawei866C,df9a1765885956882b4f52e669d31a83bd800877207265bbb23dab54550c8e78,df9a1765885956882b4f52e669d31a83bd800877207265bbb23dab54550c8e78,696720,8000.0,1.0,43.54,PCM_16,.wav,
data/raw/Anopheles freeborni/Anopheles freeborni/Huawei866C/Recording19800216_004.wav,dryad,Anopheles freeborni,Anopheles freeborni,Huawei866C,Anopheles freeborni|raw/Anopheles freeborni/Anopheles freeborni/Huawei866C,f586b01a3fae8c41ea9d176fd2dc51191de2fbb403119e09d3bf53f7083fed97,f586b01a3fae8c41ea9d176fd2dc51191de2fbb403119e09d3bf53f7083fed97,655760,8000.0,1.0,40.98,PCM_16,.wav,
data/raw/Anopheles freeborni/Anopheles freeborni/Nokia5235/Background.wav,dryad,Anopheles freeborni,noise,Nokia5235,Anopheles freeborni|raw/Anopheles freeborni/Anopheles freeborni/Nokia5235,noise|background_unresolved,3761f3486e37fca204107f60f9097fa434f52159b371d1e19316961cbba7e362,1827884,44100.0,1.0,20.723809523809525,PCM_16,.wav,exact_duplicate
data/raw/Anopheles freeborni/Anopheles freeborni/Nokia5235/Sound clip 170 af.mp4,dryad,Anopheles freeborni,Anopheles freeborni,Nokia5235,Anopheles freeborni|raw/Anopheles freeborni/Anopheles freeborni/Nokia5235,ffe84d1bc0ecbe287ab20c4ce3d37bb306772457fab76d90ecc9e538716d6a94,ffe84d1bc0ecbe287ab20c4ce3d37bb306772457fab76d90ecc9e538716d6a94,304246,48000.0,1.0,36.224,aac,.mp4,
data/raw/Anopheles freeborni/Anopheles freeborni/Nokia5235/Sound clip 171 afmix.mp4,dryad,Anopheles freeborni,Anopheles freeborni,Nokia5235,Anopheles freeborni|raw/Anopheles freeborni/Anopheles freeborni/Nokia5235,188f431fab1b7f5b4da9ec4f87839f5245b647e83ea7300ee45124fe8e5309e2,188f431fab1b7f5b4da9ec4f87839f5245b647e83ea7300ee45124fe8e5309e2,209918,48000.0,1.0,24.96,aac,.mp4,
data/raw/Anopheles freeborni/Anopheles freeborni/Nokia5235/Sound clip 172 aff.mp4,dryad,Anopheles freeborni,Anopheles freeborni,Nokia5235,Anopheles freeborni|raw/Anopheles freeborni/Anopheles freeborni/Nokia5235,41073fddeb82bb07a0dc9cf2adce3b1b1568f0925010a9d934bebf398c738158,41073fddeb82bb07a0dc9cf2adce3b1b1568f0925010a9d934bebf398c738158,637980,48000.0,1.0,76.074667,aac,.mp4,
data/raw/Anopheles freeborni/Anopheles freeborni/Nokia5235/Sound clip 173 afm.mp4,dryad,Anopheles freeborni,Anopheles freeborni,Nokia5235,Anopheles freeborni|raw/Anopheles freeborni/Anopheles freeborni/Nokia5235,596fc4f45c2952e68f67a41c0f5936788e455206472a5883305011e4c63e247c,596fc4f45c2952e68f67a41c0f5936788e455206472a5883305011e4c63e247c,780738,48000.0,1.0,93.12,aac,.mp4,
data/raw/Anopheles freeborni/Anopheles freeborni/Nokia5235/Sound clip 175 afmix.mp4,dryad,Anopheles freeborni,Anopheles freeborni,Nokia5235,Anopheles freeborni|raw/Anopheles freeborni/Anopheles freeborni/Nokia5235,3931dc6f970fd1738bf24b4f85a2f573c1bc7489edb37dab33f87bdbe53cddd4,3931dc6f970fd1738bf24b4f85a2f573c1bc7489edb37dab33f87bdbe53cddd4,572245,48000.0,1.0,68.224,aac,.mp4,
data/raw/Anopheles freeborni/Anopheles freeborni/Nokia6555B/Audio014 afmix bugdorm.wav,dryad,Anopheles freeborni,Anopheles freeborni,Nokia6555B,Anopheles freeborni|raw/Anopheles freeborni/Anopheles freeborni/Nokia6555B,611c54ab71779bd5bc6bb190a11ef98891bf51f8cde4ce3891909d4f801e3861,611c54ab71779bd5bc6bb190a11ef98891bf51f8cde4ce3891909d4f801e3861,1602640,8000.0,1.0,100.16,PCM_16,.wav,
data/raw/Anopheles freeborni/Anopheles freeborni/Nokia6555B/Audio015 aff.wav,dryad,Anopheles freeborni,Anopheles freeborni,Nokia6555B,Anopheles freeborni|raw/Anopheles freeborni/Anopheles freeborni/Nokia6555B,8108f8d7ecbaafe01fa87631ccdb12ee956f4f2f7ae8de3ab38b40ef9853b3a7,8108f8d7ecbaafe01fa87631ccdb12ee956f4f2f7ae8de3ab38b40ef9853b3a7,1833040,8000.0,1.0,114.56,PCM_16,.wav,
data/raw/Anopheles freeborni/Anopheles freeborni/Nokia6555B/Audio016 af f long.wav,dryad,Anopheles freeborni,Anopheles freeborni,Nokia6555B,Anopheles freeborni|raw/Anopheles freeborni/Anopheles freeborni/Nokia6555B,ba32a0dc63c5a7d576a746c99d26a21a191f5169a96827199c73d00066c9357b,ba32a0dc63c5a7d576a746c99d26a21a191f5169a96827199c73d00066c9357b,847440,8000.0,1.0,52.96,PCM_16,.wav,
data/raw/Anopheles freeborni/Anopheles freeborni/Nokia6555B/Audio017 afm.wav,dryad,Anopheles freeborni,Anopheles freeborni,Nokia6555B,Anopheles freeborni|raw/Anopheles freeborni/Anopheles freeborni/Nokia6555B,cd9638443c3de2a54a4189305081ca4216813b0b96b3c4c7fa330670caf41d25,cd9638443c3de2a54a4189305081ca4216813b0b96b3c4c7fa330670caf41d25,1305680,8000.0,1.0,81.6,PCM_16,.wav,
data/raw/Anopheles freeborni/Anopheles freeborni/Nokia6555B/Audio018 afswarm.wav,dryad,Anopheles freeborni,Anopheles freeborni,Nokia6555B,Anopheles freeborni|raw/Anopheles freeborni/Anopheles freeborni/Nokia6555B,a473efefa847b8b23de52944adf00b8f157de83d166bdb32d3b34f8cb1e4bff2,a473efefa847b8b23de52944adf00b8f157de83d166bdb32d3b34f8cb1e4bff2,1257040,8000.0,1.0,78.56,PCM_16,.wav,
data/raw/Anopheles freeborni/Anopheles freeborni/Nokia6555B/Background.wav,dryad,Anopheles freeborni,noise,Nokia6555B,Anopheles freeborni|raw/Anopheles freeborni/Anopheles freeborni/Nokia6555B,noise|background_unresolved,3761f3486e37fca204107f60f9097fa434f52159b371d1e19316961cbba7e362,1827884,44100.0,1.0,20.723809523809525,PCM_16,.wav,exact_duplicate
data/raw/Anopheles freeborni/Anopheles freeborni/Nokia6555B/Raw/Audio014 afmix bugdorm.amr,dryad,Anopheles freeborni,Anopheles freeborni,Nokia6555B,Anopheles freeborni|raw/Anopheles freeborni/Anopheles freeborni/Nokia6555B/Raw,fc2e7d448425a09043b06ab862d982ec602f6fa5b0859ea07cca24b73cd7d8fe,fc2e7d448425a09043b06ab862d982ec602f6fa5b0859ea07cca24b73cd7d8fe,160262,,,,,.amr,compressed_original_has_wav
data/raw/Anopheles freeborni/Anopheles freeborni/Nokia6555B/Raw/Audio015 aff.amr,dryad,Anopheles freeborni,Anopheles freeborni,Nokia6555B,Anopheles freeborni|raw/Anopheles freeborni/Anopheles freeborni/Nokia6555B/Raw,d27ceb123326c24f36725857876e3efbe4ac73909312fc4f67369666c3903202,d27ceb123326c24f36725857876e3efbe4ac73909312fc4f67369666c3903202,183302,,,,,.amr,compressed_original_has_wav
data/raw/Anopheles freeborni/Anopheles freeborni/Nokia6555B/Raw/Audio016 af f long.amr,dryad,Anopheles freeborni,Anopheles freeborni,Nokia6555B,Anopheles freeborni|raw/Anopheles freeborni/Anopheles freeborni/Nokia6555B/Raw,00cc978f3329c5230d8abf514cd15997d44d0cb0f00e4beb53e5bad48b22bca1,00cc978f3329c5230d8abf514cd15997d44d0cb0f00e4beb53e5bad48b22bca1,84742,,,,,.amr,compressed_original_has_wav
data/raw/Anopheles freeborni/Anopheles freeborni/Nokia6555B/Raw/Audio017 afm.amr,dryad,Anopheles freeborni,Anopheles freeborni,Nokia6555B,Anopheles freeborni|raw/Anopheles freeborni/Anopheles freeborni/Nokia6555B/Raw,43e61e7d3499f87344adff72a59ab1df5ff4fd3b95fd9d3ba59492694e38cf2f,43e61e7d3499f87344adff72a59ab1df5ff4fd3b95fd9d3ba59492694e38cf2f,130566,,,,,.amr,compressed_original_has_wav
data/raw/Anopheles freeborni/Anopheles freeborni/Nokia6555B/Raw/Audio018 afswarm.amr,dryad,Anopheles freeborni,Anopheles freeborni,Nokia6555B,Anopheles freeborni|raw/Anopheles freeborni/Anopheles freeborni/Nokia6555B/Raw,b498776d9b80b5f34fa9ecae26634be76af967f162a7e82c6a42883493baecb7,b498776d9b80b5f34fa9ecae26634be76af967f162a7e82c6a42883493baecb7,125702,,,,,.amr,compressed_original_has_wav
data/raw/Anopheles freeborni/Anopheles freeborni/SamsungT209/Background.wav,dryad,Anopheles freeborni,noise,T209,Anopheles freeborni|raw/Anopheles freeborni/Anopheles freeborni/SamsungT209,noise|background_unresolved,3761f3486e37fca204107f60f9097fa434f52159b371d1e19316961cbba7e362,1827884,44100.0,1.0,20.723809523809525,PCM_16,.wav,exact_duplicate
data/raw/Anopheles freeborni/Anopheles freeborni/SamsungT209/Raw/Voice0024.amr,dryad,Anopheles freeborni,Anopheles freeborni,T209,Anopheles freeborni|raw/Anopheles freeborni/Anopheles freeborni/SamsungT209/Raw,250a8759a3459e99ee3854d8b087ad27ee625161919c59c2226bd9950caa288b,250a8759a3459e99ee3854d8b087ad27ee625161919c59c2226bd9950caa288b,39006,,,,,.amr,compressed_original_has_wav
data/raw/Anopheles freeborni/Anopheles freeborni/SamsungT209/Raw/Voice0025.amr,dryad,Anopheles freeborni,Anopheles freeborni,T209,Anopheles freeborni|raw/Anopheles freeborni/Anopheles freeborni/SamsungT209/Raw,6f9c2ceb447256c3cba3e3bbfc20001377394f0e1ddfff2118348494f69f6b5b,6f9c2ceb447256c3cba3e3bbfc20001377394f0e1ddfff2118348494f69f6b5b,39006,,,,,.amr,compressed_original_has_wav
data/raw/Anopheles freeborni/Anopheles freeborni/SamsungT209/Raw/Voice0026.amr,dryad,Anopheles freeborni,Anopheles freeborni,T209,Anopheles freeborni|raw/Anopheles freeborni/Anopheles freeborni/SamsungT209/Raw,595a6b780ecdb6e4a812876f3b00cfab8c162d3b15912c65fd8a58e9d589c96d,595a6b780ecdb6e4a812876f3b00cfab8c162d3b15912c65fd8a58e9d589c96d,39006,,,,,.amr,compressed_original_has_wav
data/raw/Anopheles freeborni/Anopheles freeborni/SamsungT209/Raw/Voice0027.amr,dryad,Anopheles freeborni,Anopheles freeborni,T209,Anopheles freeborni|raw/Anopheles freeborni/Anopheles freeborni/SamsungT209/Raw,7f3c16537b952fd39a1b8766b6e5deadd487c983a4644eb289105e4f8aedcc58,7f3c16537b952fd39a1b8766b6e5deadd487c983a4644eb289105e4f8aedcc58,39006,,,,,.amr,compressed_original_has_wav
data/raw/Anopheles freeborni/Anopheles freeborni/SamsungT209/Raw/Voice0028.amr,dryad,Anopheles freeborni,Anopheles freeborni,T209,Anopheles freeborni|raw/Anopheles freeborni/Anopheles freeborni/SamsungT209/Raw,dcd04337665d104521439f1b4e2b9fac89644de395cf9ebf5268a678501e4b1d,dcd04337665d104521439f1b4e2b9fac89644de395cf9ebf5268a678501e4b1d,39006,,,,,.amr,compressed_original_has_wav
data/raw/Anopheles freeborni/Anopheles freeborni/SamsungT209/Voice0024.wav,dryad,Anopheles freeborni,Anopheles freeborni,T209,Anopheles freeborni|raw/Anopheles freeborni/Anopheles freeborni/SamsungT209,da612522ba1a83c591334720deac4bcbf332c0d4d0d79ed6a47653c649982e09,da612522ba1a83c591334720deac4bcbf332c0d4d0d79ed6a47653c649982e09,960080,8000.0,1.0,60.0,PCM_16,.wav,
data/raw/Anopheles freeborni/Anopheles freeborni/SamsungT209/Voice0025.wav,dryad,Anopheles freeborni,Anopheles freeborni,T209,Anopheles freeborni|raw/Anopheles freeborni/Anopheles freeborni/SamsungT209,87a552c8243939585de4b159131e5efc27a02a731c7d2cb5cda37a222a4556ef,87a552c8243939585de4b159131e5efc27a02a731c7d2cb5cda37a222a4556ef,960080,8000.0,1.0,60.0,PCM_16,.wav,
data/raw/Anopheles freeborni/Anopheles freeborni/SamsungT209/Voice0026.wav,dryad,Anopheles freeborni,Anopheles freeborni,T209,Anopheles freeborni|raw/Anopheles freeborni/Anopheles freeborni/SamsungT209,4f667e5b9a30d16d05ee2ed8781596ceddd82f75061e4e17fcce83565212be8d,4f667e5b9a30d16d05ee2ed8781596ceddd82f75061e4e17fcce83565212be8d,960080,8000.0,1.0,60.0,PCM_16,.wav,
data/raw/Anopheles freeborni/Anopheles freeborni/SamsungT209/Voice0027.wav,dryad,Anopheles freeborni,Anopheles freeborni,T209,Anopheles freeborni|raw/Anopheles freeborni/Anopheles freeborni/SamsungT209,3deaed7df3715e89e51a6dcd712ba1c62b130ffece374a04c7194447866e01f1,3deaed7df3715e89e51a6dcd712ba1c62b130ffece374a04c7194447866e01f1,960080,8000.0,1.0,60.0,PCM_16,.wav,
data/raw/Anopheles freeborni/Anopheles freeborni/SamsungT209/Voice0028.wav,dryad,Anopheles freeborni,Anopheles freeborni,T209,Anopheles freeborni|raw/Anopheles freeborni/Anopheles freeborni/SamsungT209,0c036bfbebb3ecdd57293e244b14a589f69797141aadd2b7c810b5a79aa29d99,0c036bfbebb3ecdd57293e244b14a589f69797141aadd2b7c810b5a79aa29d99,960080,8000.0,1.0,60.0,PCM_16,.wav,
data/raw/Anopheles freeborni/Anopheles freeborni/SonyXperia/03-03-2016-105658 afmix bugdorm .wav,dryad,Anopheles freeborni,Anopheles freeborni,Xperia,Anopheles freeborni|raw/Anopheles freeborni/Anopheles freeborni/SonyXperia,10d7c13ed8818c0c50a48ab7828207e0c490a8e6e86c18bcfa0ba7b00699ac12,10d7c13ed8818c0c50a48ab7828207e0c490a8e6e86c18bcfa0ba7b00699ac12,5806124,44100.0,1.0,65.82857142857142,PCM_16,.wav,
data/raw/Anopheles freeborni/Anopheles freeborni/SonyXperia/03-03-2016-105844 afm bugdorm .wav,dryad,Anopheles freeborni,Anopheles freeborni,Xperia,Anopheles freeborni|raw/Anopheles freeborni/Anopheles freeborni/SonyXperia,70964da217dfa5ed5854b28e81c1d73db3c72cf0301f4d60d8ee69477c41589f,70964da217dfa5ed5854b28e81c1d73db3c72cf0301f4d60d8ee69477c41589f,6558764,44100.0,1.0,74.36190476190477,PCM_16,.wav,
data/raw/Anopheles freeborni/Anopheles freeborni/SonyXperia/03-03-2016-110042 aff bugdorm .wav,dryad,Anopheles freeborni,Anopheles freeborni,Xperia,Anopheles freeborni|raw/Anopheles freeborni/Anopheles freeborni/SonyXperia,2e4e080108f1eb3d1e75ddcb7732392338f3a89b97c23046a0c77f788d59c435,2e4e080108f1eb3d1e75ddcb7732392338f3a89b97c23046a0c77f788d59c435,7741484,44100.0,1.0,87.77142857142857,PCM_16,.wav,
data/raw/Anopheles freeborni/Anopheles freeborni/SonyXperia/03-03-2016-110345 af .wav,dryad,Anopheles freeborni,Anopheles freeborni,Xperia,Anopheles freeborni|raw/Anopheles freeborni/Anopheles freeborni/SonyXperia,a8e787e0145553a4dd1d651f7518f70101ce823b1bf0ea24533f5baa27451652,a8e787e0145553a4dd1d651f7518f70101ce823b1bf0ea24533f5baa27451652,5268524,44100.0,1.0,59.733333333333334,PCM_16,.wav,
data/raw/Anopheles freeborni/Anopheles freeborni/SonyXperia/03-03-2016-110540 afswarm .wav,dryad,Anopheles freeborni,Anopheles freeborni,Xperia,Anopheles freeborni|raw/Anopheles freeborni/Anopheles freeborni/SonyXperia,d55a4de54c0bf981b49b384687cc1c7db066e8f28418700bc63bebab9a93bbf8,d55a4de54c0bf981b49b384687cc1c7db066e8f28418700bc63bebab9a93bbf8,5161004,44100.0,1.0,58.51428571428571,PCM_16,.wav,
data/raw/Anopheles freeborni/Anopheles freeborni/SonyXperia/Background.wav,dryad,Anopheles freeborni,noise,Xperia,Anopheles freeborni|raw/Anopheles freeborni/Anopheles freeborni/SonyXperia,noise|background_unresolved,3761f3486e37fca204107f60f9097fa434f52159b371d1e19316961cbba7e362,1827884,44100.0,1.0,20.723809523809525,PCM_16,.wav,exact_duplicate
data/raw/Anopheles freeborni/Anopheles freeborni/iPhone4S/20160303 110028AfreeF.wav,dryad,Anopheles freeborni,Anopheles freeborni,iPhone4S,Anopheles freeborni|raw/Anopheles freeborni/Anopheles freeborni/iPhone4S,dc635bbe3830243966aa169322b5ca3417ebc7255e7070da5cca6f1805abb418,dc635bbe3830243966aa169322b5ca3417ebc7255e7070da5cca6f1805abb418,2963442,44100.0,1.0,33.5978231292517,PCM_16,.wav,
data/raw/Anopheles freeborni/Anopheles freeborni/iPhone4S/20160303 110154AfreeM.wav,dryad,Anopheles freeborni,Anopheles freeborni,iPhone4S,Anopheles freeborni|raw/Anopheles freeborni/Anopheles freeborni/iPhone4S,91837f8a6150754314f3398416da6b3048fa0740577a2f1e7fe371dccf0c1fc6,91837f8a6150754314f3398416da6b3048fa0740577a2f1e7fe371dccf0c1fc6,5236722,44100.0,1.0,59.371972789115645,PCM_16,.wav,
data/raw/Anopheles freeborni/Anopheles freeborni/iPhone4S/20160303 110341.wav,dryad,Anopheles freeborni,Anopheles freeborni,iPhone4S,Anopheles freeborni|raw/Anopheles freeborni/Anopheles freeborni/iPhone4S,750f82be9bbdb091a52b2157945aa53f88ba16dbff03b0718745a0b78a24f3c6,750f82be9bbdb091a52b2157945aa53f88ba16dbff03b0718745a0b78a24f3c6,3977202,44100.0,1.0,45.09170068027211,PCM_16,.wav,
data/raw/Anopheles freeborni/Anopheles freeborni/iPhone4S/20160303 110441.wav,dryad,Anopheles freeborni,Anopheles freeborni,iPhone4S,Anopheles freeborni|raw/Anopheles freeborni/Anopheles freeborni/iPhone4S,517069f460908a4780fb605dd6770eb1c5bc53d80dbb88dad1bf749e69b19460,517069f460908a4780fb605dd6770eb1c5bc53d80dbb88dad1bf749e69b19460,5914610,44100.0,1.0,67.05777777777777,PCM_16,.wav,
data/raw/Anopheles freeborni/Anopheles freeborni/iPhone4S/20160303 110623.wav,dryad,Anopheles freeborni,Anopheles freeborni,iPhone4S,Anopheles freeborni|raw/Anopheles freeborni/Anopheles freeborni/iPhone4S,0fdbea149fab3a9423b7a905ab86ef5eafb9ee79f5c9aeb85c747e2e125bf752,0fdbea149fab3a9423b7a905ab86ef5eafb9ee79f5c9aeb85c747e2e125bf752,6625266,44100.0,1.0,75.11510204081632,PCM_16,.wav,
data/raw/Anopheles freeborni/Anopheles freeborni/iPhone4S/20160303 110753.wav,dryad,Anopheles freeborni,Anopheles freeborni,iPhone4S,Anopheles freeborni|raw/Anopheles freeborni/Anopheles freeborni/iPhone4S,e6bf7263d88c8921f42f3ca4822add2dc707eb71df8566930046fde3d0fa16e2,e6bf7263d88c8921f42f3ca4822add2dc707eb71df8566930046fde3d0fa16e2,4231154,44100.0,1.0,47.97097505668934,PCM_16,.wav,
data/raw/Anopheles freeborni/Anopheles freeborni/iPhone4S/20160303 110941.wav,dryad,Anopheles freeborni,Anopheles freeborni,iPhone4S,Anopheles freeborni|raw/Anopheles freeborni/Anopheles freeborni/iPhone4S,0d18674538413e9cfe2fa52fed0eb9303f14cc1fb1df5f9346bb16aeae75569d,0d18674538413e9cfe2fa52fed0eb9303f14cc1fb1df5f9346bb16aeae75569d,5988338,44100.0,1.0,67.89369614512472,PCM_16,.wav,
data/raw/Anopheles freeborni/Anopheles freeborni/iPhone4S/20160303 111100.wav,dryad,Anopheles freeborni,Anopheles freeborni,iPhone4S,Anopheles freeborni|raw/Anopheles freeborni/Anopheles freeborni/iPhone4S,07dbeb43d62e3ca72f6c6cb2dc6fc6ba3d2401dd220b6097c2d04e9424708c84,07dbeb43d62e3ca72f6c6cb2dc6fc6ba3d2401dd220b6097c2d04e9424708c84,4157426,44100.0,1.0,47.135056689342406,PCM_16,.wav,
data/raw/Anopheles freeborni/Anopheles freeborni/iPhone4S/Background.wav,dryad,Anopheles freeborni,noise,iPhone4S,Anopheles freeborni|raw/Anopheles freeborni/Anopheles freeborni/iPhone4S,noise|background_unresolved,3761f3486e37fca204107f60f9097fa434f52159b371d1e19316961cbba7e362,1827884,44100.0,1.0,20.723809523809525,PCM_16,.wav,exact_duplicate
data/raw/Anopheles freeborni/Anopheles freeborni/iPhone4S/Raw/20160303 110028AfreeF.m4a,dryad,Anopheles freeborni,Anopheles freeborni,iPhone4S,Anopheles freeborni|raw/Anopheles freeborni/Anopheles freeborni/iPhone4S/Raw,5399cacc483523320f2d4d838dc66e4bc282a6db9595b5260484746e7b09f327,5399cacc483523320f2d4d838dc66e4bc282a6db9595b5260484746e7b09f327,270857,,,,,.m4a,compressed_original_has_wav
data/raw/Anopheles freeborni/Anopheles freeborni/iPhone4S/Raw/20160303 110154AfreeM.m4a,dryad,Anopheles freeborni,Anopheles freeborni,iPhone4S,Anopheles freeborni|raw/Anopheles freeborni/Anopheles freeborni/iPhone4S/Raw,b04df71995357951052c47cc725b6fedd2be0050cf2a701e6710312b90ce0e72,b04df71995357951052c47cc725b6fedd2be0050cf2a701e6710312b90ce0e72,478960,,,,,.m4a,compressed_original_has_wav
data/raw/Anopheles freeborni/Anopheles freeborni/iPhone4S/Raw/20160303 110341.m4a,dryad,Anopheles freeborni,Anopheles freeborni,iPhone4S,Anopheles freeborni|raw/Anopheles freeborni/Anopheles freeborni/iPhone4S/Raw,f431d6ab822a206c5b3c1d5c69f5bc124c8e697e7b4d60accc7bdcee22641f39,f431d6ab822a206c5b3c1d5c69f5bc124c8e697e7b4d60accc7bdcee22641f39,363773,,,,,.m4a,compressed_original_has_wav
data/raw/Anopheles freeborni/Anopheles freeborni/iPhone4S/Raw/20160303 110441.m4a,dryad,Anopheles freeborni,Anopheles freeborni,iPhone4S,Anopheles freeborni|raw/Anopheles freeborni/Anopheles freeborni/iPhone4S/Raw,4eb1a407b178ee90860ed221fb84356e06500d9ce17a13e089912af0d9a1c3be,4eb1a407b178ee90860ed221fb84356e06500d9ce17a13e089912af0d9a1c3be,539815,,,,,.m4a,compressed_original_has_wav
data/raw/Anopheles freeborni/Anopheles freeborni/iPhone4S/Raw/20160303 110623.m4a,dryad,Anopheles freeborni,Anopheles freeborni,iPhone4S,Anopheles freeborni|raw/Anopheles freeborni/Anopheles freeborni/iPhone4S/Raw,fa67f9e98299890a4d1db48c78a8b55746b9b3c7dfb1abc9c11f0a71f41722ec,fa67f9e98299890a4d1db48c78a8b55746b9b3c7dfb1abc9c11f0a71f41722ec,605383,,,,,.m4a,compressed_original_has_wav
data/raw/Anopheles freeborni/Anopheles freeborni/iPhone4S/Raw/20160303 110753.m4a,dryad,Anopheles freeborni,Anopheles freeborni,iPhone4S,Anopheles freeborni|raw/Anopheles freeborni/Anopheles freeborni/iPhone4S/Raw,1ab7fcaac3497099153f830b1e4a23a7f130d6cf1d53b9fd7598242f2aa76965,1ab7fcaac3497099153f830b1e4a23a7f130d6cf1d53b9fd7598242f2aa76965,387632,,,,,.m4a,compressed_original_has_wav
data/raw/Anopheles freeborni/Anopheles freeborni/iPhone4S/Raw/20160303 110941.m4a,dryad,Anopheles freeborni,Anopheles freeborni,iPhone4S,Anopheles freeborni|raw/Anopheles freeborni/Anopheles freeborni/iPhone4S/Raw,b7a9ce90ca5aecd504fd15a230c28c02ea0c196f8daadef5b45375863c3d1376,b7a9ce90ca5aecd504fd15a230c28c02ea0c196f8daadef5b45375863c3d1376,545938,,,,,.m4a,compressed_original_has_wav
data/raw/Anopheles freeborni/Anopheles freeborni/iPhone4S/Raw/20160303 111100.m4a,dryad,Anopheles freeborni,Anopheles freeborni,iPhone4S,Anopheles freeborni|raw/Anopheles freeborni/Anopheles freeborni/iPhone4S/Raw,93a133a9d321b247e79d4d867f2d02e38110d4386b1d6a889b00d6b1ec53328d,93a133a9d321b247e79d4d867f2d02e38110d4386b1d6a889b00d6b1ec53328d,380578,,,,,.m4a,compressed_original_has_wav
data/raw/Anopheles freeborni/Anopheles freeborni/iPhone6/Afree (1).m4a,dryad,Anopheles freeborni,Anopheles freeborni,iPhone6,Anopheles freeborni|raw/Anopheles freeborni/Anopheles freeborni/iPhone6,9960d1307d7a98842a3760950a445b4a405a93d49275e6dc9836d391a606b6c1,9960d1307d7a98842a3760950a445b4a405a93d49275e6dc9836d391a606b6c1,429511,44100.0,1.0,53.266576,aac,.m4a,
data/raw/Anopheles freeborni/Anopheles freeborni/iPhone6/Afree (2).m4a,dryad,Anopheles freeborni,Anopheles freeborni,iPhone6,Anopheles freeborni|raw/Anopheles freeborni/Anopheles freeborni/iPhone6,85cd2cc8b26fddaee8eeb01c7cd119747287585c753ca69fc97c77e42c221b2e,85cd2cc8b26fddaee8eeb01c7cd119747287585c753ca69fc97c77e42c221b2e,357903,44100.0,1.0,44.419773,aac,.m4a,
data/raw/Anopheles freeborni/Anopheles freeborni/iPhone6/Afree (3).m4a,dryad,Anopheles freeborni,Anopheles freeborni,iPhone6,Anopheles freeborni|raw/Anopheles freeborni/Anopheles freeborni/iPhone6,4954460d46cd61c7cf740871f776c1fe349973b0af9a2170557556006ff583af,4954460d46cd61c7cf740871f776c1fe349973b0af9a2170557556006ff583af,398172,44100.0,1.0,49.365624,aac,.m4a,
data/raw/Anopheles freeborni/Anopheles freeborni/iPhone6/Afree.m4a,dryad,Anopheles freeborni,Anopheles freeborni,iPhone6,Anopheles freeborni|raw/Anopheles freeborni/Anopheles freeborni/iPhone6,483225b35e3825c6fde11fffa12d19b30c125de6ce0dfafdfc6feaa1824ad86f,483225b35e3825c6fde11fffa12d19b30c125de6ce0dfafdfc6feaa1824ad86f,460979,44100.0,1.0,57.283628,aac,.m4a,
data/raw/Anopheles freeborni/Anopheles freeborni/iPhone6/AfreeF.m4a,dryad,Anopheles freeborni,Anopheles freeborni,iPhone6,Anopheles freeborni|raw/Anopheles freeborni/Anopheles freeborni/iPhone6,ec27c3fd17db9ae5c3841c927e461b5f93087ece297a3e1cf04f2fb59975635b,ec27c3fd17db9ae5c3841c927e461b5f93087ece297a3e1cf04f2fb59975635b,204001,44100.0,1.0,25.170431,aac,.m4a,
data/raw/Anopheles freeborni/Anopheles freeborni/iPhone6/AfreeM.m4a,dryad,Anopheles freeborni,Anopheles freeborni,iPhone6,Anopheles freeborni|raw/Anopheles freeborni/Anopheles freeborni/iPhone6,bc30ab7ff6b9b8dc7964f445e01ade74d0bc3ad25015e6688c390602cd2938a1,bc30ab7ff6b9b8dc7964f445e01ade74d0bc3ad25015e6688c390602cd2938a1,250500,44100.0,1.0,31.068299,aac,.m4a,
data/raw/Anopheles freeborni/Anopheles freeborni/iPhone6/Background.wav,dryad,Anopheles freeborni,noise,iPhone6,Anopheles freeborni|raw/Anopheles freeborni/Anopheles freeborni/iPhone6,noise|background_unresolved,3761f3486e37fca204107f60f9097fa434f52159b371d1e19316961cbba7e362,1827884,44100.0,1.0,20.723809523809525,PCM_16,.wav,exact_duplicate
data/raw/Anopheles gambiae/Anopheles gambiae akron/CDC_Nexus/akronf.wav,dryad,Anopheles gambiae,Anopheles gambiae,Nexus,Anopheles gambiae|raw/Anopheles gambiae/Anopheles gambiae akron/CDC_Nexus,ca0ebe42eec9923cb49afb97dd636455023fff3b7c1619bf79e26fbeccb61070,ca0ebe42eec9923cb49afb97dd636455023fff3b7c1619bf79e26fbeccb61070,27967532,44100.0,1.0,317.0220408163265,PCM_16,.wav,
data/raw/Anopheles gambiae/Anopheles gambiae akron/CDC_T209/Voice0146 akron.wav,dryad,Anopheles gambiae,Anopheles gambiae,T209,Anopheles gambiae|raw/Anopheles gambiae/Anopheles gambiae akron/CDC_T209,16b428806c240ef74142bbc8b1af819f0a6da54ed3f02a191b008d36a73ba35d,16b428806c240ef74142bbc8b1af819f0a6da54ed3f02a191b008d36a73ba35d,960080,8000.0,1.0,60.0,PCM_16,.wav,
data/raw/Anopheles gambiae/Anopheles gambiae akron/CDC_T209/Voice0147.wav,dryad,Anopheles gambiae,Anopheles gambiae,T209,Anopheles gambiae|raw/Anopheles gambiae/Anopheles gambiae akron/CDC_T209,ea9c1d2ab29f55830718857467879cc7790aa54e0f3e6eb36735045c9fbed7af,ea9c1d2ab29f55830718857467879cc7790aa54e0f3e6eb36735045c9fbed7af,960080,8000.0,1.0,60.0,PCM_16,.wav,
data/raw/Anopheles gambiae/Anopheles gambiae akron/CDC_T209/Voice0148.wav,dryad,Anopheles gambiae,Anopheles gambiae,T209,Anopheles gambiae|raw/Anopheles gambiae/Anopheles gambiae akron/CDC_T209,f1c2148f24a065a4880647ec310b30ac4e6a97ddb45ca1df6b66e625291904bd,f1c2148f24a065a4880647ec310b30ac4e6a97ddb45ca1df6b66e625291904bd,960080,8000.0,1.0,60.0,PCM_16,.wav,
data/raw/Anopheles gambiae/Anopheles gambiae akron/CDC_T209/Voice0149.wav,dryad,Anopheles gambiae,Anopheles gambiae,T209,Anopheles gambiae|raw/Anopheles gambiae/Anopheles gambiae akron/CDC_T209,44d80c192110f3643c165758d8da5af1340ecb1b2afee96d1f605f582f96e0de,44d80c192110f3643c165758d8da5af1340ecb1b2afee96d1f605f582f96e0de,960080,8000.0,1.0,60.0,PCM_16,.wav,
data/raw/Anopheles gambiae/Anopheles gambiae akron/CDC_T209/Voice0150 akron.wav,dryad,Anopheles gambiae,Anopheles gambiae,T209,Anopheles gambiae|raw/Anopheles gambiae/Anopheles gambiae akron/CDC_T209,a9bbbaa777703b8925443a5e1a254206ae2fd4e2dcc1e3fdd490aa8a8100a201,a9bbbaa777703b8925443a5e1a254206ae2fd4e2dcc1e3fdd490aa8a8100a201,960080,8000.0,1.0,60.0,PCM_16,.wav,
data/raw/Anopheles gambiae/Anopheles gambiae akron/CDC_Xperia/11-17-2016-150332 akron .wav,dryad,Anopheles gambiae,Anopheles gambiae,Xperia,Anopheles gambiae|raw/Anopheles gambiae/Anopheles gambiae akron/CDC_Xperia,d0ac19605175a8450f917d0808b79b6b50ddbc2b5b19ce8ea8ea4c954c3ccfa4,d0ac19605175a8450f917d0808b79b6b50ddbc2b5b19ce8ea8ea4c954c3ccfa4,31395884,44100.0,1.0,355.96190476190475,PCM_16,.wav,
data/raw/Anopheles gambiae/Anopheles gambiae kisumu/CDC_Nexus/gambiaef.wav,dryad,Anopheles gambiae,Anopheles gambiae,Nexus,Anopheles gambiae|raw/Anopheles gambiae/Anopheles gambiae kisumu/CDC_Nexus,f6346e226f3b688a14b49e61a2faa338cdbd5b5e38c2e5f46ddf5f1240afd6c2,f6346e226f3b688a14b49e61a2faa338cdbd5b5e38c2e5f46ddf5f1240afd6c2,18991148,44100.0,1.0,215.31863945578232,PCM_16,.wav,
data/raw/Anopheles gambiae/Anopheles gambiae kisumu/CDC_T209/Voice0141 agam.wav,dryad,Anopheles gambiae,Anopheles gambiae,T209,Anopheles gambiae|raw/Anopheles gambiae/Anopheles gambiae kisumu/CDC_T209,934bf8f58e69a3eb2f98a56811c556a1616742ea99b85905d977fb018f90fbf6,934bf8f58e69a3eb2f98a56811c556a1616742ea99b85905d977fb018f90fbf6,960080,8000.0,1.0,60.0,PCM_16,.wav,
data/raw/Anopheles gambiae/Anopheles gambiae kisumu/CDC_T209/Voice0142.wav,dryad,Anopheles gambiae,Anopheles gambiae,T209,Anopheles gambiae|raw/Anopheles gambiae/Anopheles gambiae kisumu/CDC_T209,f173b13a27b5b77762359e3f19ebd418563d4a9c0b87cffb5fbf63f78f987d69,f173b13a27b5b77762359e3f19ebd418563d4a9c0b87cffb5fbf63f78f987d69,960080,8000.0,1.0,60.0,PCM_16,.wav,
data/raw/Anopheles gambiae/Anopheles gambiae kisumu/CDC_T209/Voice0143.wav,dryad,Anopheles gambiae,Anopheles gambiae,T209,Anopheles gambiae|raw/Anopheles gambiae/Anopheles gambiae kisumu/CDC_T209,22bab67d35b51f87a6bb14d333bda50a94f576d2345137ac73243e38eed68047,22bab67d35b51f87a6bb14d333bda50a94f576d2345137ac73243e38eed68047,960080,8000.0,1.0,60.0,PCM_16,.wav,
data/raw/Anopheles gambiae/Anopheles gambiae kisumu/CDC_T209/Voice0144.wav,dryad,Anopheles gambiae,Anopheles gambiae,T209,Anopheles gambiae|raw/Anopheles gambiae/Anopheles gambiae kisumu/CDC_T209,22bab67d35b51f87a6bb14d333bda50a94f576d2345137ac73243e38eed68047,22bab67d35b51f87a6bb14d333bda50a94f576d2345137ac73243e38eed68047,960080,8000.0,1.0,60.0,PCM_16,.wav,exact_duplicate
data/raw/Anopheles gambiae/Anopheles gambiae kisumu/CDC_T209/Voice0145 agam.wav,dryad,Anopheles gambiae,Anopheles gambiae,T209,Anopheles gambiae|raw/Anopheles gambiae/Anopheles gambiae kisumu/CDC_T209,d5cc1de06db896659d3601366371c6660643e85e212a36b84f9c80a4df68fbeb,d5cc1de06db896659d3601366371c6660643e85e212a36b84f9c80a4df68fbeb,960080,8000.0,1.0,60.0,PCM_16,.wav,
data/raw/Anopheles gambiae/Anopheles gambiae kisumu/CDC_Xperia/11-16-2016-150308 gambiae f.wav,dryad,Anopheles gambiae,Anopheles gambiae,Xperia,Anopheles gambiae|raw/Anopheles gambiae/Anopheles gambiae kisumu/CDC_Xperia,1960e3ca0e56d7a1aa72b4125d88547dff0d13c957d06f4c39757396f72aea6c,1960e3ca0e56d7a1aa72b4125d88547dff0d13c957d06f4c39757396f72aea6c,27417644,44100.0,1.0,310.85714285714283,PCM_16,.wav,
data/raw/Anopheles gambiae/Anopheles gambiae kisumu/GoogleNexus/Background.wav,dryad,Anopheles gambiae,noise,Nexus,Anopheles gambiae|raw/Anopheles gambiae/Anopheles gambiae kisumu/GoogleNexus,noise|background_unresolved,3761f3486e37fca204107f60f9097fa434f52159b371d1e19316961cbba7e362,1827884,44100.0,1.0,20.723809523809525,PCM_16,.wav,exact_duplicate
data/raw/Anopheles gambiae/Anopheles gambiae kisumu/GoogleNexus/Rec_1980-02-15_13.02.54 ag1ft.wav,dryad,Anopheles gambiae,Anopheles gambiae,Nexus,Anopheles gambiae|raw/Anopheles gambiae/Anopheles gambiae kisumu/GoogleNexus,18c8cc5755c89df50c02b72f49765b88e932a92fac37cf1dd9164c78af7dd0d3,18c8cc5755c89df50c02b72f49765b88e932a92fac37cf1dd9164c78af7dd0d3,2813996,44100.0,1.0,31.834557823129252,PCM_16,.wav,
data/raw/Anopheles gambiae/Anopheles gambiae kisumu/GoogleNexus/Rec_1980-02-15_13.05.09 ag1ft.wav,dryad,Anopheles gambiae,Anopheles gambiae,Nexus,Anopheles gambiae|raw/Anopheles gambiae/Anopheles gambiae kisumu/GoogleNexus,f31c375f281a13383f56a41af2736cd66325f15978d8e6a65e3af147041d5598,f31c375f281a13383f56a41af2736cd66325f15978d8e6a65e3af147041d5598,2586668,44100.0,1.0,29.257142857142856,PCM_16,.wav,
data/raw/Anopheles gambiae/Anopheles gambiae kisumu/GoogleNexus/ag1ft rec1.wav,dryad,Anopheles gambiae,Anopheles gambiae,Nexus,Anopheles gambiae|raw/Anopheles gambiae/Anopheles gambiae kisumu/GoogleNexus,eec7a4e6d4f9ee526215754604a72b9bdb8200f59ff8b6299ef7d39a7a6c7e50,eec7a4e6d4f9ee526215754604a72b9bdb8200f59ff8b6299ef7d39a7a6c7e50,2365484,44100.0,1.0,26.749387755102042,PCM_16,.wav,
data/raw/Anopheles gambiae/Anopheles gambiae kisumu/GoogleNexus/ag2.wav,dryad,Anopheles gambiae,Anopheles gambiae,Nexus,Anopheles gambiae|raw/Anopheles gambiae/Anopheles gambiae kisumu/GoogleNexus,b263a8a09ee225d907c6079977b6a6973d621c781173a886ba73618d003cb2a7,b263a8a09ee225d907c6079977b6a6973d621c781173a886ba73618d003cb2a7,571436,44100.0,1.0,6.408707482993197,PCM_16,.wav,
data/raw/Anopheles gambiae/Anopheles gambiae kisumu/GoogleNexus/ag3.wav,dryad,Anopheles gambiae,Anopheles gambiae,Nexus,Anopheles gambiae|raw/Anopheles gambiae/Anopheles gambiae kisumu/GoogleNexus,6f4d97aff50e0b3a7e8ab2fdcd9836f0ef63e2dcdc5c49800995a99eb54a2ecc,6f4d97aff50e0b3a7e8ab2fdcd9836f0ef63e2dcdc5c49800995a99eb54a2ecc,1185836,44100.0,1.0,13.374693877551021,PCM_16,.wav,
data/raw/Anopheles gambiae/Anopheles gambiae kisumu/GoogleNexus/ag4.wav,dryad,Anopheles gambiae,Anopheles gambiae,Nexus,Anopheles gambiae|raw/Anopheles gambiae/Anopheles gambiae kisumu/GoogleNexus,a6d022b96319aff2146829a8645e2bd2c866304c2f36cfe48cb20748903223c0,a6d022b96319aff2146829a8645e2bd2c866304c2f36cfe48cb20748903223c0,436268,44100.0,1.0,4.876190476190477,PCM_16,.wav,
data/raw/Anopheles gambiae/Anopheles gambiae kisumu/GoogleNexus/ag5.wav,dryad,Anopheles gambiae,Anopheles gambiae,Nexus,Anopheles gambiae|raw/Anopheles gambiae/Anopheles gambiae kisumu/GoogleNexus,9a1beee6635c1ea752fb7bbe1db6eee55f2c900fc4ed309ae57da770d79951c9,9a1beee6635c1ea752fb7bbe1db6eee55f2c900fc4ed309ae57da770d79951c9,1978412,44100.0,1.0,22.360816326530614,PCM_16,.wav,
data/raw/Anopheles gambiae/Anopheles gambiae kisumu/GoogleNexus/agf.wav,dryad,Anopheles gambiae,Anopheles gambiae,Nexus,Anopheles gambiae|raw/Anopheles gambiae/Anopheles gambiae kisumu/GoogleNexus,9b775b7f23f0f2e7b11f64199dd25b2460a95f85c83133db7f9d971e2c9c89d1,9b775b7f23f0f2e7b11f64199dd25b2460a95f85c83133db7f9d971e2c9c89d1,602156,44100.0,1.0,6.757006802721088,PCM_16,.wav,
data/raw/Anopheles gambiae/Anopheles gambiae kisumu/GoogleNexus/agf1.wav,dryad,Anopheles gambiae,Anopheles gambiae,Nexus,Anopheles gambiae|raw/Anopheles gambiae/Anopheles gambiae kisumu/GoogleNexus,cb5f8f561a151294331318ea602d01c52571f89f2fd84583657f46ea15ed1be4,cb5f8f561a151294331318ea602d01c52571f89f2fd84583657f46ea15ed1be4,675884,44100.0,1.0,7.662585034013605,PCM_16,.wav,
data/raw/Anopheles gambiae/Anopheles gambiae kisumu/Huawei866C/Background.wav,dryad,Anopheles gambiae,noise,Huawei866C,Anopheles gambiae|raw/Anopheles gambiae/Anopheles gambiae kisumu/Huawei866C,noise|background_unresolved,b0947e8da416422bdf25e7984e403c8325f048e823c9fac3a1557e9d53bb3924,127120,8000.0,1.0,7.94,PCM_16,.wav,exact_duplicate
data/raw/Anopheles gambiae/Anopheles gambiae kisumu/Huawei866C/Raw/Recording19800215_005_F.amr,dryad,Anopheles gambiae,Anopheles gambiae,Huawei866C,Anopheles gambiae|raw/Anopheles gambiae/Anopheles gambiae kisumu/Huawei866C/Raw,132221f7a58e79d4128e0275bd0e75bb0570625c4710f6cbe8c0edf4108b9045,132221f7a58e79d4128e0275bd0e75bb0570625c4710f6cbe8c0edf4108b9045,3763,,,,,.amr,compressed_original_has_wav
data/raw/Anopheles gambiae/Anopheles gambiae kisumu/Huawei866C/Raw/Recording19800215_006_F.amr,dryad,Anopheles gambiae,Anopheles gambiae,Huawei866C,Anopheles gambiae|raw/Anopheles gambiae/Anopheles gambiae kisumu/Huawei866C/Raw,4cecc34182b01902673c9b1e0c65e8ce21c00e8c508bd32d0578da11a2f09eef,4cecc34182b01902673c9b1e0c65e8ce21c00e8c508bd32d0578da11a2f09eef,7507,,,,,.amr,compressed_original_has_wav
data/raw/Anopheles gambiae/Anopheles gambiae kisumu/Huawei866C/Raw/Recording19800215_007_F.amr,dryad,Anopheles gambiae,Anopheles gambiae,Huawei866C,Anopheles gambiae|raw/Anopheles gambiae/Anopheles gambiae kisumu/Huawei866C/Raw,0f2d4dec44cfbce7ef3b31604040e6c6c447c62c18f017be1aea6d6446b2a100,0f2d4dec44cfbce7ef3b31604040e6c6c447c62c18f017be1aea6d6446b2a100,7754,,,,,.amr,compressed_original_has_wav
data/raw/Anopheles gambiae/Anopheles gambiae kisumu/Huawei866C/Raw/Recording19800215_008_M.amr,dryad,Anopheles gambiae,Anopheles gambiae,Huawei866C,Anopheles gambiae|raw/Anopheles gambiae/Anopheles gambiae kisumu/Huawei866C/Raw,034f1e26db2fae705429f082f828cc47454aef83beb890039d79b9acd71262a4,034f1e26db2fae705429f082f828cc47454aef83beb890039d79b9acd71262a4,2931,,,,,.amr,compressed_original_has_wav
data/raw/Anopheles gambiae/Anopheles gambiae kisumu/Huawei866C/Raw/Recording19800215_009_F.amr,dryad,Anopheles gambiae,Anopheles gambiae,Huawei866C,Anopheles gambiae|raw/Anopheles gambiae/Anopheles gambiae kisumu/Huawei866C/Raw,2185e2b3f6b07acf49bf4052414e81cca05952b19d3fb1ed867dc3fffd122d4d,2185e2b3f6b07acf49bf4052414e81cca05952b19d3fb1ed867dc3fffd122d4d,12330,,,,,.amr,compressed_original_has_wav
data/raw/Anopheles gambiae/Anopheles gambiae kisumu/Huawei866C/Raw/Recording19800215_010_MF.amr,dryad,Anopheles gambiae,Anopheles gambiae,Huawei866C,Anopheles gambiae|raw/Anopheles gambiae/Anopheles gambiae kisumu/Huawei866C/Raw,9f0e6ec92ef4f73efd6ce482b1e2302c425bc4c38ce2b512287c8865cd45abe9,9f0e6ec92ef4f73efd6ce482b1e2302c425bc4c38ce2b512287c8865cd45abe9,9496,,,,,.amr,compressed_original_has_wav
data/raw/Anopheles gambiae/Anopheles gambiae kisumu/Huawei866C/Raw/Recording19800215_011_F.amr,dryad,Anopheles gambiae,Anopheles gambiae,Huawei866C,Anopheles gambiae|raw/Anopheles gambiae/Anopheles gambiae kisumu/Huawei866C/Raw,c3a049f5f29a2bf9988ab0777dd05d16e74d688fc169e39039316f5933e86150,c3a049f5f29a2bf9988ab0777dd05d16e74d688fc169e39039316f5933e86150,8755,,,,,.amr,compressed_original_has_wav
data/raw/Anopheles gambiae/Anopheles gambiae kisumu/Huawei866C/Raw/Recording19800215_012_M.amr,dryad,Anopheles gambiae,Anopheles gambiae,Huawei866C,Anopheles gambiae|raw/Anopheles gambiae/Anopheles gambiae kisumu/Huawei866C/Raw,86881e7ae376f9a5f1fba38549b254349fefc98ab228cf1e459fae922a1a192b,86881e7ae376f9a5f1fba38549b254349fefc98ab228cf1e459fae922a1a192b,6415,,,,,.amr,compressed_original_has_wav
data/raw/Anopheles gambiae/Anopheles gambiae kisumu/Huawei866C/Raw/Recording19800215_013_F.amr,dryad,Anopheles gambiae,Anopheles gambiae,Huawei866C,Anopheles gambiae|raw/Anopheles gambiae/Anopheles gambiae kisumu/Huawei866C/Raw,ed043af779f0f3e1591c33da9f6dd8d225cb3ae19b0801d7686cfe48fc3bd779,ed043af779f0f3e1591c33da9f6dd8d225cb3ae19b0801d7686cfe48fc3bd779,13487,,,,,.amr,compressed_original_has_wav
data/raw/Anopheles gambiae/Anopheles gambiae kisumu/Huawei866C/Raw/Recording19800215_014_F.amr,dryad,Anopheles gambiae,Anopheles gambiae,Huawei866C,Anopheles gambiae|raw/Anopheles gambiae/Anopheles gambiae kisumu/Huawei866C/Raw,0d0ba45385e9e69881e44f1433bb144af244c1eba4caf4fc488491c3691353e5,0d0ba45385e9e69881e44f1433bb144af244c1eba4caf4fc488491c3691353e5,16737,,,,,.amr,compressed_original_has_wav
data/raw/Anopheles gambiae/Anopheles gambiae kisumu/Huawei866C/Raw/Recording19800215_015_F.amr,dryad,Anopheles gambiae,Anopheles gambiae,Huawei866C,Anopheles gambiae|raw/Anopheles gambiae/Anopheles gambiae kisumu/Huawei866C/Raw,72a3f760124b53392bd7eb67ec8734717eecf07d6cb0759b466aaab75fc86db4,72a3f760124b53392bd7eb67ec8734717eecf07d6cb0759b466aaab75fc86db4,12499,,,,,.amr,compressed_original_has_wav
data/raw/Anopheles gambiae/Anopheles gambiae kisumu/Huawei866C/Raw/Recording19800215_016_M.amr,dryad,Anopheles gambiae,Anopheles gambiae,Huawei866C,Anopheles gambiae|raw/Anopheles gambiae/Anopheles gambiae kisumu/Huawei866C/Raw,3c575e82e1257e5a6a73768f6183f74cde4bea91eb76f83b3dd0cdf4808bdba8,3c575e82e1257e5a6a73768f6183f74cde4bea91eb76f83b3dd0cdf4808bdba8,7338,,,,,.amr,compressed_original_has_wav
data/raw/Anopheles gambiae/Anopheles gambiae kisumu/Huawei866C/Raw/Recording19800215_017_M.amr,dryad,Anopheles gambiae,Anopheles gambiae,Huawei866C,Anopheles gambiae|raw/Anopheles gambiae/Anopheles gambiae kisumu/Huawei866C/Raw,d17553bbb8a0169b820adf4ddb2ed1cbe68a7428e801450830b5034c20360496,d17553bbb8a0169b820adf4ddb2ed1cbe68a7428e801450830b5034c20360496,11823,,,,,.amr,compressed_original_has_wav
data/raw/Anopheles gambiae/Anopheles gambiae kisumu/Huawei866C/Raw/Recording19800215_018_M.amr,dryad,Anopheles gambiae,Anopheles gambiae,Huawei866C,Anopheles gambiae|raw/Anopheles gambiae/Anopheles gambiae kisumu/Huawei866C/Raw,9c69c79e9c3c5c3ea0840aa6bf0b040ffa49af0a7b7b3cdd6aff7238dd56e760,9c69c79e9c3c5c3ea0840aa6bf0b040ffa49af0a7b7b3cdd6aff7238dd56e760,4842,,,,,.amr,compressed_original_has_wav
data/raw/Anopheles gambiae/Anopheles gambiae kisumu/Huawei866C/Raw/Recording19800215_019_MF.amr,dryad,Anopheles gambiae,Anopheles gambiae,Huawei866C,Anopheles gambiae|raw/Anopheles gambiae/Anopheles gambiae kisumu/Huawei866C/Raw,dc5b41db26808915c7603c64531d2a389d2e071672ef805c34f13fd3beea4d5e,dc5b41db26808915c7603c64531d2a389d2e071672ef805c34f13fd3beea4d5e,19480,,,,,.amr,compressed_original_has_wav
data/raw/Anopheles gambiae/Anopheles gambiae kisumu/Huawei866C/Raw/Recording19800215_020_F.amr,dryad,Anopheles gambiae,Anopheles gambiae,Huawei866C,Anopheles gambiae|raw/Anopheles gambiae/Anopheles gambiae kisumu/Huawei866C/Raw,114197a9dff42dc4edd4d5f8fd4848685f55b851c9a936ba1504933e38b9a94e,114197a9dff42dc4edd4d5f8fd4848685f55b851c9a936ba1504933e38b9a94e,20143,,,,,.amr,compressed_original_has_wav
data/raw/Anopheles gambiae/Anopheles gambiae kisumu/Huawei866C/Recording19800215_005_F.wav,dryad,Anopheles gambiae,Anopheles gambiae,Huawei866C,Anopheles gambiae|raw/Anopheles gambiae/Anopheles gambiae kisumu/Huawei866C,3be96bf7c50cf0c280fdd635197bf7d27696957dcc5ca2a382311a533ca59cf2,3be96bf7c50cf0c280fdd635197bf7d27696957dcc5ca2a382311a533ca59cf2,92560,8000.0,1.0,5.78,PCM_16,.wav,
data/raw/Anopheles gambiae/Anopheles gambiae kisumu/Huawei866C/Recording19800215_006_F.wav,dryad,Anopheles gambiae,Anopheles gambiae,Huawei866C,Anopheles gambiae|raw/Anopheles gambiae/Anopheles gambiae kisumu/Huawei866C,8716a3053f9efdb60093494b40523308d5ec46338f871978019d2a5a111dd19f,8716a3053f9efdb60093494b40523308d5ec46338f871978019d2a5a111dd19f,184720,8000.0,1.0,11.54,PCM_16,.wav,
data/raw/Anopheles gambiae/Anopheles gambiae kisumu/Huawei866C/Recording19800215_007_F.wav,dryad,Anopheles gambiae,Anopheles gambiae,Huawei866C,Anopheles gambiae|raw/Anopheles gambiae/Anopheles gambiae kisumu/Huawei866C,a6f9678c1b934e8cf229fa8da74188eb4c2e35538c1c351dae1f3d880948594d,a6f9678c1b934e8cf229fa8da74188eb4c2e35538c1c351dae1f3d880948594d,190800,8000.0,1.0,11.92,PCM_16,.wav,
data/raw/Anopheles gambiae/Anopheles gambiae kisumu/Huawei866C/Recording19800215_008_M.wav,dryad,Anopheles gambiae,Anopheles gambiae,Huawei866C,Anopheles gambiae|raw/Anopheles gambiae/Anopheles gambiae kisumu/Huawei866C,e2a456d033fdbb0c03f0168f58a3813e2ed70eb69f9eea54c83d0d1ae3c490e6,e2a456d033fdbb0c03f0168f58a3813e2ed70eb69f9eea54c83d0d1ae3c490e6,72080,8000.0,1.0,4.5,PCM_16,.wav,
data/raw/Anopheles gambiae/Anopheles gambiae kisumu/Huawei866C/Recording19800215_009_F.wav,dryad,Anopheles gambiae,Anopheles gambiae,Huawei866C,Anopheles gambiae|raw/Anopheles gambiae/Anopheles gambiae kisumu/Huawei866C,eb702c923f80fe5427fcc955fe322d397aa7712288a9f146ec6c1a6ed4ca51bf,eb702c923f80fe5427fcc955fe322d397aa7712288a9f146ec6c1a6ed4ca51bf,303440,8000.0,1.0,18.96,PCM_16,.wav,
data/raw/Anopheles gambiae/Anopheles gambiae kisumu/Huawei866C/Recording19800215_010_MF.wav,dryad,Anopheles gambiae,Anopheles gambiae,Huawei866C,Anopheles gambiae|raw/Anopheles gambiae/Anopheles gambiae kisumu/Huawei866C,98d0bfe71e2ff223b451bf8b379086acbf5a7b8569c6f9970e0a288db7eae250,98d0bfe71e2ff223b451bf8b379086acbf5a7b8569c6f9970e0a288db7eae250,233680,8000.0,1.0,14.6,PCM_16,.wav,
data/raw/Anopheles gambiae/Anopheles gambiae kisumu/Huawei866C/Recording19800215_011_F.wav,dryad,Anopheles gambiae,Anopheles gambiae,Huawei866C,Anopheles gambiae|raw/Anopheles gambiae/Anopheles gambiae kisumu/Huawei866C,07a809f53698fe774c3b30b84a602a88a6c72aac911d90d44777fcd93830563a,07a809f53698fe774c3b30b84a602a88a6c72aac911d90d44777fcd93830563a,215440,8000.0,1.0,13.46,PCM_16,.wav,
data/raw/Anopheles gambiae/Anopheles gambiae kisumu/Huawei866C/Recording19800215_012_M.wav,dryad,Anopheles gambiae,Anopheles gambiae,Huawei866C,Anopheles gambiae|raw/Anopheles gambiae/Anopheles gambiae kisumu/Huawei866C,5c6f8943c32d6b931dfd1a3ccbd9ded17894beb1d110595fad07521462a1d6eb,5c6f8943c32d6b931dfd1a3ccbd9ded17894beb1d110595fad07521462a1d6eb,157840,8000.0,1.0,9.86,PCM_16,.wav,
data/raw/Anopheles gambiae/Anopheles gambiae kisumu/Huawei866C/Recording19800215_013_F.wav,dryad,Anopheles gambiae,Anopheles gambiae,Huawei866C,Anopheles gambiae|raw/Anopheles gambiae/Anopheles gambiae kisumu/Huawei866C,84b13f67a7fbdbc50155a1ffb912dd2ccb2d6f713be49e4c60e370c1f99428f0,84b13f67a7fbdbc50155a1ffb912dd2ccb2d6f713be49e4c60e370c1f99428f0,331920,8000.0,1.0,20.74,PCM_16,.wav,
data/raw/Anopheles gambiae/Anopheles gambiae kisumu/Huawei866C/Recording19800215_014_F.wav,dryad,Anopheles gambiae,Anopheles gambiae,Huawei866C,Anopheles gambiae|raw/Anopheles gambiae/Anopheles gambiae kisumu/Huawei866C,830494ca172af884e890db18c10fc799c641760f99c1af6b1f9cc123c8637a2d,830494ca172af884e890db18c10fc799c641760f99c1af6b1f9cc123c8637a2d,411920,8000.0,1.0,25.74,PCM_16,.wav,
data/raw/Anopheles gambiae/Anopheles gambiae kisumu/Huawei866C/Recording19800215_015_F.wav,dryad,Anopheles gambiae,Anopheles gambiae,Huawei866C,Anopheles gambiae|raw/Anopheles gambiae/Anopheles gambiae kisumu/Huawei866C,93139a723a87939528a03019acaa70c1f5aa67a64dbced403bf9d6e382701080,93139a723a87939528a03019acaa70c1f5aa67a64dbced403bf9d6e382701080,307600,8000.0,1.0,19.22,PCM_16,.wav,
data/raw/Anopheles gambiae/Anopheles gambiae kisumu/Huawei866C/Recording19800215_016_M.wav,dryad,Anopheles gambiae,Anopheles gambiae,Huawei866C,Anopheles gambiae|raw/Anopheles gambiae/Anopheles gambiae kisumu/Huawei866C,2cc973deb4da9154e1b19a4dfc941fd9df0410c438ef316daa04603f5b0d19cb,2cc973deb4da9154e1b19a4dfc941fd9df0410c438ef316daa04603f5b0d19cb,180560,8000.0,1.0,11.28,PCM_16,.wav,
data/raw/Anopheles gambiae/Anopheles gambiae kisumu/Huawei866C/Recording19800215_017_M.wav,dryad,Anopheles gambiae,Anopheles gambiae,Huawei866C,Anopheles gambiae|raw/Anopheles gambiae/Anopheles gambiae kisumu/Huawei866C,8670767f381c0300cb801c624bfad554bd6be3fe19833f873f0074bce3f4c2ca,8670767f381c0300cb801c624bfad554bd6be3fe19833f873f0074bce3f4c2ca,290960,8000.0,1.0,18.18,PCM_16,.wav,
data/raw/Anopheles gambiae/Anopheles gambiae kisumu/Huawei866C/Recording19800215_018_M.wav,dryad,Anopheles gambiae,Anopheles gambiae,Huawei866C,Anopheles gambiae|raw/Anopheles gambiae/Anopheles gambiae kisumu/Huawei866C,2d22eabe32e9a39fff8e351d9c7a8ca4471c21222fe105d77dbceec67205f201,2d22eabe32e9a39fff8e351d9c7a8ca4471c21222fe105d77dbceec67205f201,119120,8000.0,1.0,7.44,PCM_16,.wav,
data/raw/Anopheles gambiae/Anopheles gambiae kisumu/Huawei866C/Recording19800215_019_MF.wav,dryad,Anopheles gambiae,Anopheles gambiae,Huawei866C,Anopheles gambiae|raw/Anopheles gambiae/Anopheles gambiae kisumu/Huawei866C,e38c1ac26db727b35596d8e54787addcd54bae67dace6021cbab4f80327e02aa,e38c1ac26db727b35596d8e54787addcd54bae67dace6021cbab4f80327e02aa,479440,8000.0,1.0,29.96,PCM_16,.wav,
data/raw/Anopheles gambiae/Anopheles gambiae kisumu/Huawei866C/Recording19800215_020_F.wav,dryad,Anopheles gambiae,Anopheles gambiae,Huawei866C,Anopheles gambiae|raw/Anopheles gambiae/Anopheles gambiae kisumu/Huawei866C,ea3659528842dfa23ef69b5728bc07c9490f532abf5fb7f3efe8c4639eb57319,ea3659528842dfa23ef69b5728bc07c9490f532abf5fb7f3efe8c4639eb57319,495760,8000.0,1.0,30.98,PCM_16,.wav,
data/raw/Anopheles gambiae/Anopheles gambiae kisumu/Nokia5235/Background.wav,dryad,Anopheles gambiae,noise,Nokia5235,Anopheles gambiae|raw/Anopheles gambiae/Anopheles gambiae kisumu/Nokia5235,noise|background_unresolved,3761f3486e37fca204107f60f9097fa434f52159b371d1e19316961cbba7e362,1827884,44100.0,1.0,20.723809523809525,PCM_16,.wav,exact_duplicate
data/raw/Anopheles gambiae/Anopheles gambiae kisumu/Nokia5235/Sound clip 146 ag1ft.mp4,dryad,Anopheles gambiae,Anopheles gambiae,Nokia5235,Anopheles gambiae|raw/Anopheles gambiae/Anopheles gambiae kisumu/Nokia5235,3d68ef1319433f0ec274e4f4e05330035278b7e8893f826cac686537b13b5e64,3d68ef1319433f0ec274e4f4e05330035278b7e8893f826cac686537b13b5e64,200433,48000.0,1.0,23.829333,aac,.mp4,
data/raw/Anopheles gambiae/Anopheles gambiae kisumu/Nokia5235/Sound clip 147 ag1ft.mp4,dryad,Anopheles gambiae,Anopheles gambiae,Nokia5235,Anopheles gambiae|raw/Anopheles gambiae/Anopheles gambiae kisumu/Nokia5235,8619890031858274619ed9af6dc20843866c87cd0daa726217c9c3962927e2f9,8619890031858274619ed9af6dc20843866c87cd0daa726217c9c3962927e2f9,285512,48000.0,1.0,33.984,aac,.mp4,
data/raw/Anopheles gambiae/Anopheles gambiae kisumu/Nokia5235/Sound clip 148 agmix.mp4,dryad,Anopheles gambiae,Anopheles gambiae,Nokia5235,Anopheles gambiae|raw/Anopheles gambiae/Anopheles gambiae kisumu/Nokia5235,5016cb8a9c67e776fd4892ec2c8cd9a67c5bc01c4f020ab585bc2b70195e087c,5016cb8a9c67e776fd4892ec2c8cd9a67c5bc01c4f020ab585bc2b70195e087c,329093,48000.0,1.0,39.189333,aac,.mp4,
data/raw/Anopheles gambiae/Anopheles gambiae kisumu/Nokia5235/Sound clip 149 agmix.mp4,dryad,Anopheles gambiae,Anopheles gambiae,Nokia5235,Anopheles gambiae|raw/Anopheles gambiae/Anopheles gambiae kisumu/Nokia5235,5b7dd801ba0d4e30a014aae86724e5fc7a6dbacf24280ead54b0af9750ec87b0,5b7dd801ba0d4e30a014aae86724e5fc7a6dbacf24280ead54b0af9750ec87b0,534181,48000.0,1.0,63.68,aac,.mp4,
data/raw/Anopheles gambiae/Anopheles gambiae kisumu/Nokia5235/Sound clip 150 agmix.mp4,dryad,Anopheles gambiae,Anopheles gambiae,Nokia5235,Anopheles gambiae|raw/Anopheles gambiae/Anopheles gambiae kisumu/Nokia5235,9bc63a79fc617424cba082c0e086e639a5b4c4106e4f6014c7df5c65d591ff65,9bc63a79fc617424cba082c0e086e639a5b4c4106e4f6014c7df5c65d591ff65,426255,48000.0,1.0,50.794667,aac,.mp4,
data/raw/Anopheles gambiae/Anopheles gambiae kisumu/Nokia6555B/Audio000.wav,dryad,Anopheles gambiae,Anopheles gambiae,Nokia6555B,Anopheles gambiae|raw/Anopheles gambiae/Anopheles gambiae kisumu/Nokia6555B,ad05d88a19b370a7638dd904c0770a0bd10c4e0801b487ec0f43eb41dc9a2652,ad05d88a19b370a7638dd904c0770a0bd10c4e0801b487ec0f43eb41dc9a2652,166480,8000.0,1.0,10.4,PCM_16,.wav,
data/raw/Anopheles gambiae/Anopheles gambiae kisumu/Nokia6555B/Audio001.wav,dryad,Anopheles gambiae,Anopheles gambiae,Nokia6555B,Anopheles gambiae|raw/Anopheles gambiae/Anopheles gambiae kisumu/Nokia6555B,cd7aacc5363a271a75194255e97d19c466aff9dd3d8dac87ec61c8fec36b1c17,cd7aacc5363a271a75194255e97d19c466aff9dd3d8dac87ec61c8fec36b1c17,445520,8000.0,1.0,27.84,PCM_16,.wav,
data/raw/Anopheles gambiae/Anopheles gambiae kisumu/Nokia6555B/Audio002.wav,dryad,Anopheles gambiae,Anopheles gambiae,Nokia6555B,Anopheles gambiae|raw/Anopheles gambiae/Anopheles gambiae kisumu/Nokia6555B,e3e1ee5ad74dcd9bab3a7cec7cdfa7b1e839d781575349dd0b6cb96dba2ab75a,e3e1ee5ad74dcd9bab3a7cec7cdfa7b1e839d781575349dd0b6cb96dba2ab75a,765520,8000.0,1.0,47.84,PCM_16,.wav,
data/raw/Anopheles gambiae/Anopheles gambiae kisumu/Nokia6555B/Background.wav,dryad,Anopheles gambiae,noise,Nokia6555B,Anopheles gambiae|raw/Anopheles gambiae/Anopheles gambiae kisumu/Nokia6555B,noise|background_unresolved,3761f3486e37fca204107f60f9097fa434f52159b371d1e19316961cbba7e362,1827884,44100.0,1.0,20.723809523809525,PCM_16,.wav,exact_duplicate
data/raw/Anopheles gambiae/Anopheles gambiae kisumu/Nokia6555B/Raw/Audio000.amr,dryad,Anopheles gambiae,Anopheles gambiae,Nokia6555B,Anopheles gambiae|raw/Anopheles gambiae/Anopheles gambiae kisumu/Nokia6555B/Raw,adbfe5fbf0a0ce24e57781fdd155128ce68f6e26bbc2eec2f2507202de7d58fb,adbfe5fbf0a0ce24e57781fdd155128ce68f6e26bbc2eec2f2507202de7d58fb,16646,,,,,.amr,compressed_original_has_wav
data/raw/Anopheles gambiae/Anopheles gambiae kisumu/Nokia6555B/Raw/Audio001.amr,dryad,Anopheles gambiae,Anopheles gambiae,Nokia6555B,Anopheles gambiae|raw/Anopheles gambiae/Anopheles gambiae kisumu/Nokia6555B/Raw,db557f9438ca06828922c8f758eebb05eb3989263ffc7394188c701f6d84838d,db557f9438ca06828922c8f758eebb05eb3989263ffc7394188c701f6d84838d,44550,,,,,.amr,compressed_original_has_wav
data/raw/Anopheles gambiae/Anopheles gambiae kisumu/Nokia6555B/Raw/Audio002.amr,dryad,Anopheles gambiae,Anopheles gambiae,Nokia6555B,Anopheles gambiae|raw/Anopheles gambiae/Anopheles gambiae kisumu/Nokia6555B/Raw,9207573973027c41d71b93aee1d5399076b3de3241b4f62b271606d8f3d09c46,9207573973027c41d71b93aee1d5399076b3de3241b4f62b271606d8f3d09c46,76550,,,,,.amr,compressed_original_has_wav
data/raw/Anopheles gambiae/Anopheles gambiae kisumu/SamsungT209/Background.wav,dryad,Anopheles gambiae,noise,T209,Anopheles gambiae|raw/Anopheles gambiae/Anopheles gambiae kisumu/SamsungT209,noise|background_unresolved,3761f3486e37fca204107f60f9097fa434f52159b371d1e19316961cbba7e362,1827884,44100.0,1.0,20.723809523809525,PCM_16,.wav,exact_duplicate
data/raw/Anopheles gambiae/Anopheles gambiae kisumu/SamsungT209/Raw/Voice0008.amr,dryad,Anopheles gambiae,Anopheles gambiae,T209,Anopheles gambiae|raw/Anopheles gambiae/Anopheles gambiae kisumu/SamsungT209/Raw,bfc8555e37948113368b8d088f60989a5acb2b5d049f67277c64a97c2079dd02,bfc8555e37948113368b8d088f60989a5acb2b5d049f67277c64a97c2079dd02,10874,,,,,.amr,compressed_original_has_wav
data/raw/Anopheles gambiae/Anopheles gambiae kisumu/SamsungT209/Raw/Voice0009.amr,dryad,Anopheles gambiae,Anopheles gambiae,T209,Anopheles gambiae|raw/Anopheles gambiae/Anopheles gambiae kisumu/SamsungT209/Raw,82a813e71abfe23e5e9f5644894aa5951f53372cf0d9954fcb300fc60a994aff,82a813e71abfe23e5e9f5644894aa5951f53372cf0d9954fcb300fc60a994aff,18427,,,,,.amr,compressed_original_has_wav
data/raw/Anopheles gambiae/Anopheles gambiae kisumu/SamsungT209/Raw/Voice0010.amr,dryad,Anopheles gambiae,Anopheles gambiae,T209,Anopheles gambiae|raw/Anopheles gambiae/Anopheles gambiae kisumu/SamsungT209/Raw,f7e7a6d831b904ee4c890238f8619c55db31ee1b7ff14ad81b7d8aff96c3ef2b,f7e7a6d831b904ee4c890238f8619c55db31ee1b7ff14ad81b7d8aff96c3ef2b,15801,,,,,.amr,compressed_original_has_wav
data/raw/Anopheles gambiae/Anopheles gambiae kisumu/SamsungT209/Raw/Voice0011.amr,dryad,Anopheles gambiae,Anopheles gambiae,T209,Anopheles gambiae|raw/Anopheles gambiae/Anopheles gambiae kisumu/SamsungT209/Raw,36a9d308d5a79c9da7861ab1482d8420e29efa5f14398c075262a7054f94cb2d,36a9d308d5a79c9da7861ab1482d8420e29efa5f14398c075262a7054f94cb2d,22951,,,,,.amr,compressed_original_has_wav
data/raw/Anopheles gambiae/Anopheles gambiae kisumu/SamsungT209/Raw/Voice0012.amr,dryad,Anopheles gambiae,Anopheles gambiae,T209,Anopheles gambiae|raw/Anopheles gambiae/Anopheles gambiae kisumu/SamsungT209/Raw,b6262905c422fcfcdc940b518d02537a3fd06b0efc6d8f949deddeefe5218206,b6262905c422fcfcdc940b518d02537a3fd06b0efc6d8f949deddeefe5218206,39006,,,,,.amr,compressed_original_has_wav
data/raw/Anopheles gambiae/Anopheles gambiae kisumu/SamsungT209/Voice0008.wav,dryad,Anopheles gambiae,Anopheles gambiae,T209,Anopheles gambiae|raw/Anopheles gambiae/Anopheles gambiae kisumu/SamsungT209,8edeeb66857050f4175b773e0e2371efa61f09a07e3b34e745d85b8eee1d0ef4,8edeeb66857050f4175b773e0e2371efa61f09a07e3b34e745d85b8eee1d0ef4,267600,8000.0,1.0,16.72,PCM_16,.wav,
data/raw/Anopheles gambiae/Anopheles gambiae kisumu/SamsungT209/Voice0009.wav,dryad,Anopheles gambiae,Anopheles gambiae,T209,Anopheles gambiae|raw/Anopheles gambiae/Anopheles gambiae kisumu/SamsungT209,d407871883d3843d7449690d4b5749e29d97b2ef0320420af8dcd2dc34b4a326,d407871883d3843d7449690d4b5749e29d97b2ef0320420af8dcd2dc34b4a326,453520,8000.0,1.0,28.34,PCM_16,.wav,
data/raw/Anopheles gambiae/Anopheles gambiae kisumu/SamsungT209/Voice0010.wav,dryad,Anopheles gambiae,Anopheles gambiae,T209,Anopheles gambiae|raw/Anopheles gambiae/Anopheles gambiae kisumu/SamsungT209,e093f462321d4d4eec666d5a98d9d8e2a9a90e03c4949b348bc1a327ded643cb,e093f462321d4d4eec666d5a98d9d8e2a9a90e03c4949b348bc1a327ded643cb,388880,8000.0,1.0,24.3,PCM_16,.wav,
data/raw/Anopheles gambiae/Anopheles gambiae kisumu/SamsungT209/Voice0011.wav,dryad,Anopheles gambiae,Anopheles gambiae,T209,Anopheles gambiae|raw/Anopheles gambiae/Anopheles gambiae kisumu/SamsungT209,6973b49d7b8973222a23a3d7eeb42d5645d25bbbeefac81afd824e54c4a011c3,6973b49d7b8973222a23a3d7eeb42d5645d25bbbeefac81afd824e54c4a011c3,564880,8000.0,1.0,35.3,PCM_16,.wav,
data/raw/Anopheles gambiae/Anopheles gambiae kisumu/SamsungT209/Voice0012.wav,dryad,Anopheles gambiae,Anopheles gambiae,T209,Anopheles gambiae|raw/Anopheles gambiae/Anopheles gambiae kisumu/SamsungT209,ab3ddf927edc452484e5ea0c399a142a997ab971e16c60ee15336c01829138ad,ab3ddf927edc452484e5ea0c399a142a997ab971e16c60ee15336c01829138ad,960080,8000.0,1.0,60.0,PCM_16,.wav,
data/raw/Anopheles gambiae/Anopheles gambiae kisumu/SonyXperia/03-02-2016-113334 ag1mt.wav,dryad,Anopheles gambiae,Anopheles gambiae,Xperia,Anopheles gambiae|raw/Anopheles gambiae/Anopheles gambiae kisumu/SonyXperia,9d9325153106a9d59cbe4667637f8f8204142054260e1495ee10f3445029f2ec,9d9325153106a9d59cbe4667637f8f8204142054260e1495ee10f3445029f2ec,2257964,44100.0,1.0,25.6,PCM_16,.wav,
data/raw/Anopheles gambiae/Anopheles gambiae kisumu/SonyXperia/03-02-2016-113427 ag1mt.wav,dryad,Anopheles gambiae,Anopheles gambiae,Xperia,Anopheles gambiae|raw/Anopheles gambiae/Anopheles gambiae kisumu/SonyXperia,8e6545244c3920a8894ffe845bb991a3c04c5c285a8017cd4e0c4cd989d636a1,8e6545244c3920a8894ffe845bb991a3c04c5c285a8017cd4e0c4cd989d636a1,2150444,44100.0,1.0,24.38095238095238,PCM_16,.wav,
data/raw/Anopheles gambiae/Anopheles gambiae kisumu/SonyXperia/03-02-2016-113635 ag1mt .wav,dryad,Anopheles gambiae,Anopheles gambiae,Xperia,Anopheles gambiae|raw/Anopheles gambiae/Anopheles gambiae kisumu/SonyXperia,e690dec6c287b31c595787d61359008b5eedab08f15b677dcac977137148f985,e690dec6c287b31c595787d61359008b5eedab08f15b677dcac977137148f985,2365484,44100.0,1.0,26.81904761904762,PCM_16,.wav,
data/raw/Anopheles gambiae/Anopheles gambiae kisumu/SonyXperia/03-02-2016-113928 ag1ft.wav,dryad,Anopheles gambiae,Anopheles gambiae,Xperia,Anopheles gambiae|raw/Anopheles gambiae/Anopheles gambiae kisumu/SonyXperia,c745954cc9c49d04f884f4bd1960ed7c826a0fea2ff462c8c579b447cc76a65e,c745954cc9c49d04f884f4bd1960ed7c826a0fea2ff462c8c579b447cc76a65e,1720364,44100.0,1.0,19.504761904761907,PCM_16,.wav,
data/raw/Anopheles gambiae/Anopheles gambiae kisumu/SonyXperia/03-02-2016-114051 ag1ft .wav,dryad,Anopheles gambiae,Anopheles gambiae,Xperia,Anopheles gambiae|raw/Anopheles gambiae/Anopheles gambiae kisumu/SonyXperia,f6db6cd2c21d2a24a50145072c272bde7ea922dd461cd18443fa10e53157ed00,f6db6cd2c21d2a24a50145072c272bde7ea922dd461cd18443fa10e53157ed00,2473004,44100.0,1.0,28.038095238095238,PCM_16,.wav,
data/raw/Anopheles gambiae/Anopheles gambiae kisumu/SonyXperia/03-02-2016-115917 ag1ft .wav,dryad,Anopheles gambiae,Anopheles gambiae,Xperia,Anopheles gambiae|raw/Anopheles gambiae/Anopheles gambiae kisumu/SonyXperia,c1adbf92d8093a9039da55d5df0adc1165eb9f3538772727b1bd5c1b5e63daea,c1adbf92d8093a9039da55d5df0adc1165eb9f3538772727b1bd5c1b5e63daea,2257964,44100.0,1.0,25.6,PCM_16,.wav,
data/raw/Anopheles gambiae/Anopheles gambiae kisumu/SonyXperia/03-02-2016-124107 agmix bugdorm .wav,dryad,Anopheles gambiae,Anopheles gambiae,Xperia,Anopheles gambiae|raw/Anopheles gambiae/Anopheles gambiae kisumu/SonyXperia,24f82827c94b3464fe5457faede513e3a869786db96c41c692fc2bc0fe57e297,24f82827c94b3464fe5457faede513e3a869786db96c41c692fc2bc0fe57e297,3440684,44100.0,1.0,39.00952380952381,PCM_16,.wav,
data/raw/Anopheles gambiae/Anopheles gambiae kisumu/SonyXperia/03-02-2016-124432 agmix bugdorm swarm .wav,dryad,Anopheles gambiae,Anopheles gambiae,Xperia,Anopheles gambiae|raw/Anopheles gambiae/Anopheles gambiae kisumu/SonyXperia,2770081ea062be874eae21fedbca34c893cb1472b740807d49f992ef79dde19b,2770081ea062be874eae21fedbca34c893cb1472b740807d49f992ef79dde19b,3118124,44100.0,1.0,35.352380952380955,PCM_16,.wav,
data/raw/Anopheles gambiae/Anopheles gambiae kisumu/SonyXperia/Background.wav,dryad,Anopheles gambiae,noise,Xperia,Anopheles gambiae|raw/Anopheles gambiae/Anopheles gambiae kisumu/SonyXperia,noise|background_unresolved,3761f3486e37fca204107f60f9097fa434f52159b371d1e19316961cbba7e362,1827884,44100.0,1.0,20.723809523809525,PCM_16,.wav,exact_duplicate
data/raw/Anopheles gambiae/Anopheles gambiae kisumu/iPhone4S/20160302 114652AgamF.wav,dryad,Anopheles gambiae,Anopheles gambiae,iPhone4S,Anopheles gambiae|raw/Anopheles gambiae/Anopheles gambiae kisumu/iPhone4S,94719f1c9e18aaaf6ae85553e6246276ce77f1106fa3f1d4216089ea7dbf5dc9,94719f1c9e18aaaf6ae85553e6246276ce77f1106fa3f1d4216089ea7dbf5dc9,1077234,44100.0,1.0,12.212244897959184,PCM_16,.wav,
data/raw/Anopheles gambiae/Anopheles gambiae kisumu/iPhone4S/20160302 115033AgamF.wav,dryad,Anopheles gambiae,Anopheles gambiae,iPhone4S,Anopheles gambiae|raw/Anopheles gambiae/Anopheles gambiae kisumu/iPhone4S,a430eb4a13cc64d201cb162a5a2dcfa842334be6b4be03754aba9f42764f0158,a430eb4a13cc64d201cb162a5a2dcfa842334be6b4be03754aba9f42764f0158,1632242,44100.0,1.0,18.50485260770975,PCM_16,.wav,
data/raw/Anopheles gambiae/Anopheles gambiae kisumu/iPhone4S/20160302_114652AgamF.wav,dryad,Anopheles gambiae,Anopheles gambiae,iPhone4S,Anopheles gambiae|raw/Anopheles gambiae/Anopheles gambiae kisumu/iPhone4S,37c16b34b22cc283ab8b09171ea5be896d2b4dd5fe7dfa4036eb3ff5e3d84701,37c16b34b22cc283ab8b09171ea5be896d2b4dd5fe7dfa4036eb3ff5e3d84701,1077232,44100.0,1.0,12.212244897959184,PCM_16,.wav,
data/raw/Anopheles gambiae/Anopheles gambiae kisumu/iPhone4S/Background.wav,dryad,Anopheles gambiae,noise,iPhone4S,Anopheles gambiae|raw/Anopheles gambiae/Anopheles gambiae kisumu/iPhone4S,noise|background_unresolved,3761f3486e37fca204107f60f9097fa434f52159b371d1e19316961cbba7e362,1827884,44100.0,1.0,20.723809523809525,PCM_16,.wav,exact_duplicate
data/raw/Anopheles gambiae/Anopheles gambiae kisumu/iPhone4S/Raw/20160302 113600AgamFThet.m4a,dryad,Anopheles gambiae,Anopheles gambiae,iPhone4S,Anopheles gambiae|raw/Anopheles gambiae/Anopheles gambiae kisumu/iPhone4S/Raw,0d61fcf7b324e1c340e8c9098b650d9063b366a7d90c6639c3d0ad50506ea4d3,0d61fcf7b324e1c340e8c9098b650d9063b366a7d90c6639c3d0ad50506ea4d3,127940,44100.0,1.0,15.719909,aac,.m4a,
data/raw/Anopheles gambiae/Anopheles gambiae kisumu/iPhone4S/Raw/20160302 114300AgamM.m4a,dryad,Anopheles gambiae,Anopheles gambiae,iPhone4S,Anopheles gambiae|raw/Anopheles gambiae/Anopheles gambiae kisumu/iPhone4S/Raw,15e149dee8b920ddf5e766ab6759f6749f7bb621d710d0d7fc2b05bcba5b1ebe,15e149dee8b920ddf5e766ab6759f6749f7bb621d710d0d7fc2b05bcba5b1ebe,43601,44100.0,1.0,5.22449,aac,.m4a,
data/raw/Anopheles gambiae/Anopheles gambiae kisumu/iPhone4S/Raw/20160302 114342AgamF.m4a,dryad,Anopheles gambiae,Anopheles gambiae,iPhone4S,Anopheles gambiae|raw/Anopheles gambiae/Anopheles gambiae kisumu/iPhone4S/Raw,910a1326c87f7f60a6d9746311ab8dc622347ec63e36e57607bb31122db61aad,910a1326c87f7f60a6d9746311ab8dc622347ec63e36e57607bb31122db61aad,77396,44100.0,1.0,9.613061,aac,.m4a,
data/raw/Anopheles gambiae/Anopheles gambiae kisumu/iPhone4S/Raw/20160302 114505AgamF.m4a,dryad,Anopheles gambiae,Anopheles gambiae,iPhone4S,Anopheles gambiae|raw/Anopheles gambiae/Anopheles gambiae kisumu/iPhone4S/Raw,ae5883283eeb4a14ae5b0c76c31d3e8585ca8e8a236d31922aa18ae408f5ebea,ae5883283eeb4a14ae5b0c76c31d3e8585ca8e8a236d31922aa18ae408f5ebea,77942,44100.0,1.0,9.752381,aac,.m4a,
data/raw/Anopheles gambiae/Anopheles gambiae kisumu/iPhone4S/Raw/20160302 114604AgamM.m4a,dryad,Anopheles gambiae,Anopheles gambiae,iPhone4S,Anopheles gambiae|raw/Anopheles gambiae/Anopheles gambiae kisumu/iPhone4S/Raw,5df9d809be8156afa6a216a6ceb43bf285ee91f07ccce767f0026e66865978e2,5df9d809be8156afa6a216a6ceb43bf285ee91f07ccce767f0026e66865978e2,22461,44100.0,1.0,2.693515,aac,.m4a,
data/raw/Anopheles gambiae/Anopheles gambiae kisumu/iPhone4S/Raw/20160302 114652AgamF.m4a,dryad,Anopheles gambiae,Anopheles gambiae,iPhone4S,Anopheles gambiae|raw/Anopheles gambiae/Anopheles gambiae kisumu/iPhone4S/Raw,54d1ec9da90a02b169e87c8c7f954c8fa26810cf10349fe6254dc557da9b61ee,54d1ec9da90a02b169e87c8c7f954c8fa26810cf10349fe6254dc557da9b61ee,98593,,,,,.m4a,compressed_original_has_wav
data/raw/Anopheles gambiae/Anopheles gambiae kisumu/iPhone4S/Raw/20160302 114921AgamF.m4a,dryad,Anopheles gambiae,Anopheles gambiae,iPhone4S,Anopheles gambiae|raw/Anopheles gambiae/Anopheles gambiae kisumu/iPhone4S/Raw,76f86d0f11424afc62ed16226912fabedfc2ff727cbeee6a52f1b179b9c3bae2,76f86d0f11424afc62ed16226912fabedfc2ff727cbeee6a52f1b179b9c3bae2,71601,44100.0,1.0,8.893243,aac,.m4a,
data/raw/Anopheles gambiae/Anopheles gambiae kisumu/iPhone4S/Raw/20160302 115033AgamF.m4a,dryad,Anopheles gambiae,Anopheles gambiae,iPhone4S,Anopheles gambiae|raw/Anopheles gambiae/Anopheles gambiae kisumu/iPhone4S/Raw,44e4596f82e5b1c2f407d97468cd4c0d07e086f975233daaeedb11d9ff3b76ed,44e4596f82e5b1c2f407d97468cd4c0d07e086f975233daaeedb11d9ff3b76ed,149042,,,,,.m4a,compressed_original_has_wav
data/raw/Anopheles gambiae/Anopheles gambiae kisumu/iPhone4S/Raw/20160302 115120AgamF.m4a,dryad,Anopheles gambiae,Anopheles gambiae,iPhone4S,Anopheles gambiae|raw/Anopheles gambiae/Anopheles gambiae kisumu/iPhone4S/Raw,9757b70a17b9b48b89f28b401599830a890193de0df97f8c4241ac9c282d7f30,9757b70a17b9b48b89f28b401599830a890193de0df97f8c4241ac9c282d7f30,57838,44100.0,1.0,7.082086,aac,.m4a,
data/raw/Anopheles gambiae/Anopheles gambiae kisumu/iPhone4S/Raw/20160302 115227AgamF.m4a,dryad,Anopheles gambiae,Anopheles gambiae,iPhone4S,Anopheles gambiae|raw/Anopheles gambiae/Anopheles gambiae kisumu/iPhone4S/Raw,9e1d89803405af0428fde4e8660a4227da66adb09a06673d584ed6182660751c,9e1d89803405af0428fde4e8660a4227da66adb09a06673d584ed6182660751c,29118,44100.0,1.0,3.506213,aac,.m4a,
data/raw/Anopheles gambiae/Anopheles gambiae kisumu/iPhone4S/Raw/20160302 115315AgamM.m4a,dryad,Anopheles gambiae,Anopheles gambiae,iPhone4S,Anopheles gambiae|raw/Anopheles gambiae/Anopheles gambiae kisumu/iPhone4S/Raw,a090e68424358a47c8ca73401c3a0a54497ba4bc6463d12b89651fa34a8d3d30,a090e68424358a47c8ca73401c3a0a54497ba4bc6463d12b89651fa34a8d3d30,76862,44100.0,1.0,9.613061,aac,.m4a,
data/raw/Anopheles gambiae/Anopheles gambiae kisumu/iPhone4S/Raw/20160302 115346.m4a,dryad,Anopheles gambiae,Anopheles gambiae,iPhone4S,Anopheles gambiae|raw/Anopheles gambiae/Anopheles gambiae kisumu/iPhone4S/Raw,939676357b82f0db7cd715ea61a98d4605b4e00d7ee2bd9dbee5ae4a05049d41,939676357b82f0db7cd715ea61a98d4605b4e00d7ee2bd9dbee5ae4a05049d41,191519,44100.0,1.0,23.730794,aac,.m4a,
data/raw/Anopheles gambiae/Anopheles gambiae kisumu/iPhone4S/Raw/20160302 115438.m4a,dryad,Anopheles gambiae,Anopheles gambiae,iPhone4S,Anopheles gambiae|raw/Anopheles gambiae/Anopheles gambiae kisumu/iPhone4S/Raw,b663b34a4df195c176cccd711d155802cbbf6fcc1c27e867213cdae304d7a143,b663b34a4df195c176cccd711d155802cbbf6fcc1c27e867213cdae304d7a143,137512,44100.0,1.0,17.113107,aac,.m4a,
data/raw/Anopheles gambiae/Anopheles gambiae kisumu/iPhone4S/Raw/20160302 115601AgamM.m4a,dryad,Anopheles gambiae,Anopheles gambiae,iPhone4S,Anopheles gambiae|raw/Anopheles gambiae/Anopheles gambiae kisumu/iPhone4S/Raw,7017687ea7702d1399bccb3fa80d15c1771204c440771adab911494c1c75d6eb,7017687ea7702d1399bccb3fa80d15c1771204c440771adab911494c1c75d6eb,109278,44100.0,1.0,13.490794,aac,.m4a,
data/raw/Anopheles gambiae/Anopheles gambiae kisumu/iPhone6/Ag Mix Cage 1.m4a,dryad,Anopheles gambiae,Anopheles gambiae,iPhone6,Anopheles gambiae|raw/Anopheles gambiae/Anopheles gambiae kisumu/iPhone6,8423426435953262839175de6a724cb6f358abcd88ce57db6540633c55857449,8423426435953262839175de6a724cb6f358abcd88ce57db6540633c55857449,1008629,44100.0,1.0,38.011066,aac,.m4a,
data/raw/Anopheles gambiae/Anopheles gambiae kisumu/iPhone6/Background.wav,dryad,Anopheles gambiae,noise,iPhone6,Anopheles gambiae|raw/Anopheles gambiae/Anopheles gambiae kisumu/iPhone6,noise|background_unresolved,3761f3486e37fca204107f60f9097fa434f52159b371d1e19316961cbba7e362,1827884,44100.0,1.0,20.723809523809525,PCM_16,.wav,exact_duplicate
data/raw/Anopheles gambiae/Anopheles gambiae rsp/CDC_Nexus/rsp.wav,dryad,Anopheles gambiae,Anopheles gambiae,Nexus,Anopheles gambiae|raw/Anopheles gambiae/Anopheles gambiae rsp/CDC_Nexus,34aceb284e4f5d726e30c9cf1c26d9bbd8a5f213a02d7e098b221f629f23de3b,34aceb284e4f5d726e30c9cf1c26d9bbd8a5f213a02d7e098b221f629f23de3b,22333484,44100.0,1.0,253.1439455782313,PCM_16,.wav,
data/raw/Anopheles gambiae/Anopheles gambiae rsp/CDC_Xperia/11-18-2016-145016 rsp f.wav,dryad,Anopheles gambiae,Anopheles gambiae,Xperia,Anopheles gambiae|raw/Anopheles gambiae/Anopheles gambiae rsp/CDC_Xperia,1a6d38788b502b5893e57a1639636529b7f420aad35057af78e63c87a155f451,1a6d38788b502b5893e57a1639636529b7f420aad35057af78e63c87a155f451,27740204,44100.0,1.0,314.51428571428573,PCM_16,.wav,
data/raw/Anopheles merus/Anopheles merus/Voice0151 maff.wav,dryad,Anopheles merus,Anopheles merus,unknown,Anopheles merus|raw/Anopheles merus/Anopheles merus,a80b54eb0a4d0019e7ecb80fde910d8dd6476f6c8672165e602e383a34529622,a80b54eb0a4d0019e7ecb80fde910d8dd6476f6c8672165e602e383a34529622,960080,8000.0,1.0,60.0,PCM_16,.wav,
data/raw/Anopheles merus/Anopheles merus/Voice0152.wav,dryad,Anopheles merus,Anopheles merus,unknown,Anopheles merus|raw/Anopheles merus/Anopheles merus,2f08abf6741eda758683d41e1ed05fc5ba5c7e08b1e27884879ef73d3ea3d9ad,2f08abf6741eda758683d41e1ed05fc5ba5c7e08b1e27884879ef73d3ea3d9ad,960080,8000.0,1.0,60.0,PCM_16,.wav,
data/raw/Anopheles merus/Anopheles merus/Voice0153.wav,dryad,Anopheles merus,Anopheles merus,unknown,Anopheles merus|raw/Anopheles merus/Anopheles merus,5244927a2648e9453445ef88e16e9868f9d7b742b214d2d58a587d62e3789605,5244927a2648e9453445ef88e16e9868f9d7b742b214d2d58a587d62e3789605,960080,8000.0,1.0,60.0,PCM_16,.wav,
data/raw/Anopheles merus/Anopheles merus/Voice0154.wav,dryad,Anopheles merus,Anopheles merus,unknown,Anopheles merus|raw/Anopheles merus/Anopheles merus,96bbff53356a7f0979988626f8a22b4d544a1528a9dee496615e8de8027b1c53,96bbff53356a7f0979988626f8a22b4d544a1528a9dee496615e8de8027b1c53,960080,8000.0,1.0,60.0,PCM_16,.wav,
data/raw/Anopheles merus/Anopheles merus/Voice0155 maff.wav,dryad,Anopheles merus,Anopheles merus,unknown,Anopheles merus|raw/Anopheles merus/Anopheles merus,ec0348d719e36cc16cb3fb8e0de639fea01296e0c59a0719e0ac6b11a2937a8a,ec0348d719e36cc16cb3fb8e0de639fea01296e0c59a0719e0ac6b11a2937a8a,960080,8000.0,1.0,60.0,PCM_16,.wav,
data/raw/Anopheles minimus/Anopheles minimus/GoogleNexus/Background.wav,dryad,Anopheles minimus,noise,Nexus,Anopheles minimus|raw/Anopheles minimus/Anopheles minimus/GoogleNexus,noise|background_unresolved,3761f3486e37fca204107f60f9097fa434f52159b371d1e19316961cbba7e362,1827884,44100.0,1.0,20.723809523809525,PCM_16,.wav,exact_duplicate
data/raw/Anopheles minimus/Anopheles minimus/GoogleNexus/Rec_1980-02-16_13.49.10amin.wav,dryad,Anopheles minimus,Anopheles minimus,Nexus,Anopheles minimus|raw/Anopheles minimus/Anopheles minimus/GoogleNexus,bed7ecf982a50b27c154a9626171361ba5076d85150bbd6107c6275e2d36e366,bed7ecf982a50b27c154a9626171361ba5076d85150bbd6107c6275e2d36e366,3612716,44100.0,1.0,40.89034013605442,PCM_16,.wav,
data/raw/Anopheles minimus/Anopheles minimus/GoogleNexus/Rec_1980-02-16_13.50.19aminM.wav,dryad,Anopheles minimus,Anopheles minimus,Nexus,Anopheles minimus|raw/Anopheles minimus/Anopheles minimus/GoogleNexus,c4bd66c43a212496ef9ab2c916b82f7f92fe8c3950f28e9bf52a228fa1c120cc,c4bd66c43a212496ef9ab2c916b82f7f92fe8c3950f28e9bf52a228fa1c120cc,3330092,44100.0,1.0,37.68598639455782,PCM_16,.wav,
data/raw/Anopheles minimus/Anopheles minimus/GoogleNexus/Rec_1980-02-16_13.51.21aminF.wav,dryad,Anopheles minimus,Anopheles minimus,Nexus,Anopheles minimus|raw/Anopheles minimus/Anopheles minimus/GoogleNexus,a276c1c47e15782bb2d0ab853a700d6fef31363111d3ad1ecd6d1846a19fc6fb,a276c1c47e15782bb2d0ab853a700d6fef31363111d3ad1ecd6d1846a19fc6fb,5978156,44100.0,1.0,67.70938775510204,PCM_16,.wav,
data/raw/Anopheles minimus/Anopheles minimus/GoogleNexus/Rec_1980-02-16_13.52.45amin.wav,dryad,Anopheles minimus,Anopheles minimus,Nexus,Anopheles minimus|raw/Anopheles minimus/Anopheles minimus/GoogleNexus,126fd36b0370d5af99b6cc71665a506b9429995e4ef0247db848d99a46e5f3da,126fd36b0370d5af99b6cc71665a506b9429995e4ef0247db848d99a46e5f3da,3981356,44100.0,1.0,45.069931972789114,PCM_16,.wav,
data/raw/Anopheles minimus/Anopheles minimus/GoogleNexus/Rec_1980-02-16_13.53.59amin.wav,dryad,Anopheles minimus,Anopheles minimus,Nexus,Anopheles minimus|raw/Anopheles minimus/Anopheles minimus/GoogleNexus,563905d03e1cbcfb7012f0e43d461bebc682e4b363be646e61e63a741b3f22a6,563905d03e1cbcfb7012f0e43d461bebc682e4b363be646e61e63a741b3f22a6,6537260,44100.0,1.0,74.04843537414966,PCM_16,.wav,
data/raw/Anopheles minimus/Anopheles minimus/GoogleNexus/am1.wav,dryad,Anopheles minimus,Anopheles minimus,Nexus,Anopheles minimus|raw/Anopheles minimus/Anopheles minimus/GoogleNexus,3b0bbb7458d9b0ac8e19b50cfdb97fa210725c6ef75a3fad8bcd8ac2e67fd12a,3b0bbb7458d9b0ac8e19b50cfdb97fa210725c6ef75a3fad8bcd8ac2e67fd12a,663596,44100.0,1.0,7.453605442176871,PCM_16,.wav,
data/raw/Anopheles minimus/Anopheles minimus/GoogleNexus/am2.wav,dryad,Anopheles minimus,Anopheles minimus,Nexus,Anopheles minimus|raw/Anopheles minimus/Anopheles minimus/GoogleNexus,5870f20058a08ca321d5825c604e3a76374689ec6f59f200eb3c5a46d47a39e0,5870f20058a08ca321d5825c604e3a76374689ec6f59f200eb3c5a46d47a39e0,608300,44100.0,1.0,6.826666666666667,PCM_16,.wav,
data/raw/Anopheles minimus/Anopheles minimus/GoogleNexus/am3.wav,dryad,Anopheles minimus,Anopheles minimus,Nexus,Anopheles minimus|raw/Anopheles minimus/Anopheles minimus/GoogleNexus,45fd46909630ada5778f664f8f58f0bcd188c38dd27b7512019971d573228b36,45fd46909630ada5778f664f8f58f0bcd188c38dd27b7512019971d573228b36,509996,44100.0,1.0,5.712108843537415,PCM_16,.wav,
data/raw/Anopheles minimus/Anopheles minimus/GoogleNexus/am4.wav,dryad,Anopheles minimus,Anopheles minimus,Nexus,Anopheles minimus|raw/Anopheles minimus/Anopheles minimus/GoogleNexus,17ac44f70be37c53bbab59d9571e99bb7b2adc4f51ad945b9b03912ca576b3d2,17ac44f70be37c53bbab59d9571e99bb7b2adc4f51ad945b9b03912ca576b3d2,1191980,44100.0,1.0,13.444353741496599,PCM_16,.wav,
data/raw/Anopheles minimus/Anopheles minimus/GoogleNexus/am5.wav,dryad,Anopheles minimus,Anopheles minimus,Nexus,Anopheles minimus|raw/Anopheles minimus/Anopheles minimus/GoogleNexus,0c7d304dd510dccc14a7271927236734b0d68ad6d10dc866d1a115fe45fc43ec,0c7d304dd510dccc14a7271927236734b0d68ad6d10dc866d1a115fe45fc43ec,866348,44100.0,1.0,9.752380952380953,PCM_16,.wav,
data/raw/Anopheles minimus/Anopheles minimus/GoogleNexus/am6.wav,dryad,Anopheles minimus,Anopheles minimus,Nexus,Anopheles minimus|raw/Anopheles minimus/Anopheles minimus/GoogleNexus,ce04eb93683128be7c13f67d0b47eacf2f9ef3c900f2d07b573a21ff2e205060,ce04eb93683128be7c13f67d0b47eacf2f9ef3c900f2d07b573a21ff2e205060,2027564,44100.0,1.0,22.918095238095237,PCM_16,.wav,
data/raw/Anopheles minimus/Anopheles minimus/Huawei866C/Background.wav,dryad,Anopheles minimus,noise,Huawei866C,Anopheles minimus|raw/Anopheles minimus/Anopheles minimus/Huawei866C,noise|background_unresolved,b0947e8da416422bdf25e7984e403c8325f048e823c9fac3a1557e9d53bb3924,127120,8000.0,1.0,7.94,PCM_16,.wav,exact_duplicate
data/raw/Anopheles minimus/Anopheles minimus/Huawei866C/Raw/Recording19800216_005.amr,dryad,Anopheles minimus,Anopheles minimus,Huawei866C,Anopheles minimus|raw/Anopheles minimus/Anopheles minimus/Huawei866C/Raw,bc6cd503bab6254afcfa902ff149fc61e9f608d22cc60bad610ae7f371ffa118,bc6cd503bab6254afcfa902ff149fc61e9f608d22cc60bad610ae7f371ffa118,19311,,,,,.amr,compressed_original_has_wav
data/raw/Anopheles minimus/Anopheles minimus/Huawei866C/Raw/Recording19800216_006.amr,dryad,Anopheles minimus,Anopheles minimus,Huawei866C,Anopheles minimus|raw/Anopheles minimus/Anopheles minimus/Huawei866C/Raw,a20be4ae2e0b8f7f230550278a940c478cefccb1125193d6a7b2a5b0f59322e4,a20be4ae2e0b8f7f230550278a940c478cefccb1125193d6a7b2a5b0f59322e4,43192,,,,,.amr,compressed_original_has_wav
data/raw/Anopheles minimus/Anopheles minimus/Huawei866C/Raw/Recording19800216_007.amr,dryad,Anopheles minimus,Anopheles minimus,Huawei866C,Anopheles minimus|raw/Anopheles minimus/Anopheles minimus/Huawei866C/Raw,123adb18cd9d7d3b43ce0841682fe0c007ac2330bd3687b09849ab121100561e,123adb18cd9d7d3b43ce0841682fe0c007ac2330bd3687b09849ab121100561e,46273,,,,,.amr,compressed_original_has_wav
data/raw/Anopheles minimus/Anopheles minimus/Huawei866C/Raw/Recording19800216_008.amr,dryad,Anopheles minimus,Anopheles minimus,Huawei866C,Anopheles minimus|raw/Anopheles minimus/Anopheles minimus/Huawei866C/Raw,3e341b744d2f746ba6ffecc06abcc55e478f4e65dc4f8b6f80a855cc0fe47020,3e341b744d2f746ba6ffecc06abcc55e478f4e65dc4f8b6f80a855cc0fe47020,37615,,,,,.amr,compressed_original_has_wav
data/raw/Anopheles minimus/Anopheles minimus/Huawei866C/Raw/Recording19800216_009.amr,dryad,Anopheles minimus,Anopheles minimus,Huawei866C,Anopheles minimus|raw/Anopheles minimus/Anopheles minimus/Huawei866C/Raw,31af7f36eba65251de796f214675056ff55647cf43f904f30209ac791459465d,31af7f36eba65251de796f214675056ff55647cf43f904f30209ac791459465d,42945,,,,,.amr,compressed_original_has_wav
data/raw/Anopheles minimus/Anopheles minimus/Huawei866C/Recording19800216_005.wav,dryad,Anopheles minimus,Anopheles minimus,Huawei866C,Anopheles minimus|raw/Anopheles minimus/Anopheles minimus/Huawei866C,6be5c7ce4527d815627b9bfad5ca326744c0243027ea54df59f2fa943140a66a,6be5c7ce4527d815627b9bfad5ca326744c0243027ea54df59f2fa943140a66a,475280,8000.0,1.0,29.7,PCM_16,.wav,
data/raw/Anopheles minimus/Anopheles minimus/Huawei866C/Recording19800216_006.wav,dryad,Anopheles minimus,Anopheles minimus,Huawei866C,Anopheles minimus|raw/Anopheles minimus/Anopheles minimus/Huawei866C,555690dc0e4cbf013b9f7bf89688f3c0edb40ab58ba4d68e7f41b88fdb3fe036,555690dc0e4cbf013b9f7bf89688f3c0edb40ab58ba4d68e7f41b88fdb3fe036,1063120,8000.0,1.0,66.44,PCM_16,.wav,
data/raw/Anopheles minimus/Anopheles minimus/Huawei866C/Recording19800216_007.wav,dryad,Anopheles minimus,Anopheles minimus,Huawei866C,Anopheles minimus|raw/Anopheles minimus/Anopheles minimus/Huawei866C,984ee31980998ab976be565f9338c848aa2b26d3fa78dc1887eca92df2cace50,984ee31980998ab976be565f9338c848aa2b26d3fa78dc1887eca92df2cace50,1138960,8000.0,1.0,71.18,PCM_16,.wav,
data/raw/Anopheles minimus/Anopheles minimus/Huawei866C/Recording19800216_008.wav,dryad,Anopheles minimus,Anopheles minimus,Huawei866C,Anopheles minimus|raw/Anopheles minimus/Anopheles minimus/Huawei866C,0189eda5850f7d82d458207e2560a6846a568bb8363880d731fcee19234c3ca0,0189eda5850f7d82d458207e2560a6846a568bb8363880d731fcee19234c3ca0,925840,8000.0,1.0,57.86,PCM_16,.wav,
data/raw/Anopheles minimus/Anopheles minimus/Huawei866C/Recording19800216_009.wav,dryad,Anopheles minimus,Anopheles minimus,Huawei866C,Anopheles minimus|raw/Anopheles minimus/Anopheles minimus/Huawei866C,e9403d20688768d6f84c0150bfca5a705b7d2f58822aac7dc6b537a843838759,e9403d20688768d6f84c0150bfca5a705b7d2f58822aac7dc6b537a843838759,1057040,8000.0,1.0,66.06,PCM_16,.wav,
data/raw/Anopheles minimus/Anopheles minimus/Nokia5235/Amin1.mp4,dryad,Anopheles minimus,Anopheles minimus,Nokia5235,Anopheles minimus|raw/Anopheles minimus/Anopheles minimus/Nokia5235,f186697835e6c0398929a9e95ca9f58e993306504c524807828463bbde862166,f186697835e6c0398929a9e95ca9f58e993306504c524807828463bbde862166,467155,,,,,.mp4,compressed_original_has_wav
data/raw/Anopheles minimus/Anopheles minimus/Nokia5235/Amin1.wav,dryad,Anopheles minimus,Anopheles minimus,Nokia5235,Anopheles minimus|raw/Anopheles minimus/Anopheles minimus/Nokia5235,5954ebbed3d86d39e4db3f51764fd023ee327118d5efe6dfff2b23dd2dc4d359,5954ebbed3d86d39e4db3f51764fd023ee327118d5efe6dfff2b23dd2dc4d359,5345360,48000.0,1.0,55.68,PCM_16,.wav,
data/raw/Anopheles minimus/Anopheles minimus/Nokia5235/Amin2.mp4,dryad,Anopheles minimus,Anopheles minimus,Nokia5235,Anopheles minimus|raw/Anopheles minimus/Anopheles minimus/Nokia5235,88362bef9df64d19a3886f216391d342dc51a15ecb02203c1be46c329dddff16,88362bef9df64d19a3886f216391d342dc51a15ecb02203c1be46c329dddff16,739804,,,,,.mp4,compressed_original_has_wav
data/raw/Anopheles minimus/Anopheles minimus/Nokia5235/Amin2.wav,dryad,Anopheles minimus,Anopheles minimus,Nokia5235,Anopheles minimus|raw/Anopheles minimus/Anopheles minimus/Nokia5235,f898a244b9f8117158e184a809e091b6e467cfe28c15c29d24faecd0492e671b,f898a244b9f8117158e184a809e091b6e467cfe28c15c29d24faecd0492e671b,8470608,48000.0,1.0,88.23466666666667,PCM_16,.wav,
data/raw/Anopheles minimus/Anopheles minimus/Nokia5235/Amin3.mp4,dryad,Anopheles minimus,Anopheles minimus,Nokia5235,Anopheles minimus|raw/Anopheles minimus/Anopheles minimus/Nokia5235,d2cf692d07b58e94afabf921e6fbce85b953a9c49e3db9cf581c766f39f34e78,d2cf692d07b58e94afabf921e6fbce85b953a9c49e3db9cf581c766f39f34e78,520049,,,,,.mp4,compressed_original_has_wav
data/raw/Anopheles minimus/Anopheles minimus/Nokia5235/Amin3.wav,dryad,Anopheles minimus,Anopheles minimus,Nokia5235,Anopheles minimus|raw/Anopheles minimus/Anopheles minimus/Nokia5235,261127173c94e63c0544198351d5188aa62510072dcc8ad978b99f516f8ac33b,261127173c94e63c0544198351d5188aa62510072dcc8ad978b99f516f8ac33b,5951568,48000.0,1.0,61.99466666666667,PCM_16,.wav,
data/raw/Anopheles minimus/Anopheles minimus/Nokia5235/Amin4.mp4,dryad,Anopheles minimus,Anopheles minimus,Nokia5235,Anopheles minimus|raw/Anopheles minimus/Anopheles minimus/Nokia5235,c5234260f007f81cbdb829b691f6a00985a9eec8e7d2bebf56318e81d23cc546,c5234260f007f81cbdb829b691f6a00985a9eec8e7d2bebf56318e81d23cc546,707646,,,,,.mp4,compressed_original_has_wav
data/raw/Anopheles minimus/Anopheles minimus/Nokia5235/Amin4.wav,dryad,Anopheles minimus,Anopheles minimus,Nokia5235,Anopheles minimus|raw/Anopheles minimus/Anopheles minimus/Nokia5235,92785db42b0f645a2261622dc10ed937c3f2ecfee5ded5b54e9dc409400e96b5,92785db42b0f645a2261622dc10ed937c3f2ecfee5ded5b54e9dc409400e96b5,8101968,48000.0,1.0,84.39466666666667,PCM_16,.wav,
data/raw/Anopheles minimus/Anopheles minimus/Nokia5235/Amin5.mp4,dryad,Anopheles minimus,Anopheles minimus,Nokia5235,Anopheles minimus|raw/Anopheles minimus/Anopheles minimus/Nokia5235,df1f6f0d9cb51f50c710bc845843e4038a4c04fcb7a69e1640f5a56e703dfddf,df1f6f0d9cb51f50c710bc845843e4038a4c04fcb7a69e1640f5a56e703dfddf,738376,,,,,.mp4,compressed_original_has_wav
data/raw/Anopheles minimus/Anopheles minimus/Nokia5235/Amin5.wav,dryad,Anopheles minimus,Anopheles minimus,Nokia5235,Anopheles minimus|raw/Anopheles minimus/Anopheles minimus/Nokia5235,c41214fd42c3a7787015e9c874248f3b8d4e9840b62ba620b81e159e79137c19,c41214fd42c3a7787015e9c874248f3b8d4e9840b62ba620b81e159e79137c19,8454224,48000.0,1.0,88.064,PCM_16,.wav,
data/raw/Anopheles minimus/Anopheles minimus/Nokia5235/Amin6.mp4,dryad,Anopheles minimus,Anopheles minimus,Nokia5235,Anopheles minimus|raw/Anopheles minimus/Anopheles minimus/Nokia5235,2929d4c3cb175d8c314a5a284dcb3055831ce5d2da6c8841c55e3efdff4e8f80,2929d4c3cb175d8c314a5a284dcb3055831ce5d2da6c8841c55e3efdff4e8f80,307632,,,,,.mp4,compressed_original_has_wav
data/raw/Anopheles minimus/Anopheles minimus/Nokia5235/Amin6.wav,dryad,Anopheles minimus,Anopheles minimus,Nokia5235,Anopheles minimus|raw/Anopheles minimus/Anopheles minimus/Nokia5235,53019a24c7392e0674dca8c96cd858d0bfa21064c3460b904153e1cf8d0d3d6d,53019a24c7392e0674dca8c96cd858d0bfa21064c3460b904153e1cf8d0d3d6d,3516496,48000.0,1.0,36.629333333333335,PCM_16,.wav,
data/raw/Anopheles minimus/Anopheles minimus/Nokia5235/Amin7.mp4,dryad,Anopheles minimus,Anopheles minimus,Nokia5235,Anopheles minimus|raw/Anopheles minimus/Anopheles minimus/Nokia5235,9d24ab0ed6a8356ef1de7d7edeaead9dfcec2667bcb02960c07d7b10559c9109,9d24ab0ed6a8356ef1de7d7edeaead9dfcec2667bcb02960c07d7b10559c9109,816820,,,,,.mp4,compressed_original_has_wav
data/raw/Anopheles minimus/Anopheles minimus/Nokia5235/Amin7.wav,dryad,Anopheles minimus,Anopheles minimus,Nokia5235,Anopheles minimus|raw/Anopheles minimus/Anopheles minimus/Nokia5235,91b3a7f74abe5cb6470788f1fe7bf76b726f4fd9d3517f6ec941004d4a693134,91b3a7f74abe5cb6470788f1fe7bf76b726f4fd9d3517f6ec941004d4a693134,9353296,48000.0,1.0,97.42933333333333,PCM_16,.wav,
data/raw/Anopheles minimus/Anopheles minimus/Nokia5235/Background.wav,dryad,Anopheles minimus,noise,Nokia5235,Anopheles minimus|raw/Anopheles minimus/Anopheles minimus/Nokia5235,noise|background_unresolved,3761f3486e37fca204107f60f9097fa434f52159b371d1e19316961cbba7e362,1827884,44100.0,1.0,20.723809523809525,PCM_16,.wav,exact_duplicate
data/raw/Anopheles minimus/Anopheles minimus/Nokia6555B/Audio019 amm.wav,dryad,Anopheles minimus,Anopheles minimus,Nokia6555B,Anopheles minimus|raw/Anopheles minimus/Anopheles minimus/Nokia6555B,1931e6082525e232a53da26f90cd826b727bdd4bf9e12ce1d26a31e1dabc0a46,1931e6082525e232a53da26f90cd826b727bdd4bf9e12ce1d26a31e1dabc0a46,1413200,8000.0,1.0,88.32,PCM_16,.wav,
data/raw/Anopheles minimus/Anopheles minimus/Nokia6555B/Audio020 amf.wav,dryad,Anopheles minimus,Anopheles minimus,Nokia6555B,Anopheles minimus|raw/Anopheles minimus/Anopheles minimus/Nokia6555B,96621c4c383e0a28c6e9bc53543bd20f73501cee28a0978847ed31666511778b,96621c4c383e0a28c6e9bc53543bd20f73501cee28a0978847ed31666511778b,1920080,8000.0,1.0,120.0,PCM_16,.wav,
data/raw/Anopheles minimus/Anopheles minimus/Nokia6555B/Audio021 am .wav,dryad,Anopheles minimus,Anopheles minimus,Nokia6555B,Anopheles minimus|raw/Anopheles minimus/Anopheles minimus/Nokia6555B,08b4a4d1625e64fb7219e883f000eb44916ebc50280efe4e3e8fa2ebfada9da1,08b4a4d1625e64fb7219e883f000eb44916ebc50280efe4e3e8fa2ebfada9da1,1364560,8000.0,1.0,85.28,PCM_16,.wav,
data/raw/Anopheles minimus/Anopheles minimus/Nokia6555B/Audio022 am.wav,dryad,Anopheles minimus,Anopheles minimus,Nokia6555B,Anopheles minimus|raw/Anopheles minimus/Anopheles minimus/Nokia6555B,712405492c82941d151fc296229ac6b46eaa7e4531beb1a57b2f98be0ad6352c,712405492c82941d151fc296229ac6b46eaa7e4531beb1a57b2f98be0ad6352c,1940560,8000.0,1.0,121.28,PCM_16,.wav,
data/raw/Anopheles minimus/Anopheles minimus/Nokia6555B/Audio023 am swarm.wav,dryad,Anopheles minimus,Anopheles minimus,Nokia6555B,Anopheles minimus|raw/Anopheles minimus/Anopheles minimus/Nokia6555B,97deaa784a840e5fc8254bbfa4e399f1c5db88017636977c0d62dadd3a4da47c,97deaa784a840e5fc8254bbfa4e399f1c5db88017636977c0d62dadd3a4da47c,1003600,8000.0,1.0,62.72,PCM_16,.wav,
data/raw/Anopheles minimus/Anopheles minimus/Nokia6555B/Background.wav,dryad,Anopheles minimus,noise,Nokia6555B,Anopheles minimus|raw/Anopheles minimus/Anopheles minimus/Nokia6555B,noise|background_unresolved,3761f3486e37fca204107f60f9097fa434f52159b371d1e19316961cbba7e362,1827884,44100.0,1.0,20.723809523809525,PCM_16,.wav,exact_duplicate
data/raw/Anopheles minimus/Anopheles minimus/Nokia6555B/Raw/Audio019 amm.amr,dryad,Anopheles minimus,Anopheles minimus,Nokia6555B,Anopheles minimus|raw/Anopheles minimus/Anopheles minimus/Nokia6555B/Raw,a54de8d1371d9d894575c730a53fddf0ec4462e486068c69de3da212ec6e9aab,a54de8d1371d9d894575c730a53fddf0ec4462e486068c69de3da212ec6e9aab,141318,,,,,.amr,compressed_original_has_wav
data/raw/Anopheles minimus/Anopheles minimus/Nokia6555B/Raw/Audio020 amf.amr,dryad,Anopheles minimus,Anopheles minimus,Nokia6555B,Anopheles minimus|raw/Anopheles minimus/Anopheles minimus/Nokia6555B/Raw,af957dc3de1144b774ab491012aa3a840c58460a857cd36458cae4d84af5411c,af957dc3de1144b774ab491012aa3a840c58460a857cd36458cae4d84af5411c,192006,,,,,.amr,compressed_original_has_wav
data/raw/Anopheles minimus/Anopheles minimus/Nokia6555B/Raw/Audio021 am .amr,dryad,Anopheles minimus,Anopheles minimus,Nokia6555B,Anopheles minimus|raw/Anopheles minimus/Anopheles minimus/Nokia6555B/Raw,f3a007a4d0666d0c997127dcd85b6ff170e422fc56fa385df39e3e9bf3ae82f6,f3a007a4d0666d0c997127dcd85b6ff170e422fc56fa385df39e3e9bf3ae82f6,136454,,,,,.amr,compressed_original_has_wav
data/raw/Anopheles minimus/Anopheles minimus/Nokia6555B/Raw/Audio022 am.amr,dryad,Anopheles minimus,Anopheles minimus,Nokia6555B,Anopheles minimus|raw/Anopheles minimus/Anopheles minimus/Nokia6555B/Raw,4ca94461138c08771631babe299b02a8f7120683e3446055008b1948fee54f9e,4ca94461138c08771631babe299b02a8f7120683e3446055008b1948fee54f9e,194054,,,,,.amr,compressed_original_has_wav
data/raw/Anopheles minimus/Anopheles minimus/Nokia6555B/Raw/Audio023 am swarm.amr,dryad,Anopheles minimus,Anopheles minimus,Nokia6555B,Anopheles minimus|raw/Anopheles minimus/Anopheles minimus/Nokia6555B/Raw,ea7a5e376271dd0d5753a57b67247fd031e4450d258461a02a5688ffc0787b30,ea7a5e376271dd0d5753a57b67247fd031e4450d258461a02a5688ffc0787b30,100358,,,,,.amr,compressed_original_has_wav
data/raw/Anopheles minimus/Anopheles minimus/SamsungT209/Background.wav,dryad,Anopheles minimus,noise,T209,Anopheles minimus|raw/Anopheles minimus/Anopheles minimus/SamsungT209,noise|background_unresolved,3761f3486e37fca204107f60f9097fa434f52159b371d1e19316961cbba7e362,1827884,44100.0,1.0,20.723809523809525,PCM_16,.wav,exact_duplicate
data/raw/Anopheles minimus/Anopheles minimus/SamsungT209/Raw/Voice0029.amr,dryad,Anopheles minimus,Anopheles minimus,T209,Anopheles minimus|raw/Anopheles minimus/Anopheles minimus/SamsungT209/Raw,e1bd9ab80d9dd5ea1297e610b7b38dfbe0182d592224ac8fe436ed1c84b01d2a,e1bd9ab80d9dd5ea1297e610b7b38dfbe0182d592224ac8fe436ed1c84b01d2a,39006,,,,,.amr,compressed_original_has_wav
data/raw/Anopheles minimus/Anopheles minimus/SamsungT209/Raw/Voice0030.amr,dryad,Anopheles minimus,Anopheles minimus,T209,Anopheles minimus|raw/Anopheles minimus/Anopheles minimus/SamsungT209/Raw,b37d0e5c4e6b2cf9559500bc1af61b389911c1c83d5278572fb87303e59bbc34,b37d0e5c4e6b2cf9559500bc1af61b389911c1c83d5278572fb87303e59bbc34,39006,,,,,.amr,compressed_original_has_wav
data/raw/Anopheles minimus/Anopheles minimus/SamsungT209/Raw/Voice0031.amr,dryad,Anopheles minimus,Anopheles minimus,T209,Anopheles minimus|raw/Anopheles minimus/Anopheles minimus/SamsungT209/Raw,a9ce500b2779e96cb6b1b9c27a491c2d9a18434413f7ee92486b514bf88a1ad1,a9ce500b2779e96cb6b1b9c27a491c2d9a18434413f7ee92486b514bf88a1ad1,39006,,,,,.amr,compressed_original_has_wav
data/raw/Anopheles minimus/Anopheles minimus/SamsungT209/Raw/Voice0032.amr,dryad,Anopheles minimus,Anopheles minimus,T209,Anopheles minimus|raw/Anopheles minimus/Anopheles minimus/SamsungT209/Raw,e808f0480ff5d2f2794511493c504c2dac2cde9b66a6f581f5ef5bfe2f3ebebf,e808f0480ff5d2f2794511493c504c2dac2cde9b66a6f581f5ef5bfe2f3ebebf,39006,,,,,.amr,compressed_original_has_wav
data/raw/Anopheles minimus/Anopheles minimus/SamsungT209/Raw/Voice0033.amr,dryad,Anopheles minimus,Anopheles minimus,T209,Anopheles minimus|raw/Anopheles minimus/Anopheles minimus/SamsungT209/Raw,48426a89d9931a680e146383aaad1b6747b83180fc1e1c0e541d3bf6f0f946b5,48426a89d9931a680e146383aaad1b6747b83180fc1e1c0e541d3bf6f0f946b5,39006,,,,,.amr,compressed_original_has_wav
data/raw/Anopheles minimus/Anopheles minimus/SamsungT209/Voice0029.wav,dryad,Anopheles minimus,Anopheles minimus,T209,Anopheles minimus|raw/Anopheles minimus/Anopheles minimus/SamsungT209,05096ad88f3bf65f6ed421d0a7d27d242eb3ec6a461191490510ffd48419664e,05096ad88f3bf65f6ed421d0a7d27d242eb3ec6a461191490510ffd48419664e,960080,8000.0,1.0,60.0,PCM_16,.wav,
data/raw/Anopheles minimus/Anopheles minimus/SamsungT209/Voice0030.wav,dryad,Anopheles minimus,Anopheles minimus,T209,Anopheles minimus|raw/Anopheles minimus/Anopheles minimus/SamsungT209,965f3ea6bd5f0f09da45ab0be2417a119becfa3fa4bd4f36fab52f540773aa69,965f3ea6bd5f0f09da45ab0be2417a119becfa3fa4bd4f36fab52f540773aa69,960080,8000.0,1.0,60.0,PCM_16,.wav,
data/raw/Anopheles minimus/Anopheles minimus/SamsungT209/Voice0031.wav,dryad,Anopheles minimus,Anopheles minimus,T209,Anopheles minimus|raw/Anopheles minimus/Anopheles minimus/SamsungT209,22a5acf70e6ab940b9eebb296b4e8eeeab40ce0b05a45d4a94ab666109cdbb5f,22a5acf70e6ab940b9eebb296b4e8eeeab40ce0b05a45d4a94ab666109cdbb5f,960080,8000.0,1.0,60.0,PCM_16,.wav,
data/raw/Anopheles minimus/Anopheles minimus/SamsungT209/Voice0032.wav,dryad,Anopheles minimus,Anopheles minimus,T209,Anopheles minimus|raw/Anopheles minimus/Anopheles minimus/SamsungT209,3705cbfc0dfbd007a768ccc17c69514e424d38a8f980e64052940965f34f1285,3705cbfc0dfbd007a768ccc17c69514e424d38a8f980e64052940965f34f1285,960080,8000.0,1.0,60.0,PCM_16,.wav,
data/raw/Anopheles minimus/Anopheles minimus/SamsungT209/Voice0033.wav,dryad,Anopheles minimus,Anopheles minimus,T209,Anopheles minimus|raw/Anopheles minimus/Anopheles minimus/SamsungT209,f89be2c19cedc28053d16d8b91cbce309680db7d632b1bfd5950e16ce3cb3aeb,f89be2c19cedc28053d16d8b91cbce309680db7d632b1bfd5950e16ce3cb3aeb,960080,8000.0,1.0,60.0,PCM_16,.wav,
data/raw/Anopheles minimus/Anopheles minimus/SonyXperia/03-03-2016-121410 am in tube held on end .wav,dryad,Anopheles minimus,Anopheles minimus,Xperia,Anopheles minimus|raw/Anopheles minimus/Anopheles minimus/SonyXperia,f8330eb6f5c5c8fc869dc9a8388030d10c451bbb173e3e789fd319deb8a64946,f8330eb6f5c5c8fc869dc9a8388030d10c451bbb173e3e789fd319deb8a64946,5698604,44100.0,1.0,64.60952380952381,PCM_16,.wav,
data/raw/Anopheles minimus/Anopheles minimus/SonyXperia/03-03-2016-122802 am.wav,dryad,Anopheles minimus,Anopheles minimus,Xperia,Anopheles minimus|raw/Anopheles minimus/Anopheles minimus/SonyXperia,9163d2dad99466683189525d21ea9612864f31b82e952461acf6cd26658b195e,9163d2dad99466683189525d21ea9612864f31b82e952461acf6cd26658b195e,5483564,44100.0,1.0,62.17142857142857,PCM_16,.wav,
data/raw/Anopheles minimus/Anopheles minimus/SonyXperia/03-03-2016-123102 amm.wav,dryad,Anopheles minimus,Anopheles minimus,Xperia,Anopheles minimus|raw/Anopheles minimus/Anopheles minimus/SonyXperia,c0af1372cab6a7bfb4207d0af64550814d467fefaa70ab7219e25f4bd4a4c35d,c0af1372cab6a7bfb4207d0af64550814d467fefaa70ab7219e25f4bd4a4c35d,5591084,44100.0,1.0,63.39047619047619,PCM_16,.wav,
data/raw/Anopheles minimus/Anopheles minimus/SonyXperia/03-03-2016-123404 amm2.wav,dryad,Anopheles minimus,Anopheles minimus,Xperia,Anopheles minimus|raw/Anopheles minimus/Anopheles minimus/SonyXperia,38e9a52f0dd1bf9ce7a3340adc3c20e5adb9584404be3e66bafb92e67bb12d48,38e9a52f0dd1bf9ce7a3340adc3c20e5adb9584404be3e66bafb92e67bb12d48,6343724,44100.0,1.0,71.92380952380952,PCM_16,.wav,
data/raw/Anopheles minimus/Anopheles minimus/SonyXperia/03-03-2016-123658 amf.wav,dryad,Anopheles minimus,Anopheles minimus,Xperia,Anopheles minimus|raw/Anopheles minimus/Anopheles minimus/SonyXperia,abad0f99c77a2d7cc63a3c072f0720825613c809c58d5794089bd14c1c5a0159,abad0f99c77a2d7cc63a3c072f0720825613c809c58d5794089bd14c1c5a0159,8816684,44100.0,1.0,99.96190476190476,PCM_16,.wav,
data/raw/Anopheles minimus/Anopheles minimus/SonyXperia/03-03-2016-125307 am.wav,dryad,Anopheles minimus,Anopheles minimus,Xperia,Anopheles minimus|raw/Anopheles minimus/Anopheles minimus/SonyXperia,904472ba4fbec853e7356c313e54b6ef4f187fbd0cefda9f91a08b0348bbc932,904472ba4fbec853e7356c313e54b6ef4f187fbd0cefda9f91a08b0348bbc932,7849004,44100.0,1.0,88.99047619047619,PCM_16,.wav,
data/raw/Anopheles minimus/Anopheles minimus/SonyXperia/Background.wav,dryad,Anopheles minimus,noise,Xperia,Anopheles minimus|raw/Anopheles minimus/Anopheles minimus/SonyXperia,noise|background_unresolved,3761f3486e37fca204107f60f9097fa434f52159b371d1e19316961cbba7e362,1827884,44100.0,1.0,20.723809523809525,PCM_16,.wav,exact_duplicate
data/raw/Anopheles minimus/Anopheles minimus/iPhone4C/20160303 121505.m4a,dryad,Anopheles minimus,Anopheles minimus,iPhone,Anopheles minimus|raw/Anopheles minimus/Anopheles minimus/iPhone4C,01789f72a0d15f2d1b3d537693d07c4b55265c9bf51b954ce2777db54e5c7386,01789f72a0d15f2d1b3d537693d07c4b55265c9bf51b954ce2777db54e5c7386,400607,,,,,.m4a,compressed_original_has_wav
data/raw/Anopheles minimus/Anopheles minimus/iPhone4C/20160303 121505.wav,dryad,Anopheles minimus,Anopheles minimus,iPhone,Anopheles minimus|raw/Anopheles minimus/Anopheles minimus/iPhone4C,5bba6e3f9c09e942b3e1c53fed725ce2c59525c88a6b54d0c66d0b436f11bf7f,5bba6e3f9c09e942b3e1c53fed725ce2c59525c88a6b54d0c66d0b436f11bf7f,4392946,44100.0,1.0,49.805351473922904,PCM_16,.wav,
data/raw/Anopheles minimus/Anopheles minimus/iPhone4C/20160303 121659AminM.m4a,dryad,Anopheles minimus,Anopheles minimus,iPhone,Anopheles minimus|raw/Anopheles minimus/Anopheles minimus/iPhone4C,9c57cda6d05a8108a6df5d7626892c2505e0f484e49ffdd133632428cdaeb5ce,9c57cda6d05a8108a6df5d7626892c2505e0f484e49ffdd133632428cdaeb5ce,220915,,,,,.m4a,compressed_original_has_wav
data/raw/Anopheles minimus/Anopheles minimus/iPhone4C/20160303 121659AminM.wav,dryad,Anopheles minimus,Anopheles minimus,iPhone,Anopheles minimus|raw/Anopheles minimus/Anopheles minimus/iPhone4C,6cfe92570854f941b873ce82f19a96614aec0b6c977d7ad031e1134accafde3b,6cfe92570854f941b873ce82f19a96614aec0b6c977d7ad031e1134accafde3b,2402290,44100.0,1.0,27.235555555555557,PCM_16,.wav,
data/raw/Anopheles minimus/Anopheles minimus/iPhone4C/20160303 121749AminF.m4a,dryad,Anopheles minimus,Anopheles minimus,iPhone,Anopheles minimus|raw/Anopheles minimus/Anopheles minimus/iPhone4C,40231eea2d38ae2a5f3263ff9f36b9af85324aa93fd97b99b82dcaeed7c4c8fa,40231eea2d38ae2a5f3263ff9f36b9af85324aa93fd97b99b82dcaeed7c4c8fa,295444,,,,,.m4a,compressed_original_has_wav
data/raw/Anopheles minimus/Anopheles minimus/iPhone4C/20160303 121749AminF.wav,dryad,Anopheles minimus,Anopheles minimus,iPhone,Anopheles minimus|raw/Anopheles minimus/Anopheles minimus/iPhone4C,de296ab0386b2506ef9c02d413ca59f085c5011025840f2dbd963fd39789de3a,de296ab0386b2506ef9c02d413ca59f085c5011025840f2dbd963fd39789de3a,3239922,44100.0,1.0,36.73251700680272,PCM_16,.wav,
data/raw/Anopheles minimus/Anopheles minimus/iPhone4C/20160303 121930.m4a,dryad,Anopheles minimus,Anopheles minimus,iPhone,Anopheles minimus|raw/Anopheles minimus/Anopheles minimus/iPhone4C,0dd5e3acbfc2eacb1681e9ae33b816de549806efd4aecdf4a9974a35678c7431,0dd5e3acbfc2eacb1681e9ae33b816de549806efd4aecdf4a9974a35678c7431,436189,,,,,.m4a,compressed_original_has_wav
data/raw/Anopheles minimus/Anopheles minimus/iPhone4C/20160303 121930.wav,dryad,Anopheles minimus,Anopheles minimus,iPhone,Anopheles minimus|raw/Anopheles minimus/Anopheles minimus/iPhone4C,354a0daba2476ee5e29220d76d6fb6d4b382232d89267f058a3e51ea25f91fb8,354a0daba2476ee5e29220d76d6fb6d4b382232d89267f058a3e51ea25f91fb8,4763634,44100.0,1.0,54.00816326530612,PCM_16,.wav,
data/raw/Anopheles minimus/Anopheles minimus/iPhone4C/20160303 122033.m4a,dryad,Anopheles minimus,Anopheles minimus,iPhone,Anopheles minimus|raw/Anopheles minimus/Anopheles minimus/iPhone4C,d8d50b1cd1d9ba0adedd9ce9521d8702c2259ffd4171b2ecebb2e88d890e5fa2,d8d50b1cd1d9ba0adedd9ce9521d8702c2259ffd4171b2ecebb2e88d890e5fa2,346527,,,,,.m4a,compressed_original_has_wav
data/raw/Anopheles minimus/Anopheles minimus/iPhone4C/20160303 122033.wav,dryad,Anopheles minimus,Anopheles minimus,iPhone,Anopheles minimus|raw/Anopheles minimus/Anopheles minimus/iPhone4C,ded6fce7cb36b5d66dc9c8b1f237daad3709ace78c1d803e6d321c6601fd4e0c,ded6fce7cb36b5d66dc9c8b1f237daad3709ace78c1d803e6d321c6601fd4e0c,3780594,44100.0,1.0,42.862585034013605,PCM_16,.wav,
data/raw/Anopheles minimus/Anopheles minimus/iPhone4C/20160303 122127.m4a,dryad,Anopheles minimus,Anopheles minimus,iPhone,Anopheles minimus|raw/Anopheles minimus/Anopheles minimus/iPhone4C,4bfa7ecf0b642bc9c551526ab7b6995646d4202547d5e7f7616c4df45e1c3375,4bfa7ecf0b642bc9c551526ab7b6995646d4202547d5e7f7616c4df45e1c3375,565821,,,,,.m4a,compressed_original_has_wav
data/raw/Anopheles minimus/Anopheles minimus/iPhone4C/20160303 122127.wav,dryad,Anopheles minimus,Anopheles minimus,iPhone,Anopheles minimus|raw/Anopheles minimus/Anopheles minimus/iPhone4C,9c738b51e994b20214dbd5fcd7295fe61b373301fe6ac4fee6906b338e735777,9c738b51e994b20214dbd5fcd7295fe61b373301fe6ac4fee6906b338e735777,6205426,44100.0,1.0,70.35501133786848,PCM_16,.wav,
data/raw/Anopheles minimus/Anopheles minimus/iPhone4C/Background.wav,dryad,Anopheles minimus,noise,iPhone,Anopheles minimus|raw/Anopheles minimus/Anopheles minimus/iPhone4C,noise|background_unresolved,3761f3486e37fca204107f60f9097fa434f52159b371d1e19316961cbba7e362,1827884,44100.0,1.0,20.723809523809525,PCM_16,.wav,exact_duplicate
data/raw/Anopheles minimus/Anopheles minimus/iPhone6/Amin (1).m4a,dryad,Anopheles minimus,Anopheles minimus,iPhone6,Anopheles minimus|raw/Anopheles minimus/Anopheles minimus/iPhone6,8b20c657f0045b4dac18779a690b2f89cec988fa9113b795ee48b9287a8cbcfb,8b20c657f0045b4dac18779a690b2f89cec988fa9113b795ee48b9287a8cbcfb,596679,,,,,.m4a,compressed_original_has_wav
data/raw/Anopheles minimus/Anopheles minimus/iPhone6/Amin (1).wav,dryad,Anopheles minimus,Anopheles minimus,iPhone6,Anopheles minimus|raw/Anopheles minimus/Anopheles minimus/iPhone6,03108a3476133ec4880cf3117fe034c123c25d5112d73075a9d3f20e0edb059a,03108a3476133ec4880cf3117fe034c123c25d5112d73075a9d3f20e0edb059a,6522866,44100.0,1.0,73.95410430839003,PCM_16,.wav,
data/raw/Anopheles minimus/Anopheles minimus/iPhone6/Amin (2).m4a,dryad,Anopheles minimus,Anopheles minimus,iPhone6,Anopheles minimus|raw/Anopheles minimus/Anopheles minimus/iPhone6,83e625bbc9d40ba7914b1e68466b2bb9732926af038f12877853795a974aedc1,83e625bbc9d40ba7914b1e68466b2bb9732926af038f12877853795a974aedc1,568590,,,,,.m4a,compressed_original_has_wav
data/raw/Anopheles minimus/Anopheles minimus/iPhone6/Amin (2).wav,dryad,Anopheles minimus,Anopheles minimus,iPhone6,Anopheles minimus|raw/Anopheles minimus/Anopheles minimus/iPhone6,306403410fe6f1ab7eca629309933239ddcc76f7ac9d3269ea82527bd04fc540,306403410fe6f1ab7eca629309933239ddcc76f7ac9d3269ea82527bd04fc540,6223858,44100.0,1.0,70.56399092970521,PCM_16,.wav,
data/raw/Anopheles minimus/Anopheles minimus/iPhone6/Amin.m4a,dryad,Anopheles minimus,Anopheles minimus,iPhone6,Anopheles minimus|raw/Anopheles minimus/Anopheles minimus/iPhone6,fbe37a66f5a7ba02de5fca68e48321655363c3e045837fc57039c09d4f927233,fbe37a66f5a7ba02de5fca68e48321655363c3e045837fc57039c09d4f927233,411391,,,,,.m4a,compressed_original_has_wav
data/raw/Anopheles minimus/Anopheles minimus/iPhone6/Amin.wav,dryad,Anopheles minimus,Anopheles minimus,iPhone6,Anopheles minimus|raw/Anopheles minimus/Anopheles minimus/iPhone6,1b01f0b29e567fac0fc3dfd3ca17b000a4776448612a45e56c6a1ceb885d48e4,1b01f0b29e567fac0fc3dfd3ca17b000a4776448612a45e56c6a1ceb885d48e4,4499442,44100.0,1.0,51.01278911564626,PCM_16,.wav,
data/raw/Anopheles minimus/Anopheles minimus/iPhone6/AminF.m4a,dryad,Anopheles minimus,Anopheles minimus,iPhone6,Anopheles minimus|raw/Anopheles minimus/Anopheles minimus/iPhone6,442157ea2704d8aaa23cdb7182abe0e64d9af400e9d9aaa70da83afa89d6c57c,442157ea2704d8aaa23cdb7182abe0e64d9af400e9d9aaa70da83afa89d6c57c,228337,,,,,.m4a,compressed_original_has_wav
data/raw/Anopheles minimus/Anopheles minimus/iPhone6/AminF.wav,dryad,Anopheles minimus,Anopheles minimus,iPhone6,Anopheles minimus|raw/Anopheles minimus/Anopheles minimus/iPhone6,d3f79c88e15beeba298e090742cde3ebecc221bba9e279e560cdbe1bc43d81de,d3f79c88e15beeba298e090742cde3ebecc221bba9e279e560cdbe1bc43d81de,2486258,44100.0,1.0,28.187573696145126,PCM_16,.wav,
data/raw/Anopheles minimus/Anopheles minimus/iPhone6/AminM.m4a,dryad,Anopheles minimus,Anopheles minimus,iPhone6,Anopheles minimus|raw/Anopheles minimus/Anopheles minimus/iPhone6,87d435026b109a4d830f58a414a4cbeb3fd3f5ebc76bed3a8e963d0e47842a24,87d435026b109a4d830f58a414a4cbeb3fd3f5ebc76bed3a8e963d0e47842a24,439247,,,,,.m4a,compressed_original_has_wav
data/raw/Anopheles minimus/Anopheles minimus/iPhone6/AminM.wav,dryad,Anopheles minimus,Anopheles minimus,iPhone6,Anopheles minimus|raw/Anopheles minimus/Anopheles minimus/iPhone6,49ba3e24389d39f60da1164c3aa566fc01f3c600479e7cbfa3994cf9cfe0a797,49ba3e24389d39f60da1164c3aa566fc01f3c600479e7cbfa3994cf9cfe0a797,4812786,44100.0,1.0,54.56544217687075,PCM_16,.wav,
data/raw/Anopheles minimus/Anopheles minimus/iPhone6/Background.wav,dryad,Anopheles minimus,noise,iPhone6,Anopheles minimus|raw/Anopheles minimus/Anopheles minimus/iPhone6,noise|background_unresolved,3761f3486e37fca204107f60f9097fa434f52159b371d1e19316961cbba7e362,1827884,44100.0,1.0,20.723809523809525,PCM_16,.wav,exact_duplicate
data/raw/Anopheles quadriannulatus/Anopheles quadriannulatus/CDC_Nexus/sanqua.wav,dryad,Anopheles quadriannulatus,Anopheles quadriannulatus,Nexus,Anopheles quadriannulatus|raw/Anopheles quadriannulatus/Anopheles quadriannulatus/CDC_Nexus,8a6fb51b7e64bd451d1adfd9a24e54bbe618046a048c6dcaa3968a843990f745,8a6fb51b7e64bd451d1adfd9a24e54bbe618046a048c6dcaa3968a843990f745,29927468,44100.0,1.0,339.243537414966,PCM_16,.wav,
data/raw/Anopheles quadriannulatus/Anopheles quadriannulatus/CDC_T209/Voice0167 sanqua.wav,dryad,Anopheles quadriannulatus,Anopheles quadriannulatus,T209,Anopheles quadriannulatus|raw/Anopheles quadriannulatus/Anopheles quadriannulatus/CDC_T209,1117fc4538c9ea13935af761c8cb0786563f7ddccab434c00dd515d61dd64489,1117fc4538c9ea13935af761c8cb0786563f7ddccab434c00dd515d61dd64489,960080,8000.0,1.0,60.0,PCM_16,.wav,
data/raw/Anopheles quadriannulatus/Anopheles quadriannulatus/CDC_T209/Voice0168.wav,dryad,Anopheles quadriannulatus,Anopheles quadriannulatus,T209,Anopheles quadriannulatus|raw/Anopheles quadriannulatus/Anopheles quadriannulatus/CDC_T209,f5b93f0e932d6e00638cf4b381a2d2dea85df475457660bbfb16459290e79f25,f5b93f0e932d6e00638cf4b381a2d2dea85df475457660bbfb16459290e79f25,960080,8000.0,1.0,60.0,PCM_16,.wav,
data/raw/Anopheles quadriannulatus/Anopheles quadriannulatus/CDC_T209/Voice0169.wav,dryad,Anopheles quadriannulatus,Anopheles quadriannulatus,T209,Anopheles quadriannulatus|raw/Anopheles quadriannulatus/Anopheles quadriannulatus/CDC_T209,f9b5bb8491f7a4cc2bd7b92b3b84ea8086d68695e1adb3bd62abdf953eb1161c,f9b5bb8491f7a4cc2bd7b92b3b84ea8086d68695e1adb3bd62abdf953eb1161c,960080,8000.0,1.0,60.0,PCM_16,.wav,
data/raw/Anopheles quadriannulatus/Anopheles quadriannulatus/CDC_T209/Voice0170.wav,dryad,Anopheles quadriannulatus,Anopheles quadriannulatus,T209,Anopheles quadriannulatus|raw/Anopheles quadriannulatus/Anopheles quadriannulatus/CDC_T209,d66b53722241f45cea7f21b50e0c2b2c40a47fcca4f70294fdf1836e7a40811c,d66b53722241f45cea7f21b50e0c2b2c40a47fcca4f70294fdf1836e7a40811c,960080,8000.0,1.0,60.0,PCM_16,.wav,
data/raw/Anopheles quadriannulatus/Anopheles quadriannulatus/CDC_T209/Voice0171 sanqua.wav,dryad,Anopheles quadriannulatus,Anopheles quadriannulatus,T209,Anopheles quadriannulatus|raw/Anopheles quadriannulatus/Anopheles quadriannulatus/CDC_T209,aaa9dfb0aecd2e0c9069fc46b6f4b914fcb25efbb8afe3b277aa3d0e5d10f29b,aaa9dfb0aecd2e0c9069fc46b6f4b914fcb25efbb8afe3b277aa3d0e5d10f29b,960080,8000.0,1.0,60.0,PCM_16,.wav,
data/raw/Anopheles quadriannulatus/Anopheles quadriannulatus/CDC_Xperia/11-18-2016-105358 sanqua.wav,dryad,Anopheles quadriannulatus,Anopheles quadriannulatus,Xperia,Anopheles quadriannulatus|raw/Anopheles quadriannulatus/Anopheles quadriannulatus/CDC_Xperia,25bdc9498c7edbf03d8316ef67073538935b69ec44e83720c898b22d334992ca,25bdc9498c7edbf03d8316ef67073538935b69ec44e83720c898b22d334992ca,38707244,44100.0,1.0,438.85714285714283,PCM_16,.wav,
data/raw/Anopheles quadrimaculatus/Anopheles quadrimaculatus/Auburn_T209/Voice0126 quad.wav,dryad,Anopheles quadrimaculatus,Anopheles quadrimaculatus,T209,Anopheles quadrimaculatus|raw/Anopheles quadrimaculatus/Anopheles quadrimaculatus/Auburn_T209,0b3a53b0d18aeb555502d819b126886cd6be8482e104786b43694f8734b46e6c,0b3a53b0d18aeb555502d819b126886cd6be8482e104786b43694f8734b46e6c,960080,8000.0,1.0,60.0,PCM_16,.wav,
data/raw/Anopheles quadrimaculatus/Anopheles quadrimaculatus/Auburn_T209/Voice0127.wav,dryad,Anopheles quadrimaculatus,Anopheles quadrimaculatus,T209,Anopheles quadrimaculatus|raw/Anopheles quadrimaculatus/Anopheles quadrimaculatus/Auburn_T209,ac9498b89132ff928fb0fcd5807a2be67fcb6caad5251d91ea7a63d2b17762ff,ac9498b89132ff928fb0fcd5807a2be67fcb6caad5251d91ea7a63d2b17762ff,960080,8000.0,1.0,60.0,PCM_16,.wav,
data/raw/Anopheles quadrimaculatus/Anopheles quadrimaculatus/Auburn_T209/Voice0128.wav,dryad,Anopheles quadrimaculatus,Anopheles quadrimaculatus,T209,Anopheles quadrimaculatus|raw/Anopheles quadrimaculatus/Anopheles quadrimaculatus/Auburn_T209,1bfa2e093f5771ca49bb87188a91ebe262da0c3b60a3603306a19fa29fc0e7d1,1bfa2e093f5771ca49bb87188a91ebe262da0c3b60a3603306a19fa29fc0e7d1,960080,8000.0,1.0,60.0,PCM_16,.wav,
data/raw/Anopheles quadrimaculatus/Anopheles quadrimaculatus/Auburn_T209/Voice0129.wav,dryad,Anopheles quadrimaculatus,Anopheles quadrimaculatus,T209,Anopheles quadrimaculatus|raw/Anopheles quadrimaculatus/Anopheles quadrimaculatus/Auburn_T209,7df380a7c3bddffc112f53a963e514dcdeda66b6ce2ef3e9eb8a7b9213d71b74,7df380a7c3bddffc112f53a963e514dcdeda66b6ce2ef3e9eb8a7b9213d71b74,960080,8000.0,1.0,60.0,PCM_16,.wav,
data/raw/Anopheles quadrimaculatus/Anopheles quadrimaculatus/Auburn_T209/Voice0130 quad.wav,dryad,Anopheles quadrimaculatus,Anopheles quadrimaculatus,T209,Anopheles quadrimaculatus|raw/Anopheles quadrimaculatus/Anopheles quadrimaculatus/Auburn_T209,685e513f5e0b3d050e2d6f8658be9e0baa2c98a6f9211185f1c77cc50d6de1a4,685e513f5e0b3d050e2d6f8658be9e0baa2c98a6f9211185f1c77cc50d6de1a4,960080,8000.0,1.0,60.0,PCM_16,.wav,
data/raw/Anopheles quadrimaculatus/Anopheles quadrimaculatus/Auburn_Xperia/11-11-2016-151731 quadri.wav,dryad,Anopheles quadrimaculatus,Anopheles quadrimaculatus,Xperia,Anopheles quadrimaculatus|raw/Anopheles quadrimaculatus/Anopheles quadrimaculatus/Auburn_Xperia,d6d50bd2655e415dcd5471e6efaa8cd18b8fcba763331bd164d0e559387fd94c,d6d50bd2655e415dcd5471e6efaa8cd18b8fcba763331bd164d0e559387fd94c,32256044,44100.0,1.0,365.7142857142857,PCM_16,.wav,
data/raw/Anopheles stephensi/Anopheles stephensi/GoogleNexus/Background.wav,dryad,Anopheles stephensi,noise,Nexus,Anopheles stephensi|raw/Anopheles stephensi/Anopheles stephensi/GoogleNexus,noise|background_unresolved,3761f3486e37fca204107f60f9097fa434f52159b371d1e19316961cbba7e362,1827884,44100.0,1.0,20.723809523809525,PCM_16,.wav,exact_duplicate
data/raw/Anopheles stephensi/Anopheles stephensi/GoogleNexus/as1.wav,dryad,Anopheles stephensi,Anopheles stephensi,Nexus,Anopheles stephensi|raw/Anopheles stephensi/Anopheles stephensi/GoogleNexus,b5587058890e365f7dbfaf2db74381a131959bc35c12df146879a4f2e02c6f01,b5587058890e365f7dbfaf2db74381a131959bc35c12df146879a4f2e02c6f01,3502124,44100.0,1.0,39.63646258503401,PCM_16,.wav,
data/raw/Anopheles stephensi/Anopheles stephensi/GoogleNexus/as2.wav,dryad,Anopheles stephensi,Anopheles stephensi,Nexus,Anopheles stephensi|raw/Anopheles stephensi/Anopheles stephensi/GoogleNexus,e87eed9eb36dec0d1286d5cff8e8a85aa5aae7f2573dd6519e4c5d7e7d18f0af,e87eed9eb36dec0d1286d5cff8e8a85aa5aae7f2573dd6519e4c5d7e7d18f0af,2426924,44100.0,1.0,27.445986394557824,PCM_16,.wav,
data/raw/Anopheles stephensi/Anopheles stephensi/GoogleNexus/as3.wav,dryad,Anopheles stephensi,Anopheles stephensi,Nexus,Anopheles stephensi|raw/Anopheles stephensi/Anopheles stephensi/GoogleNexus,6755db8355ba1eb1591421303ecb73f8a53f47483a8ad3378120f29bc2d67085,6755db8355ba1eb1591421303ecb73f8a53f47483a8ad3378120f29bc2d67085,5793836,44100.0,1.0,65.68925170068027,PCM_16,.wav,
data/raw/Anopheles stephensi/Anopheles stephensi/GoogleNexus/as4.wav,dryad,Anopheles stephensi,Anopheles stephensi,Nexus,Anopheles stephensi|raw/Anopheles stephensi/Anopheles stephensi/GoogleNexus,b6941e4abc57ca8c6b94354d8111a236fbc961d1553bb11fb07a82436f9c906d,b6941e4abc57ca8c6b94354d8111a236fbc961d1553bb11fb07a82436f9c906d,4012076,44100.0,1.0,45.41823129251701,PCM_16,.wav,
data/raw/Anopheles stephensi/Anopheles stephensi/GoogleNexus/as5.wav,dryad,Anopheles stephensi,Anopheles stephensi,Nexus,Anopheles stephensi|raw/Anopheles stephensi/Anopheles stephensi/GoogleNexus,2538e914bc7bd4969001d1b446f79861aadf50886a9927f6470d52e690c692ae,2538e914bc7bd4969001d1b446f79861aadf50886a9927f6470d52e690c692ae,4110380,44100.0,1.0,46.53278911564626,PCM_16,.wav,
data/raw/Anopheles stephensi/Anopheles stephensi/GoogleNexus/as6.wav,dryad,Anopheles stephensi,Anopheles stephensi,Nexus,Anopheles stephensi|raw/Anopheles stephensi/Anopheles stephensi/GoogleNexus,a8f57a0be2cf50f6c02acce5992a8d9737d98acc24962c742a3d00f74c3ef60b,a8f57a0be2cf50f6c02acce5992a8d9737d98acc24962c742a3d00f74c3ef60b,3115052,44100.0,1.0,35.31755102040816,PCM_16,.wav,
data/raw/Anopheles stephensi/Anopheles stephensi/GoogleNexus/as7.wav,dryad,Anopheles stephensi,Anopheles stephensi,Nexus,Anopheles stephensi|raw/Anopheles stephensi/Anopheles stephensi/GoogleNexus,fb11c6018b97da2645b1d9b1cc7015326ab7bfccdc525cd0020d13568dc3ccc3,fb11c6018b97da2645b1d9b1cc7015326ab7bfccdc525cd0020d13568dc3ccc3,3348524,44100.0,1.0,37.89496598639456,PCM_16,.wav,
data/raw/Anopheles stephensi/Anopheles stephensi/GoogleNexus/asf1.wav,dryad,Anopheles stephensi,Anopheles stephensi,Nexus,Anopheles stephensi|raw/Anopheles stephensi/Anopheles stephensi/GoogleNexus,9b3e821051966e7f5cc6ac0fc070c65a4bc79d84c5e0c948b852b840edfb396b,9b3e821051966e7f5cc6ac0fc070c65a4bc79d84c5e0c948b852b840edfb396b,6660140,44100.0,1.0,75.44163265306122,PCM_16,.wav,
data/raw/Anopheles stephensi/Anopheles stephensi/GoogleNexus/asf2.wav,dryad,Anopheles stephensi,Anopheles stephensi,Nexus,Anopheles stephensi|raw/Anopheles stephensi/Anopheles stephensi/GoogleNexus,1ba3146678e6da6535db2a41f59386f5a3311fefc9b3c5527fbdd2280590b577,1ba3146678e6da6535db2a41f59386f5a3311fefc9b3c5527fbdd2280590b577,3723308,44100.0,1.0,42.14421768707483,PCM_16,.wav,
data/raw/Anopheles stephensi/Anopheles stephensi/GoogleNexus/asm1.wav,dryad,Anopheles stephensi,Anopheles stephensi,Nexus,Anopheles stephensi|raw/Anopheles stephensi/Anopheles stephensi/GoogleNexus,0f54f055f068691c4dbce8423de896fbf2390d2c283f8899e41b0e670f983990,0f54f055f068691c4dbce8423de896fbf2390d2c283f8899e41b0e670f983990,2218028,44100.0,1.0,25.14721088435374,PCM_16,.wav,
data/raw/Anopheles stephensi/Anopheles stephensi/GoogleNexus/asswarm1.wav,dryad,Anopheles stephensi,Anopheles stephensi,Nexus,Anopheles stephensi|raw/Anopheles stephensi/Anopheles stephensi/GoogleNexus,ad90b6311aa56ae2763d7edd83072d3c758c9b9f8e1bc80e839831b49b7f72a2,ad90b6311aa56ae2763d7edd83072d3c758c9b9f8e1bc80e839831b49b7f72a2,1665068,44100.0,1.0,18.808163265306124,PCM_16,.wav,
data/raw/Anopheles stephensi/Anopheles stephensi/Huawei866C/Background.wav,dryad,Anopheles stephensi,noise,Huawei866C,Anopheles stephensi|raw/Anopheles stephensi/Anopheles stephensi/Huawei866C,noise|background_unresolved,b0947e8da416422bdf25e7984e403c8325f048e823c9fac3a1557e9d53bb3924,127120,8000.0,1.0,7.94,PCM_16,.wav,exact_duplicate
data/raw/Anopheles stephensi/Anopheles stephensi/Huawei866C/Raw/Recording19800215_031.amr,dryad,Anopheles stephensi,Anopheles stephensi,Huawei866C,Anopheles stephensi|raw/Anopheles stephensi/Anopheles stephensi/Huawei866C/Raw,81a2b8d33bf4a93bdf575c03e796d50b5fafb5ccb88921522bf2309bdc2aca46,81a2b8d33bf4a93bdf575c03e796d50b5fafb5ccb88921522bf2309bdc2aca46,25395,,,,,.amr,compressed_original_has_wav
data/raw/Anopheles stephensi/Anopheles stephensi/Huawei866C/Raw/Recording19800215_032.amr,dryad,Anopheles stephensi,Anopheles stephensi,Huawei866C,Anopheles stephensi|raw/Anopheles stephensi/Anopheles stephensi/Huawei866C/Raw,abb22b7f7f1040645ebb723daa9b995ec9f3b7497c7115e3fc2fa88138abbe71,abb22b7f7f1040645ebb723daa9b995ec9f3b7497c7115e3fc2fa88138abbe71,41775,,,,,.amr,compressed_original_has_wav
data/raw/Anopheles stephensi/Anopheles stephensi/Huawei866C/Raw/Recording19800215_033.amr,dryad,Anopheles stephensi,Anopheles stephensi,Huawei866C,Anopheles stephensi|raw/Anopheles stephensi/Anopheles stephensi/Huawei866C/Raw,81094e0328c001035dad1c86b528de15ea7b8651a5607c93cb1e32a85ef47afa,81094e0328c001035dad1c86b528de15ea7b8651a5607c93cb1e32a85ef47afa,44531,,,,,.amr,compressed_original_has_wav
data/raw/Anopheles stephensi/Anopheles stephensi/Huawei866C/Raw/Recording19800215_034.amr,dryad,Anopheles stephensi,Anopheles stephensi,Huawei866C,Anopheles stephensi|raw/Anopheles stephensi/Anopheles stephensi/Huawei866C/Raw,93b0873b8774b278c92e40ca9be8eeb37e91b5f2f76fce5bcffcab5a92e4ccee,93b0873b8774b278c92e40ca9be8eeb37e91b5f2f76fce5bcffcab5a92e4ccee,37953,,,,,.amr,compressed_original_has_wav
data/raw/Anopheles stephensi/Anopheles stephensi/Huawei866C/Raw/Recording19800215_035.amr,dryad,Anopheles stephensi,Anopheles stephensi,Huawei866C,Anopheles stephensi|raw/Anopheles stephensi/Anopheles stephensi/Huawei866C/Raw,498b7a39e77bd1d9b77d9d6530e4cc7825d38e089a1f106be0f2fc48f7f49d4c,498b7a39e77bd1d9b77d9d6530e4cc7825d38e089a1f106be0f2fc48f7f49d4c,26383,,,,,.amr,compressed_original_has_wav
data/raw/Anopheles stephensi/Anopheles stephensi/Huawei866C/Raw/Recording19800215_036.amr,dryad,Anopheles stephensi,Anopheles stephensi,Huawei866C,Anopheles stephensi|raw/Anopheles stephensi/Anopheles stephensi/Huawei866C/Raw,92cbca63e10f3d192b13404aa155c4a8e32efced4c167990ef643f77e69bf486,92cbca63e10f3d192b13404aa155c4a8e32efced4c167990ef643f77e69bf486,41359,,,,,.amr,compressed_original_has_wav
data/raw/Anopheles stephensi/Anopheles stephensi/Huawei866C/Raw/Recording19800215_037.amr,dryad,Anopheles stephensi,Anopheles stephensi,Huawei866C,Anopheles stephensi|raw/Anopheles stephensi/Anopheles stephensi/Huawei866C/Raw,ce5fbec3fdcd4ab8e43e6d09382f2eb830eadeccffced4223d0a586cdb9b6b5c,ce5fbec3fdcd4ab8e43e6d09382f2eb830eadeccffced4223d0a586cdb9b6b5c,17153,,,,,.amr,compressed_original_has_wav
data/raw/Anopheles stephensi/Anopheles stephensi/Huawei866C/Raw/Recording19800215_038.amr,dryad,Anopheles stephensi,Anopheles stephensi,Huawei866C,Anopheles stephensi|raw/Anopheles stephensi/Anopheles stephensi/Huawei866C/Raw,8e72dd188878561f2d89efff0cc969694ebc5a2d52246a16a1fc36d30db6439b,8e72dd188878561f2d89efff0cc969694ebc5a2d52246a16a1fc36d30db6439b,33377,,,,,.amr,compressed_original_has_wav
data/raw/Anopheles stephensi/Anopheles stephensi/Huawei866C/Recording19800215_031.wav,dryad,Anopheles stephensi,Anopheles stephensi,Huawei866C,Anopheles stephensi|raw/Anopheles stephensi/Anopheles stephensi/Huawei866C,588e94ae634f059563c1ef08cb8d431e76d088c6ce0075ad0cca0a6c18ae755c,588e94ae634f059563c1ef08cb8d431e76d088c6ce0075ad0cca0a6c18ae755c,625040,8000.0,1.0,39.06,PCM_16,.wav,
data/raw/Anopheles stephensi/Anopheles stephensi/Huawei866C/Recording19800215_032.wav,dryad,Anopheles stephensi,Anopheles stephensi,Huawei866C,Anopheles stephensi|raw/Anopheles stephensi/Anopheles stephensi/Huawei866C,e692f144b357a81acd77cf3d3ce02b9158a867b88c4ab08d7d37c215b62dbeef,e692f144b357a81acd77cf3d3ce02b9158a867b88c4ab08d7d37c215b62dbeef,1028240,8000.0,1.0,64.26,PCM_16,.wav,
data/raw/Anopheles stephensi/Anopheles stephensi/Huawei866C/Recording19800215_033.wav,dryad,Anopheles stephensi,Anopheles stephensi,Huawei866C,Anopheles stephensi|raw/Anopheles stephensi/Anopheles stephensi/Huawei866C,f30e45deccc04f1458a6b8a42596f74a8d779bfbd2fb7b39047313223baa90a2,f30e45deccc04f1458a6b8a42596f74a8d779bfbd2fb7b39047313223baa90a2,1096080,8000.0,1.0,68.5,PCM_16,.wav,
data/raw/Anopheles stephensi/Anopheles stephensi/Huawei866C/Recording19800215_034.wav,dryad,Anopheles stephensi,Anopheles stephensi,Huawei866C,Anopheles stephensi|raw/Anopheles stephensi/Anopheles stephensi/Huawei866C,38498b1eda4da2351fa72ae9914a8522ccbfd05c7b04c4a05cd4c8be620f1a3a,38498b1eda4da2351fa72ae9914a8522ccbfd05c7b04c4a05cd4c8be620f1a3a,934160,8000.0,1.0,58.38,PCM_16,.wav,
data/raw/Anopheles stephensi/Anopheles stephensi/Huawei866C/Recording19800215_035.wav,dryad,Anopheles stephensi,Anopheles stephensi,Huawei866C,Anopheles stephensi|raw/Anopheles stephensi/Anopheles stephensi/Huawei866C,0dadda57729a8ad9cfadd48fde6171ce4028bb89774316506484bfbb08d32dc2,0dadda57729a8ad9cfadd48fde6171ce4028bb89774316506484bfbb08d32dc2,649360,8000.0,1.0,40.58,PCM_16,.wav,
data/raw/Anopheles stephensi/Anopheles stephensi/Huawei866C/Recording19800215_036.wav,dryad,Anopheles stephensi,Anopheles stephensi,Huawei866C,Anopheles stephensi|raw/Anopheles stephensi/Anopheles stephensi/Huawei866C,85cdb9f91d0234017af98959ad1b3ba9930938451989cf1bee7482ab67085ac2,85cdb9f91d0234017af98959ad1b3ba9930938451989cf1bee7482ab67085ac2,1018000,8000.0,1.0,63.62,PCM_16,.wav,
data/raw/Anopheles stephensi/Anopheles stephensi/Huawei866C/Recording19800215_037.wav,dryad,Anopheles stephensi,Anopheles stephensi,Huawei866C,Anopheles stephensi|raw/Anopheles stephensi/Anopheles stephensi/Huawei866C,0f170add749a39b890650fdaf517ee1e27d7907f08da28f69c79dfc797a127af,0f170add749a39b890650fdaf517ee1e27d7907f08da28f69c79dfc797a127af,422160,8000.0,1.0,26.38,PCM_16,.wav,
data/raw/Anopheles stephensi/Anopheles stephensi/Huawei866C/Recording19800215_038.wav,dryad,Anopheles stephensi,Anopheles stephensi,Huawei866C,Anopheles stephensi|raw/Anopheles stephensi/Anopheles stephensi/Huawei866C,6b55631e4cc32eb6238e63a9565dea2aba7c0ffd8366278cf4b2aed7a4826e33,6b55631e4cc32eb6238e63a9565dea2aba7c0ffd8366278cf4b2aed7a4826e33,821520,8000.0,1.0,51.34,PCM_16,.wav,
data/raw/Anopheles stephensi/Anopheles stephensi/Nokia5235/As.wav,dryad,Anopheles stephensi,Anopheles stephensi,Nokia5235,Anopheles stephensi|raw/Anopheles stephensi/Anopheles stephensi/Nokia5235,2cc786fffefafc3349102857200d8a6cee5095351d8223641f659928e5faccdb,2cc786fffefafc3349102857200d8a6cee5095351d8223641f659928e5faccdb,5490768,48000.0,1.0,57.19466666666667,PCM_16,.wav,
data/raw/Anopheles stephensi/Anopheles stephensi/Nokia5235/As1.wav,dryad,Anopheles stephensi,Anopheles stephensi,Nokia5235,Anopheles stephensi|raw/Anopheles stephensi/Anopheles stephensi/Nokia5235,cebe6a8b0bac7fa05e6acccf0376cdfbda7b334c36ad6d1ebe877e0e918dbae3,cebe6a8b0bac7fa05e6acccf0376cdfbda7b334c36ad6d1ebe877e0e918dbae3,2725968,48000.0,1.0,28.394666666666666,PCM_16,.wav,
data/raw/Anopheles stephensi/Anopheles stephensi/Nokia5235/As2.wav,dryad,Anopheles stephensi,Anopheles stephensi,Nokia5235,Anopheles stephensi|raw/Anopheles stephensi/Anopheles stephensi/Nokia5235,130dc1b50514ae3b7cb656a516b9497fd407b23de1e3a47d19ad772be0342488,130dc1b50514ae3b7cb656a516b9497fd407b23de1e3a47d19ad772be0342488,5689424,48000.0,1.0,59.264,PCM_16,.wav,
data/raw/Anopheles stephensi/Anopheles stephensi/Nokia5235/As4.wav,dryad,Anopheles stephensi,Anopheles stephensi,Nokia5235,Anopheles stephensi|raw/Anopheles stephensi/Anopheles stephensi/Nokia5235,d17c39b26fb572350c7b4c8cfb1d0689a4c7b03edfbacab9515b99505bc4a0b6,d17c39b26fb572350c7b4c8cfb1d0689a4c7b03edfbacab9515b99505bc4a0b6,7233616,48000.0,1.0,75.34933333333333,PCM_16,.wav,
data/raw/Anopheles stephensi/Anopheles stephensi/Nokia5235/As5.wav,dryad,Anopheles stephensi,Anopheles stephensi,Nokia5235,Anopheles stephensi|raw/Anopheles stephensi/Anopheles stephensi/Nokia5235,fcbd7676e4678f6a1e36df2c70a448fd1d45534f7096cba1c686bbaa278b8d78,fcbd7676e4678f6a1e36df2c70a448fd1d45534f7096cba1c686bbaa278b8d78,4284496,48000.0,1.0,44.629333333333335,PCM_16,.wav,
data/raw/Anopheles stephensi/Anopheles stephensi/Nokia5235/Background.wav,dryad,Anopheles stephensi,noise,Nokia5235,Anopheles stephensi|raw/Anopheles stephensi/Anopheles stephensi/Nokia5235,noise|background_unresolved,3761f3486e37fca204107f60f9097fa434f52159b371d1e19316961cbba7e362,1827884,44100.0,1.0,20.723809523809525,PCM_16,.wav,exact_duplicate
data/raw/Anopheles stephensi/Anopheles stephensi/Nokia5235/Raw/As.mp4,dryad,Anopheles stephensi,Anopheles stephensi,Nokia5235,Anopheles stephensi|raw/Anopheles stephensi/Anopheles stephensi/Nokia5235/Raw,fb176ad049f046b72a4f401a01e89882ff4478f124d570af350f734f227cd838,fb176ad049f046b72a4f401a01e89882ff4478f124d570af350f734f227cd838,479860,,,,,.mp4,compressed_original_has_wav
data/raw/Anopheles stephensi/Anopheles stephensi/Nokia5235/Raw/As1.mp4,dryad,Anopheles stephensi,Anopheles stephensi,Nokia5235,Anopheles stephensi|raw/Anopheles stephensi/Anopheles stephensi/Nokia5235/Raw,ace7caa83db041ffeabf5a3dedf1d93f66b8b7392d3f76e869eb87916c3f4b34,ace7caa83db041ffeabf5a3dedf1d93f66b8b7392d3f76e869eb87916c3f4b34,238669,,,,,.mp4,compressed_original_has_wav
data/raw/Anopheles stephensi/Anopheles stephensi/Nokia5235/Raw/As2.mp4,dryad,Anopheles stephensi,Anopheles stephensi,Nokia5235,Anopheles stephensi|raw/Anopheles stephensi/Anopheles stephensi/Nokia5235/Raw,15fbe6f17b9e7f8d560188bb339079b99bdd174d8a9b8247da48d9b845a68197,15fbe6f17b9e7f8d560188bb339079b99bdd174d8a9b8247da48d9b845a68197,497164,,,,,.mp4,compressed_original_has_wav
data/raw/Anopheles stephensi/Anopheles stephensi/Nokia5235/Raw/As4.mp4,dryad,Anopheles stephensi,Anopheles stephensi,Nokia5235,Anopheles stephensi|raw/Anopheles stephensi/Anopheles stephensi/Nokia5235/Raw,941e469777b808c38ccd41078339f1a1941fe7ffcd410d9d2638fd8399f4411d,941e469777b808c38ccd41078339f1a1941fe7ffcd410d9d2638fd8399f4411d,631913,,,,,.mp4,compressed_original_has_wav
data/raw/Anopheles stephensi/Anopheles stephensi/Nokia5235/Raw/As5.mp4,dryad,Anopheles stephensi,Anopheles stephensi,Nokia5235,Anopheles stephensi|raw/Anopheles stephensi/Anopheles stephensi/Nokia5235/Raw,8fa7a64bcdad19380142aa5cdd1f24c414f7b154bd1a0dd6b9ef65235ab06565,8fa7a64bcdad19380142aa5cdd1f24c414f7b154bd1a0dd6b9ef65235ab06565,374656,,,,,.mp4,compressed_original_has_wav
data/raw/Anopheles stephensi/Anopheles stephensi/Nokia6555B/Audio008.wav,dryad,Anopheles stephensi,Anopheles stephensi,Nokia6555B,Anopheles stephensi|raw/Anopheles stephensi/Anopheles stephensi/Nokia6555B,d5407dd20889d403175384112e5f240ada7dea5fd9cab373eee2625c1a03130d,d5407dd20889d403175384112e5f240ada7dea5fd9cab373eee2625c1a03130d,934480,8000.0,1.0,58.4,PCM_16,.wav,
data/raw/Anopheles stephensi/Anopheles stephensi/Nokia6555B/Audio009.wav,dryad,Anopheles stephensi,Anopheles stephensi,Nokia6555B,Anopheles stephensi|raw/Anopheles stephensi/Anopheles stephensi/Nokia6555B,f6c54f3d255674ab48859a72115b9ba655c5a07d025e2c375943a42e947b1401,f6c54f3d255674ab48859a72115b9ba655c5a07d025e2c375943a42e947b1401,1231440,8000.0,1.0,76.96,PCM_16,.wav,
data/raw/Anopheles stephensi/Anopheles stephensi/Nokia6555B/Audio010.wav,dryad,Anopheles stephensi,Anopheles stephensi,Nokia6555B,Anopheles stephensi|raw/Anopheles stephensi/Anopheles stephensi/Nokia6555B,2217fdc4b1a1348792de109c442295b4d71f9d180af9a8ee49d3ac5e75b2649f,2217fdc4b1a1348792de109c442295b4d71f9d180af9a8ee49d3ac5e75b2649f,965200,8000.0,1.0,60.32,PCM_16,.wav,
data/raw/Anopheles stephensi/Anopheles stephensi/Nokia6555B/Audio011.wav,dryad,Anopheles stephensi,Anopheles stephensi,Nokia6555B,Anopheles stephensi|raw/Anopheles stephensi/Anopheles stephensi/Nokia6555B,2725eeeb7895a1a5d4419cece6895caa5ff2716f1b4aaad946dfc4bb05ccacd2,2725eeeb7895a1a5d4419cece6895caa5ff2716f1b4aaad946dfc4bb05ccacd2,1771600,8000.0,1.0,110.72,PCM_16,.wav,
data/raw/Anopheles stephensi/Anopheles stephensi/Nokia6555B/Audio012.wav,dryad,Anopheles stephensi,Anopheles stephensi,Nokia6555B,Anopheles stephensi|raw/Anopheles stephensi/Anopheles stephensi/Nokia6555B,dbdf2882183fa13552614c7725d4645e9ef5a943cd8b3b842292190066ea1e4c,dbdf2882183fa13552614c7725d4645e9ef5a943cd8b3b842292190066ea1e4c,978000,8000.0,1.0,61.12,PCM_16,.wav,
data/raw/Anopheles stephensi/Anopheles stephensi/Nokia6555B/Audio013.wav,dryad,Anopheles stephensi,Anopheles stephensi,Nokia6555B,Anopheles stephensi|raw/Anopheles stephensi/Anopheles stephensi/Nokia6555B,e2957e44bdeec2638bafeb8f35bf1e86152303e15f6b1281a1d4c56c72f3b6d2,e2957e44bdeec2638bafeb8f35bf1e86152303e15f6b1281a1d4c56c72f3b6d2,967760,8000.0,1.0,60.48,PCM_16,.wav,
data/raw/Anopheles stephensi/Anopheles stephensi/Nokia6555B/Background.wav,dryad,Anopheles stephensi,noise,Nokia6555B,Anopheles stephensi|raw/Anopheles stephensi/Anopheles stephensi/Nokia6555B,noise|background_unresolved,3761f3486e37fca204107f60f9097fa434f52159b371d1e19316961cbba7e362,1827884,44100.0,1.0,20.723809523809525,PCM_16,.wav,exact_duplicate
data/raw/Anopheles stephensi/Anopheles stephensi/Nokia6555B/Raw/Audio008.amr,dryad,Anopheles stephensi,Anopheles stephensi,Nokia6555B,Anopheles stephensi|raw/Anopheles stephensi/Anopheles stephensi/Nokia6555B/Raw,6e2c2726def523c2616ffc3c03106c1d4b80de761cd0b73c0cd08e80316b0b29,6e2c2726def523c2616ffc3c03106c1d4b80de761cd0b73c0cd08e80316b0b29,93446,,,,,.amr,compressed_original_has_wav
data/raw/Anopheles stephensi/Anopheles stephensi/Nokia6555B/Raw/Audio009.amr,dryad,Anopheles stephensi,Anopheles stephensi,Nokia6555B,Anopheles stephensi|raw/Anopheles stephensi/Anopheles stephensi/Nokia6555B/Raw,77e7d3346c5e87354356152aa63ea32a0d80a65f4cc1798b57770106155c059d,77e7d3346c5e87354356152aa63ea32a0d80a65f4cc1798b57770106155c059d,123142,,,,,.amr,compressed_original_has_wav
data/raw/Anopheles stephensi/Anopheles stephensi/Nokia6555B/Raw/Audio010.amr,dryad,Anopheles stephensi,Anopheles stephensi,Nokia6555B,Anopheles stephensi|raw/Anopheles stephensi/Anopheles stephensi/Nokia6555B/Raw,07943356e38980efac348cd2887e5c7a9a13a8bc68d665269faa6a020527a1dd,07943356e38980efac348cd2887e5c7a9a13a8bc68d665269faa6a020527a1dd,96518,,,,,.amr,compressed_original_has_wav
data/raw/Anopheles stephensi/Anopheles stephensi/Nokia6555B/Raw/Audio011.amr,dryad,Anopheles stephensi,Anopheles stephensi,Nokia6555B,Anopheles stephensi|raw/Anopheles stephensi/Anopheles stephensi/Nokia6555B/Raw,5ddb539465f147ca390c3bda00f43287b1c0b40d7ac327577dea25b2d4f58c1a,5ddb539465f147ca390c3bda00f43287b1c0b40d7ac327577dea25b2d4f58c1a,177158,,,,,.amr,compressed_original_has_wav
data/raw/Anopheles stephensi/Anopheles stephensi/Nokia6555B/Raw/Audio012.amr,dryad,Anopheles stephensi,Anopheles stephensi,Nokia6555B,Anopheles stephensi|raw/Anopheles stephensi/Anopheles stephensi/Nokia6555B/Raw,389d8a85bfbc0812242d26035eac72fd00942b49035400cef551dc3939d9f482,389d8a85bfbc0812242d26035eac72fd00942b49035400cef551dc3939d9f482,97798,,,,,.amr,compressed_original_has_wav
data/raw/Anopheles stephensi/Anopheles stephensi/Nokia6555B/Raw/Audio013.amr,dryad,Anopheles stephensi,Anopheles stephensi,Nokia6555B,Anopheles stephensi|raw/Anopheles stephensi/Anopheles stephensi/Nokia6555B/Raw,e191527caf280bbd19d4377e371c6e81dc719f409b2236d8571810ace56f56f7,e191527caf280bbd19d4377e371c6e81dc719f409b2236d8571810ace56f56f7,96774,,,,,.amr,compressed_original_has_wav
data/raw/Anopheles stephensi/Anopheles stephensi/SamsungT209/Background.wav,dryad,Anopheles stephensi,noise,T209,Anopheles stephensi|raw/Anopheles stephensi/Anopheles stephensi/SamsungT209,noise|background_unresolved,3761f3486e37fca204107f60f9097fa434f52159b371d1e19316961cbba7e362,1827884,44100.0,1.0,20.723809523809525,PCM_16,.wav,exact_duplicate
data/raw/Anopheles stephensi/Anopheles stephensi/SamsungT209/Raw/Voice0019.amr,dryad,Anopheles stephensi,Anopheles stephensi,T209,Anopheles stephensi|raw/Anopheles stephensi/Anopheles stephensi/SamsungT209/Raw,e51ae525f4c46e7241b5eb8c4c239d0baeb5b3bbe491f3b4c9e3b2d7207ea82e,e51ae525f4c46e7241b5eb8c4c239d0baeb5b3bbe491f3b4c9e3b2d7207ea82e,37797,,,,,.amr,compressed_original_has_wav
data/raw/Anopheles stephensi/Anopheles stephensi/SamsungT209/Raw/Voice0020.amr,dryad,Anopheles stephensi,Anopheles stephensi,T209,Anopheles stephensi|raw/Anopheles stephensi/Anopheles stephensi/SamsungT209/Raw,ca7cb8d95d6ac0f9c255105bff29cbed2d199e048050b34e727f5b2eac7a90dc,ca7cb8d95d6ac0f9c255105bff29cbed2d199e048050b34e727f5b2eac7a90dc,39006,,,,,.amr,compressed_original_has_wav
data/raw/Anopheles stephensi/Anopheles stephensi/SamsungT209/Raw/Voice0021.amr,dryad,Anopheles stephensi,Anopheles stephensi,T209,Anopheles stephensi|raw/Anopheles stephensi/Anopheles stephensi/SamsungT209/Raw,98065ef6a91551840ab594b8cbc322d54f9c73b6c393a8896d4d601a63584b11,98065ef6a91551840ab594b8cbc322d54f9c73b6c393a8896d4d601a63584b11,39006,,,,,.amr,compressed_original_has_wav
data/raw/Anopheles stephensi/Anopheles stephensi/SamsungT209/Raw/Voice0022.amr,dryad,Anopheles stephensi,Anopheles stephensi,T209,Anopheles stephensi|raw/Anopheles stephensi/Anopheles stephensi/SamsungT209/Raw,613b8c8ec8dde57c51a980db21f7ed1c9b8d2a18e7187d22c92ad11dbc9d50d6,613b8c8ec8dde57c51a980db21f7ed1c9b8d2a18e7187d22c92ad11dbc9d50d6,39006,,,,,.amr,compressed_original_has_wav
data/raw/Anopheles stephensi/Anopheles stephensi/SamsungT209/Raw/Voice0023.amr,dryad,Anopheles stephensi,Anopheles stephensi,T209,Anopheles stephensi|raw/Anopheles stephensi/Anopheles stephensi/SamsungT209/Raw,0aa4ac75c337df5281c61163a937083d9899d7b2b33d410fc420c85ae63594d8,0aa4ac75c337df5281c61163a937083d9899d7b2b33d410fc420c85ae63594d8,39006,,,,,.amr,compressed_original_has_wav
data/raw/Anopheles stephensi/Anopheles stephensi/SamsungT209/Voice0019.wav,dryad,Anopheles stephensi,Anopheles stephensi,T209,Anopheles stephensi|raw/Anopheles stephensi/Anopheles stephensi/SamsungT209,9fed0b1adfd5516aea7871e24fa74abd1673994f8a6018691f8033361b5fbe09,9fed0b1adfd5516aea7871e24fa74abd1673994f8a6018691f8033361b5fbe09,930320,8000.0,1.0,58.14,PCM_16,.wav,
data/raw/Anopheles stephensi/Anopheles stephensi/SamsungT209/Voice0020.wav,dryad,Anopheles stephensi,Anopheles stephensi,T209,Anopheles stephensi|raw/Anopheles stephensi/Anopheles stephensi/SamsungT209,64d549d8741b966edf48f62b83191a060a933447ea664bfeac2a4a256e08877e,64d549d8741b966edf48f62b83191a060a933447ea664bfeac2a4a256e08877e,960080,8000.0,1.0,60.0,PCM_16,.wav,
data/raw/Anopheles stephensi/Anopheles stephensi/SamsungT209/Voice0021.wav,dryad,Anopheles stephensi,Anopheles stephensi,T209,Anopheles stephensi|raw/Anopheles stephensi/Anopheles stephensi/SamsungT209,b04e6a36c9b04ffd753055e52e0e6a68bb98aff71a2ca6a2adc712f642fe2acc,b04e6a36c9b04ffd753055e52e0e6a68bb98aff71a2ca6a2adc712f642fe2acc,960080,8000.0,1.0,60.0,PCM_16,.wav,
data/raw/Anopheles stephensi/Anopheles stephensi/SamsungT209/Voice0022.wav,dryad,Anopheles stephensi,Anopheles stephensi,T209,Anopheles stephensi|raw/Anopheles stephensi/Anopheles stephensi/SamsungT209,608bb5cd2c99080a95de994f00e6e3e0c54abcba7f974c3252b11495ba85e224,608bb5cd2c99080a95de994f00e6e3e0c54abcba7f974c3252b11495ba85e224,960080,8000.0,1.0,60.0,PCM_16,.wav,
data/raw/Anopheles stephensi/Anopheles stephensi/SamsungT209/Voice0023.wav,dryad,Anopheles stephensi,Anopheles stephensi,T209,Anopheles stephensi|raw/Anopheles stephensi/Anopheles stephensi/SamsungT209,6908bc8440be0ad249ec628240561348624a37cb47d134a5f9a41efbcd4399e6,6908bc8440be0ad249ec628240561348624a37cb47d134a5f9a41efbcd4399e6,960080,8000.0,1.0,60.0,PCM_16,.wav,
data/raw/Anopheles stephensi/Anopheles stephensi/SonyXperia/03-02-2016-172557 asmix bugdorm .wav,dryad,Anopheles stephensi,Anopheles stephensi,Xperia,Anopheles stephensi|raw/Anopheles stephensi/Anopheles stephensi/SonyXperia,a9edc37290f68164b6ff9f9f010ae13d39c8ac9b2cac52daf35d318388d015a6,a9edc37290f68164b6ff9f9f010ae13d39c8ac9b2cac52daf35d318388d015a6,3333164,44100.0,1.0,37.79047619047619,PCM_16,.wav,
data/raw/Anopheles stephensi/Anopheles stephensi/SonyXperia/03-02-2016-172812 asmix bugdorm .wav,dryad,Anopheles stephensi,Anopheles stephensi,Xperia,Anopheles stephensi|raw/Anopheles stephensi/Anopheles stephensi/SonyXperia,b68479a06772f6a44b19220e9cdd8e05e1d9bd3f3a71d5ec5d55a218df9852df,b68479a06772f6a44b19220e9cdd8e05e1d9bd3f3a71d5ec5d55a218df9852df,7311404,44100.0,1.0,82.8952380952381,PCM_16,.wav,
data/raw/Anopheles stephensi/Anopheles stephensi/SonyXperia/03-02-2016-173231 asf bugdorm .wav,dryad,Anopheles stephensi,Anopheles stephensi,Xperia,Anopheles stephensi|raw/Anopheles stephensi/Anopheles stephensi/SonyXperia,e16e09e6d2f3dbcdde6075cbd17a6e28022d2e9857d98dfbb481eb78eb24cfe0,e16e09e6d2f3dbcdde6075cbd17a6e28022d2e9857d98dfbb481eb78eb24cfe0,3225644,44100.0,1.0,36.57142857142857,PCM_16,.wav,
data/raw/Anopheles stephensi/Anopheles stephensi/SonyXperia/03-02-2016-173312 asm bugdorm .wav,dryad,Anopheles stephensi,Anopheles stephensi,Xperia,Anopheles stephensi|raw/Anopheles stephensi/Anopheles stephensi/SonyXperia,1aab0e6cb6a9cd2fd98d9f0cdea89ec5671a039c2f2994c3a160a4d34327fe91,1aab0e6cb6a9cd2fd98d9f0cdea89ec5671a039c2f2994c3a160a4d34327fe91,3978284,44100.0,1.0,45.10476190476191,PCM_16,.wav,
data/raw/Anopheles stephensi/Anopheles stephensi/SonyXperia/03-02-2016-173822 as swarm .wav,dryad,Anopheles stephensi,Anopheles stephensi,Xperia,Anopheles stephensi|raw/Anopheles stephensi/Anopheles stephensi/SonyXperia,b38fd3dafa7d581f59552acb67ba7d7b88dd8fc05fb0c85b9a97b583efd3d5ae,b38fd3dafa7d581f59552acb67ba7d7b88dd8fc05fb0c85b9a97b583efd3d5ae,7956524,44100.0,1.0,90.20952380952382,PCM_16,.wav,
data/raw/Anopheles stephensi/Anopheles stephensi/SonyXperia/03-02-2016-174431 asmix .wav,dryad,Anopheles stephensi,Anopheles stephensi,Xperia,Anopheles stephensi|raw/Anopheles stephensi/Anopheles stephensi/SonyXperia,d786f89284688e5282eca22c23576b028a5380beec3227b9408cc8b6f5226e11,d786f89284688e5282eca22c23576b028a5380beec3227b9408cc8b6f5226e11,6881324,44100.0,1.0,78.01904761904763,PCM_16,.wav,
data/raw/Anopheles stephensi/Anopheles stephensi/SonyXperia/Background.wav,dryad,Anopheles stephensi,noise,Xperia,Anopheles stephensi|raw/Anopheles stephensi/Anopheles stephensi/SonyXperia,noise|background_unresolved,3761f3486e37fca204107f60f9097fa434f52159b371d1e19316961cbba7e362,1827884,44100.0,1.0,20.723809523809525,PCM_16,.wav,exact_duplicate
data/raw/Anopheles stephensi/Anopheles stephensi/iPhone4S/20160302 171140AsteF.wav,dryad,Anopheles stephensi,Anopheles stephensi,iPhone4S,Anopheles stephensi|raw/Anopheles stephensi/Anopheles stephensi/iPhone4S,07f727c02a2b73fd2e5782078b4e657f39b58bd15a292ce3711a92d3497fa0b6,07f727c02a2b73fd2e5782078b4e657f39b58bd15a292ce3711a92d3497fa0b6,4550642,44100.0,1.0,51.59328798185941,PCM_16,.wav,
data/raw/Anopheles stephensi/Anopheles stephensi/iPhone4S/20160302 171441AsteF.wav,dryad,Anopheles stephensi,Anopheles stephensi,iPhone4S,Anopheles stephensi|raw/Anopheles stephensi/Anopheles stephensi/iPhone4S,8a537a059a05f44233a4f2334aca02996f4a484336472acc15246ef9cd8b8f04,8a537a059a05f44233a4f2334aca02996f4a484336472acc15246ef9cd8b8f04,3784690,44100.0,1.0,42.909024943310655,PCM_16,.wav,
data/raw/Anopheles stephensi/Anopheles stephensi/iPhone4S/20160302 171604AsteF.wav,dryad,Anopheles stephensi,Anopheles stephensi,iPhone4S,Anopheles stephensi|raw/Anopheles stephensi/Anopheles stephensi/iPhone4S,b8faefef071b7480e4380af67f9d6e5020c53951da6a6411e5d9184f9de9be11,b8faefef071b7480e4380af67f9d6e5020c53951da6a6411e5d9184f9de9be11,3268594,44100.0,1.0,37.057596371882084,PCM_16,.wav,
data/raw/Anopheles stephensi/Anopheles stephensi/iPhone4S/20160302 171951.wav,dryad,Anopheles stephensi,Anopheles stephensi,iPhone4S,Anopheles stephensi|raw/Anopheles stephensi/Anopheles stephensi/iPhone4S,2a066d1af3e69fbff0b53d15dc799940ad373413d69c187c8f83035fb1589c20,2a066d1af3e69fbff0b53d15dc799940ad373413d69c187c8f83035fb1589c20,4636658,44100.0,1.0,52.56852607709751,PCM_16,.wav,
data/raw/Anopheles stephensi/Anopheles stephensi/iPhone4S/20160302 172215AsteF.wav,dryad,Anopheles stephensi,Anopheles stephensi,iPhone4S,Anopheles stephensi|raw/Anopheles stephensi/Anopheles stephensi/iPhone4S,8e0fae70f050787d993f61d1117567ad0f0ec32d9828f989de8ef81b39db81d6,8e0fae70f050787d993f61d1117567ad0f0ec32d9828f989de8ef81b39db81d6,897010,44100.0,1.0,10.168888888888889,PCM_16,.wav,
data/raw/Anopheles stephensi/Anopheles stephensi/iPhone4S/20160302 172325AsteM.wav,dryad,Anopheles stephensi,Anopheles stephensi,iPhone4S,Anopheles stephensi|raw/Anopheles stephensi/Anopheles stephensi/iPhone4S,05c6272ea1c3aed5db30864cdbbcc5451a81ad473c11e413e89f8f70289dd275,05c6272ea1c3aed5db30864cdbbcc5451a81ad473c11e413e89f8f70289dd275,1742834,44100.0,1.0,19.75873015873016,PCM_16,.wav,
data/raw/Anopheles stephensi/Anopheles stephensi/iPhone4S/20160302 172533.wav,dryad,Anopheles stephensi,Anopheles stephensi,iPhone4S,Anopheles stephensi|raw/Anopheles stephensi/Anopheles stephensi/iPhone4S,4ea54c7b14ff5146bbfb70c1928a1d23b605372048034f347c7e73065625edee,4ea54c7b14ff5146bbfb70c1928a1d23b605372048034f347c7e73065625edee,4671474,44100.0,1.0,52.96326530612245,PCM_16,.wav,
data/raw/Anopheles stephensi/Anopheles stephensi/iPhone4S/20160302 172634.wav,dryad,Anopheles stephensi,Anopheles stephensi,iPhone4S,Anopheles stephensi|raw/Anopheles stephensi/Anopheles stephensi/iPhone4S,81b1e092c3d633600e961d6ef64cd154b0ca156109e91b0c5246f79017e2557f,81b1e092c3d633600e961d6ef64cd154b0ca156109e91b0c5246f79017e2557f,3033074,44100.0,1.0,34.387301587301586,PCM_16,.wav,
data/raw/Anopheles stephensi/Anopheles stephensi/iPhone4S/20160302 172759.wav,dryad,Anopheles stephensi,Anopheles stephensi,iPhone4S,Anopheles stephensi|raw/Anopheles stephensi/Anopheles stephensi/iPhone4S,3d64e705b9efaacd85efa73efb59af2f6a93c2a969432a9f9d795cd9bfb0a0d3,3d64e705b9efaacd85efa73efb59af2f6a93c2a969432a9f9d795cd9bfb0a0d3,4859890,44100.0,1.0,55.099501133786845,PCM_16,.wav,
data/raw/Anopheles stephensi/Anopheles stephensi/iPhone4S/20160302 172902.wav,dryad,Anopheles stephensi,Anopheles stephensi,iPhone4S,Anopheles stephensi|raw/Anopheles stephensi/Anopheles stephensi/iPhone4S,a122349ea0d01b5341af5795ee4542f223124852a6f2098f1920efac433d5187,a122349ea0d01b5341af5795ee4542f223124852a6f2098f1920efac433d5187,6232050,44100.0,1.0,70.65687074829933,PCM_16,.wav,
data/raw/Anopheles stephensi/Anopheles stephensi/iPhone4S/Background.wav,dryad,Anopheles stephensi,noise,iPhone4S,Anopheles stephensi|raw/Anopheles stephensi/Anopheles stephensi/iPhone4S,noise|background_unresolved,3761f3486e37fca204107f60f9097fa434f52159b371d1e19316961cbba7e362,1827884,44100.0,1.0,20.723809523809525,PCM_16,.wav,exact_duplicate
data/raw/Anopheles stephensi/Anopheles stephensi/iPhone4S/Raw/20160302 171140AsteF.m4a,dryad,Anopheles stephensi,Anopheles stephensi,iPhone4S,Anopheles stephensi|raw/Anopheles stephensi/Anopheles stephensi/iPhone4S/Raw,bb3cd78082d19d2507de3a534e9e2d9d819a4d0121ee052cc0e01532986d23eb,bb3cd78082d19d2507de3a534e9e2d9d819a4d0121ee052cc0e01532986d23eb,415671,,,,,.m4a,compressed_original_has_wav
data/raw/Anopheles stephensi/Anopheles stephensi/iPhone4S/Raw/20160302 171441AsteF.m4a,dryad,Anopheles stephensi,Anopheles stephensi,iPhone4S,Anopheles stephensi|raw/Anopheles stephensi/Anopheles stephensi/iPhone4S/Raw,4891146ac3385e9e6a69e15ea821862a3ec024b1ac0466b7561abd14a3d865a2,4891146ac3385e9e6a69e15ea821862a3ec024b1ac0466b7561abd14a3d865a2,345453,,,,,.m4a,compressed_original_has_wav
data/raw/Anopheles stephensi/Anopheles stephensi/iPhone4S/Raw/20160302 171604AsteF.m4a,dryad,Anopheles stephensi,Anopheles stephensi,iPhone4S,Anopheles stephensi|raw/Anopheles stephensi/Anopheles stephensi/iPhone4S/Raw,25de198c27e08071defc4301e051c200067de6731d400be5b6d3e110ad0c2062,25de198c27e08071defc4301e051c200067de6731d400be5b6d3e110ad0c2062,298040,,,,,.m4a,compressed_original_has_wav
data/raw/Anopheles stephensi/Anopheles stephensi/iPhone4S/Raw/20160302 171951.m4a,dryad,Anopheles stephensi,Anopheles stephensi,iPhone4S,Anopheles stephensi|raw/Anopheles stephensi/Anopheles stephensi/iPhone4S/Raw,46385571e5724c275874de3a01995d96f2e71bf5ddd784beddfc39563b1dd2ca,46385571e5724c275874de3a01995d96f2e71bf5ddd784beddfc39563b1dd2ca,422090,,,,,.m4a,compressed_original_has_wav
data/raw/Anopheles stephensi/Anopheles stephensi/iPhone4S/Raw/20160302 172215AsteF.m4a,dryad,Anopheles stephensi,Anopheles stephensi,iPhone4S,Anopheles stephensi|raw/Anopheles stephensi/Anopheles stephensi/iPhone4S/Raw,10de691025e5d944c61b2ce5b2419afe165684dc0b1f8b35a705dea825581d1a,10de691025e5d944c61b2ce5b2419afe165684dc0b1f8b35a705dea825581d1a,82868,,,,,.m4a,compressed_original_has_wav
data/raw/Anopheles stephensi/Anopheles stephensi/iPhone4S/Raw/20160302 172325AsteM.m4a,dryad,Anopheles stephensi,Anopheles stephensi,iPhone4S,Anopheles stephensi|raw/Anopheles stephensi/Anopheles stephensi/iPhone4S/Raw,41225388d1e1d7e3d8fbb83fedd9be5b919b1288de12f1baac5f0ec5d0cd0553,41225388d1e1d7e3d8fbb83fedd9be5b919b1288de12f1baac5f0ec5d0cd0553,160356,,,,,.m4a,compressed_original_has_wav
data/raw/Anopheles stephensi/Anopheles stephensi/iPhone4S/Raw/20160302 172533.m4a,dryad,Anopheles stephensi,Anopheles stephensi,iPhone4S,Anopheles stephensi|raw/Anopheles stephensi/Anopheles stephensi/iPhone4S/Raw,070c1b46ba52beab46f6737d7432c3a0d289767af7e4365dd077e8af98145071,070c1b46ba52beab46f6737d7432c3a0d289767af7e4365dd077e8af98145071,426674,,,,,.m4a,compressed_original_has_wav
data/raw/Anopheles stephensi/Anopheles stephensi/iPhone4S/Raw/20160302 172634.m4a,dryad,Anopheles stephensi,Anopheles stephensi,iPhone4S,Anopheles stephensi|raw/Anopheles stephensi/Anopheles stephensi/iPhone4S/Raw,f1f11ca97e8f21cbfa4fd27b46cf75198c1e284f0eec8e1aa5e43fc880a24656,f1f11ca97e8f21cbfa4fd27b46cf75198c1e284f0eec8e1aa5e43fc880a24656,276891,,,,,.m4a,compressed_original_has_wav
data/raw/Anopheles stephensi/Anopheles stephensi/iPhone4S/Raw/20160302 172759.m4a,dryad,Anopheles stephensi,Anopheles stephensi,iPhone4S,Anopheles stephensi|raw/Anopheles stephensi/Anopheles stephensi/iPhone4S/Raw,cd5710d2313e375e38f1e5dd21d8edd65ddd95065436f4d89ff5d8da23fc82c3,cd5710d2313e375e38f1e5dd21d8edd65ddd95065436f4d89ff5d8da23fc82c3,441694,,,,,.m4a,compressed_original_has_wav
data/raw/Anopheles stephensi/Anopheles stephensi/iPhone4S/Raw/20160302 172902.m4a,dryad,Anopheles stephensi,Anopheles stephensi,iPhone4S,Anopheles stephensi|raw/Anopheles stephensi/Anopheles stephensi/iPhone4S/Raw,29e44500ccf46475d456688bab700858f66f15c7496db6ab88cc69374ecf5412,29e44500ccf46475d456688bab700858f66f15c7496db6ab88cc69374ecf5412,567487,,,,,.m4a,compressed_original_has_wav
data/raw/Anopheles stephensi/Anopheles stephensi/iPhone6/As (1).wav,dryad,Anopheles stephensi,Anopheles stephensi,iPhone6,Anopheles stephensi|raw/Anopheles stephensi/Anopheles stephensi/iPhone6,5f69c869a3cb41fa92ff6dc659b36c1a7be615c7538f4e3814b2e967cb7e6933,5f69c869a3cb41fa92ff6dc659b36c1a7be615c7538f4e3814b2e967cb7e6933,3758066,44100.0,1.0,42.60716553287982,PCM_16,.wav,
data/raw/Anopheles stephensi/Anopheles stephensi/iPhone6/As (2).wav,dryad,Anopheles stephensi,Anopheles stephensi,iPhone6,Anopheles stephensi|raw/Anopheles stephensi/Anopheles stephensi/iPhone6,bf314d354aff61746de6628f3709a856e0bd14ae91f63d75198253f7d3e9733e,bf314d354aff61746de6628f3709a856e0bd14ae91f63d75198253f7d3e9733e,3592178,44100.0,1.0,40.726349206349205,PCM_16,.wav,
data/raw/Anopheles stephensi/Anopheles stephensi/iPhone6/As (3).wav,dryad,Anopheles stephensi,Anopheles stephensi,iPhone6,Anopheles stephensi|raw/Anopheles stephensi/Anopheles stephensi/iPhone6,bf8e25220f5f9917ec836840f93ec8c1409227b1bd239079263bff80ea61dc47,bf8e25220f5f9917ec836840f93ec8c1409227b1bd239079263bff80ea61dc47,2727922,44100.0,1.0,30.927528344671202,PCM_16,.wav,
data/raw/Anopheles stephensi/Anopheles stephensi/iPhone6/As (4).wav,dryad,Anopheles stephensi,Anopheles stephensi,iPhone6,Anopheles stephensi|raw/Anopheles stephensi/Anopheles stephensi/iPhone6,eafa125d26088ca42869cefba56ad5e89086c0dd808c9858e9ba7e922b5bd856,eafa125d26088ca42869cefba56ad5e89086c0dd808c9858e9ba7e922b5bd856,1333234,44100.0,1.0,15.114739229024943,PCM_16,.wav,
data/raw/Anopheles stephensi/Anopheles stephensi/iPhone6/As.wav,dryad,Anopheles stephensi,Anopheles stephensi,iPhone6,Anopheles stephensi|raw/Anopheles stephensi/Anopheles stephensi/iPhone6,95eec1cfc7c0864a97c035fa622a9f7a6732f8b587aa704ff744928b46af7a59,95eec1cfc7c0864a97c035fa622a9f7a6732f8b587aa704ff744928b46af7a59,5539826,44100.0,1.0,62.808526077097504,PCM_16,.wav,
data/raw/Anopheles stephensi/Anopheles stephensi/iPhone6/Asf.wav,dryad,Anopheles stephensi,Anopheles stephensi,iPhone6,Anopheles stephensi|raw/Anopheles stephensi/Anopheles stephensi/iPhone6,3795667d32fd559c9b049004c7defb7742768f6a6ed4fe8673db06abdb8b4a95,3795667d32fd559c9b049004c7defb7742768f6a6ed4fe8673db06abdb8b4a95,2996210,44100.0,1.0,33.96934240362812,PCM_16,.wav,
data/raw/Anopheles stephensi/Anopheles stephensi/iPhone6/Asm.wav,dryad,Anopheles stephensi,Anopheles stephensi,iPhone6,Anopheles stephensi|raw/Anopheles stephensi/Anopheles stephensi/iPhone6,19a71ccd4da01949b856ad72a7fa52ec70e3b67877872ed45397500015a25711,19a71ccd4da01949b856ad72a7fa52ec70e3b67877872ed45397500015a25711,2047986,44100.0,1.0,23.218503401360543,PCM_16,.wav,
data/raw/Anopheles stephensi/Anopheles stephensi/iPhone6/Background.wav,dryad,Anopheles stephensi,noise,iPhone6,Anopheles stephensi|raw/Anopheles stephensi/Anopheles stephensi/iPhone6,noise|background_unresolved,3761f3486e37fca204107f60f9097fa434f52159b371d1e19316961cbba7e362,1827884,44100.0,1.0,20.723809523809525,PCM_16,.wav,exact_duplicate
data/raw/Anopheles stephensi/Anopheles stephensi/iPhone6/Raw/As (1).m4a,dryad,Anopheles stephensi,Anopheles stephensi,iPhone6,Anopheles stephensi|raw/Anopheles stephensi/Anopheles stephensi/iPhone6/Raw,eba3f0a85e064e18ef1d1b7086dc27bb0bd7a049b3bf0c5bf1f90b27f7098c2a,eba3f0a85e064e18ef1d1b7086dc27bb0bd7a049b3bf0c5bf1f90b27f7098c2a,344445,,,,,.m4a,compressed_original_has_wav
data/raw/Anopheles stephensi/Anopheles stephensi/iPhone6/Raw/As (2).m4a,dryad,Anopheles stephensi,Anopheles stephensi,iPhone6,Anopheles stephensi|raw/Anopheles stephensi/Anopheles stephensi/iPhone6/Raw,f85fa277d5c0d53ada1df702ab116030ad894531ab35cae0fdbfb1044513f92e,f85fa277d5c0d53ada1df702ab116030ad894531ab35cae0fdbfb1044513f92e,328221,,,,,.m4a,compressed_original_has_wav
data/raw/Anopheles stephensi/Anopheles stephensi/iPhone6/Raw/As (3).m4a,dryad,Anopheles stephensi,Anopheles stephensi,iPhone6,Anopheles stephensi|raw/Anopheles stephensi/Anopheles stephensi/iPhone6/Raw,dbfc9133c639b39e52c24024d7d25d2facfc6acde56ad800b03682e3cecab574,dbfc9133c639b39e52c24024d7d25d2facfc6acde56ad800b03682e3cecab574,250388,,,,,.m4a,compressed_original_has_wav
data/raw/Anopheles stephensi/Anopheles stephensi/iPhone6/Raw/As (4).m4a,dryad,Anopheles stephensi,Anopheles stephensi,iPhone6,Anopheles stephensi|raw/Anopheles stephensi/Anopheles stephensi/iPhone6/Raw,7ef327e7d3c7da89fce0464076c39b084453fa45cac629de3178d32dc3736784,7ef327e7d3c7da89fce0464076c39b084453fa45cac629de3178d32dc3736784,122781,,,,,.m4a,compressed_original_has_wav
data/raw/Anopheles stephensi/Anopheles stephensi/iPhone6/Raw/As.m4a,dryad,Anopheles stephensi,Anopheles stephensi,iPhone6,Anopheles stephensi|raw/Anopheles stephensi/Anopheles stephensi/iPhone6/Raw,92ee1546fc44c929777b87e144bac61fb9bdcb322ffa28a6f4b34ac4105dbe7f,92ee1546fc44c929777b87e144bac61fb9bdcb322ffa28a6f4b34ac4105dbe7f,505535,,,,,.m4a,compressed_original_has_wav
data/raw/Anopheles stephensi/Anopheles stephensi/iPhone6/Raw/Asf.m4a,dryad,Anopheles stephensi,Anopheles stephensi,iPhone6,Anopheles stephensi|raw/Anopheles stephensi/Anopheles stephensi/iPhone6/Raw,712c0eda57669f7ed8da1691d8d8e203c48ecf9158f1146fd7e99353a01f8ea1,712c0eda57669f7ed8da1691d8d8e203c48ecf9158f1146fd7e99353a01f8ea1,273237,,,,,.m4a,compressed_original_has_wav
data/raw/Anopheles stephensi/Anopheles stephensi/iPhone6/Raw/Asm.m4a,dryad,Anopheles stephensi,Anopheles stephensi,iPhone6,Anopheles stephensi|raw/Anopheles stephensi/Anopheles stephensi/iPhone6/Raw,f607a627c660be7f62a5748a8a79b0294ba3e4bd9d2b78b4735b47fd806abf17,f607a627c660be7f62a5748a8a79b0294ba3e4bd9d2b78b4735b47fd806abf17,188203,,,,,.m4a,compressed_original_has_wav
data/raw/Culex pipiens/Culex pipiens/SanMateoVCD_Xperia/Cxp 1.wav,dryad,Culex pipiens,Culex pipiens,Xperia,Culex pipiens|raw/Culex pipiens/Culex pipiens/SanMateoVCD_Xperia,1c46cc157d225d4ea3c3db3269ac30ede1a37c057ccebeb9e825c5ebe3ce01f3,1c46cc157d225d4ea3c3db3269ac30ede1a37c057ccebeb9e825c5ebe3ce01f3,10967084,44100.0,1.0,124.34285714285714,PCM_16,.wav,
data/raw/Culex pipiens/Culex pipiens/SanMateoVCD_Xperia/Cxp 2.wav,dryad,Culex pipiens,Culex pipiens,Xperia,Culex pipiens|raw/Culex pipiens/Culex pipiens/SanMateoVCD_Xperia,be9b1bb305c0b05c98979fd686014561fcd8070f998426ad80ae391a03e04e5b,be9b1bb305c0b05c98979fd686014561fcd8070f998426ad80ae391a03e04e5b,5591084,44100.0,1.0,63.39047619047619,PCM_16,.wav,
data/raw/Culex pipiens/Culex pipiens/SanMateoVCD_Xperia/Cxp 3.wav,dryad,Culex pipiens,Culex pipiens,Xperia,Culex pipiens|raw/Culex pipiens/Culex pipiens/SanMateoVCD_Xperia,9441aa1a600bb83b761c87b0146ceb0cdce94bfd82a8ea8e13b02d5f59a31026,9441aa1a600bb83b761c87b0146ceb0cdce94bfd82a8ea8e13b02d5f59a31026,11612204,44100.0,1.0,131.65714285714284,PCM_16,.wav,
data/raw/Culex pipiens/Culex pipiens/SanMateoVCD_Xperia/San mateo bg.wav,dryad,Culex pipiens,Culex pipiens,Xperia,Culex pipiens|raw/Culex pipiens/Culex pipiens/SanMateoVCD_Xperia,c15ba45c64f9789bf935061cc3ae81f96540f2d7261dd694fba3971b16e349b1,c15ba45c64f9789bf935061cc3ae81f96540f2d7261dd694fba3971b16e349b1,3978284,44100.0,1.0,45.10476190476191,PCM_16,.wav,conflicting_exact_labels
data/raw/Culex pipiens/Culex pipiens/SanMateoVCD_iPhone4S/P1.wav,dryad,Culex pipiens,Culex pipiens,iPhone4S,Culex pipiens|raw/Culex pipiens/Culex pipiens/SanMateoVCD_iPhone4S,11632042d5fc12118f2107daea988720c851b43888bbdde0f59550ba34387a27,11632042d5fc12118f2107daea988720c851b43888bbdde0f59550ba34387a27,4399090,44100.0,1.0,49.87501133786848,PCM_16,.wav,
data/raw/Culex pipiens/Culex pipiens/SanMateoVCD_iPhone4S/P2.wav,dryad,Culex pipiens,Culex pipiens,iPhone4S,Culex pipiens|raw/Culex pipiens/Culex pipiens/SanMateoVCD_iPhone4S,ba14b9fe82f98710834f25e214b396fc88ddf6246d0c6a0e8f09874ad24907bb,ba14b9fe82f98710834f25e214b396fc88ddf6246d0c6a0e8f09874ad24907bb,3954674,44100.0,1.0,44.836281179138325,PCM_16,.wav,
data/raw/Culex pipiens/Culex pipiens/SanMateoVCD_iPhone4S/P3.wav,dryad,Culex pipiens,Culex pipiens,iPhone4S,Culex pipiens|raw/Culex pipiens/Culex pipiens/SanMateoVCD_iPhone4S,ac3b3013d4a13dbd2f7c0dbade77c93e3bfaf268f236cce800c457e1763b04f1,ac3b3013d4a13dbd2f7c0dbade77c93e3bfaf268f236cce800c457e1763b04f1,7811058,44100.0,1.0,88.55945578231292,PCM_16,.wav,
data/raw/Culex pipiens/Culex pipiens/SanMateoVCD_iPhone4S/P4.wav,dryad,Culex pipiens,Culex pipiens,iPhone4S,Culex pipiens|raw/Culex pipiens/Culex pipiens/SanMateoVCD_iPhone4S,90e85d92f903609e80cd8a005079a585069e18ffaabc0500964e9577a5322aad,90e85d92f903609e80cd8a005079a585069e18ffaabc0500964e9577a5322aad,8538098,44100.0,1.0,96.80253968253969,PCM_16,.wav,
data/raw/Culex pipiens/Culex pipiens/SanMateoVCD_iPhone4S/P5.wav,dryad,Culex pipiens,Culex pipiens,iPhone4S,Culex pipiens|raw/Culex pipiens/Culex pipiens/SanMateoVCD_iPhone4S,59a6f971dd8b38e06f461400a810af915a50b37d9a80b0431cabc373913d4ed7,59a6f971dd8b38e06f461400a810af915a50b37d9a80b0431cabc373913d4ed7,5804018,44100.0,1.0,65.80390022675736,PCM_16,.wav,
data/raw/Culex quinquefasciatus/Culex quinquefasciatus/SanMateoVCD_Xperia/Cxq 1.wav,dryad,Culex quinquefasciatus,Culex quinquefasciatus,Xperia,Culex quinquefasciatus|raw/Culex quinquefasciatus/Culex quinquefasciatus/SanMateoVCD_Xperia,9fb5480162a0e661f3bc8ff8b3e36083868060707fb1284b3be25aa5a6fe2c6b,9fb5480162a0e661f3bc8ff8b3e36083868060707fb1284b3be25aa5a6fe2c6b,7311404,44100.0,1.0,82.8952380952381,PCM_16,.wav,
data/raw/Culex quinquefasciatus/Culex quinquefasciatus/SanMateoVCD_Xperia/Cxq 2.wav,dryad,Culex quinquefasciatus,Culex quinquefasciatus,Xperia,Culex quinquefasciatus|raw/Culex quinquefasciatus/Culex quinquefasciatus/SanMateoVCD_Xperia,0e269f2c19a014bee6e97ce23578e0e6d84e2a79bd84454da7b6cb7b8b09c122,0e269f2c19a014bee6e97ce23578e0e6d84e2a79bd84454da7b6cb7b8b09c122,5698604,44100.0,1.0,64.60952380952381,PCM_16,.wav,
data/raw/Culex quinquefasciatus/Culex quinquefasciatus/SanMateoVCD_Xperia/Cxq 3.wav,dryad,Culex quinquefasciatus,Culex quinquefasciatus,Xperia,Culex quinquefasciatus|raw/Culex quinquefasciatus/Culex quinquefasciatus/SanMateoVCD_Xperia,441d5c00ad98c59785e5049183333de1f1ef703ca088a27c93ddbb898a7c6016,441d5c00ad98c59785e5049183333de1f1ef703ca088a27c93ddbb898a7c6016,5483564,44100.0,1.0,62.17142857142857,PCM_16,.wav,
data/raw/Culex quinquefasciatus/Culex quinquefasciatus/SanMateoVCD_Xperia/Cxq 4.wav,dryad,Culex quinquefasciatus,Culex quinquefasciatus,Xperia,Culex quinquefasciatus|raw/Culex quinquefasciatus/Culex quinquefasciatus/SanMateoVCD_Xperia,13457d6fe40946de7fc4d792dda1dad091136202d4e8ab4988747ed510161d87,13457d6fe40946de7fc4d792dda1dad091136202d4e8ab4988747ed510161d87,8171564,44100.0,1.0,92.64761904761905,PCM_16,.wav,
data/raw/Culex quinquefasciatus/Culex quinquefasciatus/SanMateoVCD_Xperia/San mateo bg.wav,dryad,Culex quinquefasciatus,Culex quinquefasciatus,Xperia,Culex quinquefasciatus|raw/Culex quinquefasciatus/Culex quinquefasciatus/SanMateoVCD_Xperia,c15ba45c64f9789bf935061cc3ae81f96540f2d7261dd694fba3971b16e349b1,c15ba45c64f9789bf935061cc3ae81f96540f2d7261dd694fba3971b16e349b1,3978284,44100.0,1.0,45.10476190476191,PCM_16,.wav,conflicting_exact_labels
data/raw/Culex quinquefasciatus/Culex quinquefasciatus/SanMateoVCD_iPhone4S/Q1.wav,dryad,Culex quinquefasciatus,Culex quinquefasciatus,iPhone4S,Culex quinquefasciatus|raw/Culex quinquefasciatus/Culex quinquefasciatus/SanMateoVCD_iPhone4S,c51138da6f8e13fe80d559969da6060469ef71c06200fe0c1a8675030148089f,c51138da6f8e13fe80d559969da6060469ef71c06200fe0c1a8675030148089f,1869810,44100.0,1.0,21.198367346938774,PCM_16,.wav,
data/raw/Culex quinquefasciatus/Culex quinquefasciatus/SanMateoVCD_iPhone4S/Q2.wav,dryad,Culex quinquefasciatus,Culex quinquefasciatus,iPhone4S,Culex quinquefasciatus|raw/Culex quinquefasciatus/Culex quinquefasciatus/SanMateoVCD_iPhone4S,ecec23212defc8f13fc5486185fa3c7415b42afd2df26213c239073eb96de505,ecec23212defc8f13fc5486185fa3c7415b42afd2df26213c239073eb96de505,5134322,44100.0,1.0,58.21097505668934,PCM_16,.wav,
data/raw/Culex quinquefasciatus/Culex quinquefasciatus/SanMateoVCD_iPhone4S/Q3.wav,dryad,Culex quinquefasciatus,Culex quinquefasciatus,iPhone4S,Culex quinquefasciatus|raw/Culex quinquefasciatus/Culex quinquefasciatus/SanMateoVCD_iPhone4S,701bb8463519e456321ba3826a02342a3da534d7edd3e2dea33008cc25a5259e,701bb8463519e456321ba3826a02342a3da534d7edd3e2dea33008cc25a5259e,6154226,44100.0,1.0,69.77451247165533,PCM_16,.wav,
data/raw/Culex quinquefasciatus/Culex quinquefasciatus/SanMateoVCD_iPhone4S/Q4.wav,dryad,Culex quinquefasciatus,Culex quinquefasciatus,iPhone4S,Culex quinquefasciatus|raw/Culex quinquefasciatus/Culex quinquefasciatus/SanMateoVCD_iPhone4S,53e40463497e00af9f2fbe61284fd6df88ec3fe92a7a293a74c64da0e13daf16,53e40463497e00af9f2fbe61284fd6df88ec3fe92a7a293a74c64da0e13daf16,4866034,44100.0,1.0,55.169160997732426,PCM_16,.wav,
data/raw/Culex quinquefasciatus/Culex quinquefasciatus/SanMateoVCD_iPhone4S/Q5.wav,dryad,Culex quinquefasciatus,Culex quinquefasciatus,iPhone4S,Culex quinquefasciatus|raw/Culex quinquefasciatus/Culex quinquefasciatus/SanMateoVCD_iPhone4S,6da441e0813734640a8ba538c58e32f19afaf6ad606c6b345499e3db88af2c4e,6da441e0813734640a8ba538c58e32f19afaf6ad606c6b345499e3db88af2c4e,5476338,44100.0,1.0,62.0887074829932,PCM_16,.wav,
data/raw/Culex quinquefasciatus/Culex quinquefasciatus/SanMateoVCD_iPhone4S/Q6.wav,dryad,Culex quinquefasciatus,Culex quinquefasciatus,iPhone4S,Culex quinquefasciatus|raw/Culex quinquefasciatus/Culex quinquefasciatus/SanMateoVCD_iPhone4S,371c26f3c4490bb2267bc0a1afb647588445e11bd187636432b580ddbbe5df97,371c26f3c4490bb2267bc0a1afb647588445e11bd187636432b580ddbbe5df97,5019634,44100.0,1.0,56.910657596371884,PCM_16,.wav,
data/raw/Culex quinquefasciatus/Culex quinquefasciatus/SanMateoVCD_iPhone4S/Q7.wav,dryad,Culex quinquefasciatus,Culex quinquefasciatus,iPhone4S,Culex quinquefasciatus|raw/Culex quinquefasciatus/Culex quinquefasciatus/SanMateoVCD_iPhone4S,7fd217bf8ff749212f44a152fa9e30eeae758f92a745386b57bf0169983ae464,7fd217bf8ff749212f44a152fa9e30eeae758f92a745386b57bf0169983ae464,3590130,44100.0,1.0,40.70312925170068,PCM_16,.wav,
data/raw/Culex quinquefasciatus/Culex quinquefasciatus/SanMateoVCD_iPhone4S/Q8.wav,dryad,Culex quinquefasciatus,Culex quinquefasciatus,iPhone4S,Culex quinquefasciatus|raw/Culex quinquefasciatus/Culex quinquefasciatus/SanMateoVCD_iPhone4S,32099fdbdee43236865a855f10c403b08975352e1503ac27cc204e72a8c8ce4e,32099fdbdee43236865a855f10c403b08975352e1503ac27cc204e72a8c8ce4e,4114418,44100.0,1.0,46.64743764172336,PCM_16,.wav,
data/raw/Culex tarsalis/Culex tarsalis/PrakashLab_T209/Voice0065.wav,dryad,Culex tarsalis,Culex tarsalis,T209,Culex tarsalis|raw/Culex tarsalis/Culex tarsalis/PrakashLab_T209,22030202fefe71c20ef2e43053a13075b0a3de6b4fd071f3e5bb3643af41f3f2,22030202fefe71c20ef2e43053a13075b0a3de6b4fd071f3e5bb3643af41f3f2,960080,8000.0,1.0,60.0,PCM_16,.wav,
data/raw/Culex tarsalis/Culex tarsalis/PrakashLab_T209/Voice0066.wav,dryad,Culex tarsalis,Culex tarsalis,T209,Culex tarsalis|raw/Culex tarsalis/Culex tarsalis/PrakashLab_T209,c7773bd9baf75d6ae21644879f31bcca4ae79afbc3e5fed4da842389df12255b,c7773bd9baf75d6ae21644879f31bcca4ae79afbc3e5fed4da842389df12255b,960080,8000.0,1.0,60.0,PCM_16,.wav,
data/raw/Culex tarsalis/Culex tarsalis/PrakashLab_T209/Voice0067.wav,dryad,Culex tarsalis,Culex tarsalis,T209,Culex tarsalis|raw/Culex tarsalis/Culex tarsalis/PrakashLab_T209,0c99bc8349fcaa7c1c329d58104529ad6ad2636114ceffa3bff77d4628367286,0c99bc8349fcaa7c1c329d58104529ad6ad2636114ceffa3bff77d4628367286,960080,8000.0,1.0,60.0,PCM_16,.wav,
data/raw/Culex tarsalis/Culex tarsalis/PrakashLab_T209/Voice0068.wav,dryad,Culex tarsalis,Culex tarsalis,T209,Culex tarsalis|raw/Culex tarsalis/Culex tarsalis/PrakashLab_T209,b129d135de1f8ed8edf6f5905705cfa55d89151a101f8aa4fc8c7e6f257a40db,b129d135de1f8ed8edf6f5905705cfa55d89151a101f8aa4fc8c7e6f257a40db,960080,8000.0,1.0,60.0,PCM_16,.wav,
data/raw/Culex tarsalis/Culex tarsalis/PrakashLab_T209/Voice0069.wav,dryad,Culex tarsalis,Culex tarsalis,T209,Culex tarsalis|raw/Culex tarsalis/Culex tarsalis/PrakashLab_T209,d24d143ef2fb19dc11d7063edb9897be7638e0fb3f444fe8fdc0421f68e6e985,d24d143ef2fb19dc11d7063edb9897be7638e0fb3f444fe8fdc0421f68e6e985,522000,8000.0,1.0,32.62,PCM_16,.wav,
data/raw/Culex tarsalis/Culex tarsalis/PrakashLab_iPhone4S/CxT F (1).wav,dryad,Culex tarsalis,Culex tarsalis,iPhone4S,Culex tarsalis|raw/Culex tarsalis/Culex tarsalis/PrakashLab_iPhone4S,ca0670d6c7b3fd63fbbb67cefdbe1c96b9938016ad7d5b0c13b3b7f2c17f49b7,ca0670d6c7b3fd63fbbb67cefdbe1c96b9938016ad7d5b0c13b3b7f2c17f49b7,1671154,44100.0,1.0,18.946031746031746,PCM_16,.wav,
data/raw/Culex tarsalis/Culex tarsalis/PrakashLab_iPhone4S/CxT F (2).wav,dryad,Culex tarsalis,Culex tarsalis,iPhone4S,Culex tarsalis|raw/Culex tarsalis/Culex tarsalis/PrakashLab_iPhone4S,ff9ebcfe2104ba9dd201f5632fcf9ff52f32507a503a0b9e095e7b2d885c328b,ff9ebcfe2104ba9dd201f5632fcf9ff52f32507a503a0b9e095e7b2d885c328b,4423666,44100.0,1.0,50.15365079365079,PCM_16,.wav,
data/raw/Culex tarsalis/Culex tarsalis/PrakashLab_iPhone4S/CxT F (3).wav,dryad,Culex tarsalis,Culex tarsalis,iPhone4S,Culex tarsalis|raw/Culex tarsalis/Culex tarsalis/PrakashLab_iPhone4S,9039a6d80ff17907a69ff19697a62b5e9c753683e79a053754464a2be1a594a7,9039a6d80ff17907a69ff19697a62b5e9c753683e79a053754464a2be1a594a7,3280882,44100.0,1.0,37.19691609977324,PCM_16,.wav,
data/raw/Culex tarsalis/Culex tarsalis/PrakashLab_iPhone4S/CxT F (4).wav,dryad,Culex tarsalis,Culex tarsalis,iPhone4S,Culex tarsalis|raw/Culex tarsalis/Culex tarsalis/PrakashLab_iPhone4S,e490ab3c0e9313eab15a186a8e34800d49b485beb5c101e7465015d2415b906e,e490ab3c0e9313eab15a186a8e34800d49b485beb5c101e7465015d2415b906e,3297266,44100.0,1.0,37.38267573696145,PCM_16,.wav,
data/raw/Culex tarsalis/Culex tarsalis/PrakashLab_iPhone4S/CxT F (5).wav,dryad,Culex tarsalis,Culex tarsalis,iPhone4S,Culex tarsalis|raw/Culex tarsalis/Culex tarsalis/PrakashLab_iPhone4S,41a796883042da13cf79c6fbfaee64f31a3559e772379b286cfdbcf0b749614b,41a796883042da13cf79c6fbfaee64f31a3559e772379b286cfdbcf0b749614b,6246386,44100.0,1.0,70.819410430839,PCM_16,.wav,
data/raw/Culex tarsalis/Culex tarsalis/PrakashLab_iPhone4S/CxT F (6).wav,dryad,Culex tarsalis,Culex tarsalis,iPhone4S,Culex tarsalis|raw/Culex tarsalis/Culex tarsalis/PrakashLab_iPhone4S,be1af120c91cb1db552626126e0056a91b30537e34e856bd24387b935422b323,be1af120c91cb1db552626126e0056a91b30537e34e856bd24387b935422b323,6619122,44100.0,1.0,75.04544217687075,PCM_16,.wav,
data/raw/Culex tarsalis/Culex tarsalis/PrakashLab_iPhone4S/CxT F.wav,dryad,Culex tarsalis,Culex tarsalis,iPhone4S,Culex tarsalis|raw/Culex tarsalis/Culex tarsalis/PrakashLab_iPhone4S,28ca6d019f0812499578a90c2fffed87292ee18bbb8bf73e59748ee3a277913c,28ca6d019f0812499578a90c2fffed87292ee18bbb8bf73e59748ee3a277913c,4560882,44100.0,1.0,51.70938775510204,PCM_16,.wav,
data/raw/Culex tarsalis/Culex tarsalis/PrakashLab_iPhone4S/Raw/CxT F (1).m4a,dryad,Culex tarsalis,Culex tarsalis,iPhone4S,Culex tarsalis|raw/Culex tarsalis/Culex tarsalis/PrakashLab_iPhone4S/Raw,02dd37a30f6bb4afb7a9ccc19e80a0444312f42e4a66959841e7a72585d27cd9,02dd37a30f6bb4afb7a9ccc19e80a0444312f42e4a66959841e7a72585d27cd9,153503,,,,,.m4a,compressed_original_has_wav
data/raw/Culex tarsalis/Culex tarsalis/PrakashLab_iPhone4S/Raw/CxT F (2).m4a,dryad,Culex tarsalis,Culex tarsalis,iPhone4S,Culex tarsalis|raw/Culex tarsalis/Culex tarsalis/PrakashLab_iPhone4S/Raw,aabceacbf922fb06040816e90d3427049059a1be86c75f469c7c09f1a6266aaf,aabceacbf922fb06040816e90d3427049059a1be86c75f469c7c09f1a6266aaf,406072,,,,,.m4a,compressed_original_has_wav
data/raw/Culex tarsalis/Culex tarsalis/PrakashLab_iPhone4S/Raw/CxT F (3).m4a,dryad,Culex tarsalis,Culex tarsalis,iPhone4S,Culex tarsalis|raw/Culex tarsalis/Culex tarsalis/PrakashLab_iPhone4S/Raw,dd9579b2bff8e8db20bbb3f8835c3c74cce61cd687470485872313884dd6c06d,dd9579b2bff8e8db20bbb3f8835c3c74cce61cd687470485872313884dd6c06d,300071,,,,,.m4a,compressed_original_has_wav
data/raw/Culex tarsalis/Culex tarsalis/PrakashLab_iPhone4S/Raw/CxT F (4).m4a,dryad,Culex tarsalis,Culex tarsalis,iPhone4S,Culex tarsalis|raw/Culex tarsalis/Culex tarsalis/PrakashLab_iPhone4S/Raw,5d61dc7d9a225e829befa306f7cf9d48a40f79671d2afd20f6bc25065e5a58e1,5d61dc7d9a225e829befa306f7cf9d48a40f79671d2afd20f6bc25065e5a58e1,302743,,,,,.m4a,compressed_original_has_wav
data/raw/Culex tarsalis/Culex tarsalis/PrakashLab_iPhone4S/Raw/CxT F (5).m4a,dryad,Culex tarsalis,Culex tarsalis,iPhone4S,Culex tarsalis|raw/Culex tarsalis/Culex tarsalis/PrakashLab_iPhone4S/Raw,4d876ecef1af66fe4759c9de992d5c01a765e674aa725b4731ccbeb160035ae1,4d876ecef1af66fe4759c9de992d5c01a765e674aa725b4731ccbeb160035ae1,569356,,,,,.m4a,compressed_original_has_wav
data/raw/Culex tarsalis/Culex tarsalis/PrakashLab_iPhone4S/Raw/CxT F (6).m4a,dryad,Culex tarsalis,Culex tarsalis,iPhone4S,Culex tarsalis|raw/Culex tarsalis/Culex tarsalis/PrakashLab_iPhone4S/Raw,8ba3976732a072411fe11ecacbca7105462d044990ecb318d821b23c551d0166,8ba3976732a072411fe11ecacbca7105462d044990ecb318d821b23c551d0166,602689,,,,,.m4a,compressed_original_has_wav
data/raw/Culex tarsalis/Culex tarsalis/PrakashLab_iPhone4S/Raw/CxT F.m4a,dryad,Culex tarsalis,Culex tarsalis,iPhone4S,Culex tarsalis|raw/Culex tarsalis/Culex tarsalis/PrakashLab_iPhone4S/Raw,a6c3a52cb24b90e48f7172d20a43b663fba6a99dcf556037ced259669068cee0,a6c3a52cb24b90e48f7172d20a43b663fba6a99dcf556037ced259669068cee0,416476,,,,,.m4a,compressed_original_has_wav
data/raw/Culiseta incidens/Culiseta incidens/Big Black Mosquito Day 4_ Blood Fed_ Glenn Park Ds1.wav,dryad,Culiseta incidens,Culiseta incidens,unknown,Culiseta incidens|raw/Culiseta incidens/Culiseta incidens,a4e61a89192adc81a22dc6f8761b58d8b0a50c2fc7987601aca2ba5992da83de,a4e61a89192adc81a22dc6f8761b58d8b0a50c2fc7987601aca2ba5992da83de,5908466,44100.0,1.0,66.9881179138322,PCM_16,.wav,
data/raw/Culiseta incidens/Culiseta incidens/Big Black Mosquito Glen Park - March 2016 - DS4.wav,dryad,Culiseta incidens,Culiseta incidens,unknown,Culiseta incidens|raw/Culiseta incidens/Culiseta incidens,aa81d174cfed2f04505c01781005c02e60302d65296355c86d1a33e07e9da3c7,aa81d174cfed2f04505c01781005c02e60302d65296355c86d1a33e07e9da3c7,882674,44100.0,1.0,10.006349206349206,PCM_16,.wav,
data/raw/Culiseta incidens/Culiseta incidens/Big Black Mosquito Glen Park - March 2016 - Ds1.wav,dryad,Culiseta incidens,Culiseta incidens,unknown,Culiseta incidens|raw/Culiseta incidens/Culiseta incidens,89fe17887bcd4e4019b74d35b28ac18e1e1da5bf7113e36cd7c9ff8880f16fc0,89fe17887bcd4e4019b74d35b28ac18e1e1da5bf7113e36cd7c9ff8880f16fc0,2355186,44100.0,1.0,26.701496598639455,PCM_16,.wav,
data/raw/Culiseta incidens/Culiseta incidens/Big Black Mosquito Glen Park - March 2016 - dS2.wav,dryad,Culiseta incidens,Culiseta incidens,unknown,Culiseta incidens|raw/Culiseta incidens/Culiseta incidens,2db656c97fd9114e75204786397f16a009d89235434b7dd4b2e250bfcfaeb89c,2db656c97fd9114e75204786397f16a009d89235434b7dd4b2e250bfcfaeb89c,1124338,44100.0,1.0,12.746303854875283,PCM_16,.wav,
data/raw/Culiseta incidens/Culiseta incidens/Big Black Mosquito Glen Park - Outdoors - March 2016 - DS7.wav,dryad,Culiseta incidens,Culiseta incidens,unknown,Culiseta incidens|raw/Culiseta incidens/Culiseta incidens,f2374ee02eadd1c987a8e1379dff7025f2ffe847c68501c6905197c0904ceb44,f2374ee02eadd1c987a8e1379dff7025f2ffe847c68501c6905197c0904ceb44,6639602,44100.0,1.0,75.27764172335601,PCM_16,.wav,
data/raw/Culiseta incidens/Culiseta incidens/Big Black Mosquito Glen Park - Recorded Outside - March 2016 - dS6.wav,dryad,Culiseta incidens,Culiseta incidens,unknown,Culiseta incidens|raw/Culiseta incidens/Culiseta incidens,49d0804f58914d3dfc313bedfa46340c1a91806feb87c6dbd4ef560c663256a5,49d0804f58914d3dfc313bedfa46340c1a91806feb87c6dbd4ef560c663256a5,3700722,44100.0,1.0,41.95700680272109,PCM_16,.wav,
data/raw/Culiseta incidens/Culiseta incidens/Big Black Mosquito Glen Park Day 4_ Blood Fed_ Ds2.wav,dryad,Culiseta incidens,Culiseta incidens,unknown,Culiseta incidens|raw/Culiseta incidens/Culiseta incidens,a8a365c583f0acf80d2ea162688eaf96f2ca2d37c8dfde763d20f1552136dc52,a8a365c583f0acf80d2ea162688eaf96f2ca2d37c8dfde763d20f1552136dc52,6135794,44100.0,1.0,69.56553287981859,PCM_16,.wav,
data/raw/Culiseta incidens/Culiseta incidens/Big Black Mosquito Glen Park Day 4_ Blood Fed_ Ds4.wav,dryad,Culiseta incidens,Culiseta incidens,unknown,Culiseta incidens|raw/Culiseta incidens/Culiseta incidens,55b257b4a4de7f29197ca20db86e1f90b76cde883bd8562d90f8bd1ad1fc1676,55b257b4a4de7f29197ca20db86e1f90b76cde883bd8562d90f8bd1ad1fc1676,8722418,44100.0,1.0,98.89233560090703,PCM_16,.wav,
data/raw/Culiseta incidens/Culiseta incidens/Big Black Mosquito Glenn Park - 1hr After Blood Fed_ Day 4_ Ds5.wav,dryad,Culiseta incidens,Culiseta incidens,unknown,Culiseta incidens|raw/Culiseta incidens/Culiseta incidens,392e1571f3f66a0af27723e143ea41faa4fc372bc5575369a340702e6a76695f,392e1571f3f66a0af27723e143ea41faa4fc372bc5575369a340702e6a76695f,4132850,44100.0,1.0,46.85641723356009,PCM_16,.wav,
data/raw/Culiseta incidens/Culiseta incidens/Big Black Mosquito Glenn Park - March 2016 - DS3.wav,dryad,Culiseta incidens,Culiseta incidens,unknown,Culiseta incidens|raw/Culiseta incidens/Culiseta incidens,db5601eb62e33a46884d8954fca4f2dc2b8e566e86c3eddef157f8f11e09f885,db5601eb62e33a46884d8954fca4f2dc2b8e566e86c3eddef157f8f11e09f885,2910194,44100.0,1.0,32.99410430839002,PCM_16,.wav,
data/raw/Culiseta incidens/Culiseta incidens/Big Black Mosquito Glenn Park - Recorded Outdoors - March 2016 - DS5.wav,dryad,Culiseta incidens,Culiseta incidens,unknown,Culiseta incidens|raw/Culiseta incidens/Culiseta incidens,b360b0e742262db510cfa4ed609ad04a12b1c28283e33d720906135a285359fa,b360b0e742262db510cfa4ed609ad04a12b1c28283e33d720906135a285359fa,2357234,44100.0,1.0,26.724716553287983,PCM_16,.wav,
data/raw/Culiseta incidens/Culiseta incidens/Big Black Mosquito Glenn Park_ Blood fed Day4_ Ds5.wav,dryad,Culiseta incidens,Culiseta incidens,unknown,Culiseta incidens|raw/Culiseta incidens/Culiseta incidens,355a29ed584336b5b719a6919a82735e2005c84911f12812d2e49f597d92abf1,355a29ed584336b5b719a6919a82735e2005c84911f12812d2e49f597d92abf1,5998578,44100.0,1.0,68.00979591836735,PCM_16,.wav,
data/raw/Culiseta incidens/Culiseta incidens/Black Mosquito - Glen Park - Blood Fed_ 1hr Day 4_ds6.wav,dryad,Culiseta incidens,Culiseta incidens,unknown,Culiseta incidens|raw/Culiseta incidens/Culiseta incidens,0f77e916de12d30a59f17baa7ead1eea496dce3946384f5870cf1e1ce77a5b9f,0f77e916de12d30a59f17baa7ead1eea496dce3946384f5870cf1e1ce77a5b9f,3096562,44100.0,1.0,35.1071201814059,PCM_16,.wav,
data/raw/Culiseta incidens/Culiseta incidens/Black Mosquito Glenn Park Day4_ 1hr After Blood Fed_ Ds7.wav,dryad,Culiseta incidens,Culiseta incidens,unknown,Culiseta incidens|raw/Culiseta incidens/Culiseta incidens,d50df09746bad76a3958a48790344a152a62faaa26dda22b1b532c93e82fc87f,d50df09746bad76a3958a48790344a152a62faaa26dda22b1b532c93e82fc87f,8955890,44100.0,1.0,101.539410430839,PCM_16,.wav,
data/raw/Culiseta incidens/Culiseta incidens/Glen PArk Black Mosquito Day 3 Ds1 Iphone6.wav,dryad,Culiseta incidens,Culiseta incidens,iPhone6,Culiseta incidens|raw/Culiseta incidens/Culiseta incidens,863e78057ff30243d3cec270bd1e43402887051abac87b602668300bb74bc35e,863e78057ff30243d3cec270bd1e43402887051abac87b602668300bb74bc35e,4653042,44100.0,1.0,52.754285714285714,PCM_16,.wav,
data/raw/Culiseta incidens/Culiseta incidens/Glen Park - Black Mosquito - Day 2 - dS4 - Iphone5.wav,dryad,Culiseta incidens,Culiseta incidens,iPhone,Culiseta incidens|raw/Culiseta incidens/Culiseta incidens,2da5e5fc17ab599c8bcc3b1d5d7a9e54c5b5d6605bf61645609ab7d240aa00cf,2da5e5fc17ab599c8bcc3b1d5d7a9e54c5b5d6605bf61645609ab7d240aa00cf,11939826,44100.0,1.0,135.3708843537415,PCM_16,.wav,
data/raw/Culiseta incidens/Culiseta incidens/Glen Park Black Mosquito Day 1 DS6 - Iphone5.wav,dryad,Culiseta incidens,Culiseta incidens,iPhone,Culiseta incidens|raw/Culiseta incidens/Culiseta incidens,5eced0dfc0363db7adee7c15edb7b8afb759172473e991454d9fb3ec8271f681,5eced0dfc0363db7adee7c15edb7b8afb759172473e991454d9fb3ec8271f681,8792050,44100.0,1.0,99.68181405895692,PCM_16,.wav,
data/raw/Culiseta incidens/Culiseta incidens/Glen Park Black Mosquito Day 2 - Ds7 - Iphone5.wav,dryad,Culiseta incidens,Culiseta incidens,iPhone,Culiseta incidens|raw/Culiseta incidens/Culiseta incidens,9e75575a5c9aa085fc4d6976f4a8fb48c36141957c874e6fdcdf7c75e39d474a,9e75575a5c9aa085fc4d6976f4a8fb48c36141957c874e6fdcdf7c75e39d474a,8497138,44100.0,1.0,96.33814058956916,PCM_16,.wav,
data/raw/Culiseta incidens/Culiseta incidens/Glen Park Black Mosquito Day 2 Ds8 - Iphone5.wav,dryad,Culiseta incidens,Culiseta incidens,iPhone,Culiseta incidens|raw/Culiseta incidens/Culiseta incidens,7a2d13ff5803807c974f1f680b6ab874582b7f67a598d8efa326533a817fdff3,7a2d13ff5803807c974f1f680b6ab874582b7f67a598d8efa326533a817fdff3,10477554,44100.0,1.0,118.79183673469387,PCM_16,.wav,
data/raw/Culiseta incidens/Culiseta incidens/Glen Park Black Mosquito Ziplock Recording6.wav,dryad,Culiseta incidens,Culiseta incidens,unknown,Culiseta incidens|raw/Culiseta incidens/Culiseta incidens,509532c21814ca17f6f3f749417cda21d40907955c1d612ebcd5e5ba56b33a8c,509532c21814ca17f6f3f749417cda21d40907955c1d612ebcd5e5ba56b33a8c,8427506,44100.0,1.0,95.54866213151928,PCM_16,.wav,
data/raw/Culiseta incidens/Culiseta incidens/Glen. PRL Black Mosquito Day 3 Ds2 Iphone6.wav,dryad,Culiseta incidens,Culiseta incidens,iPhone6,Culiseta incidens|raw/Culiseta incidens/Culiseta incidens,f733a195fb0d40a41a0548e8b56e94d546fc207e77802b310988c456666c28eb,f733a195fb0d40a41a0548e8b56e94d546fc207e77802b310988c456666c28eb,2689010,44100.0,1.0,30.486349206349207,PCM_16,.wav,
data/raw/Culiseta incidens/Culiseta incidens/Glen. Park Black Mosquito Ziplock 5.wav,dryad,Culiseta incidens,Culiseta incidens,unknown,Culiseta incidens|raw/Culiseta incidens/Culiseta incidens,4cc11fea07082867b022c221b6ffb6a2d486ace74f921df4d925d998798d8936,4cc11fea07082867b022c221b6ffb6a2d486ace74f921df4d925d998798d8936,4126706,44100.0,1.0,46.78675736961451,PCM_16,.wav,
data/raw/Culiseta incidens/Culiseta incidens/Glen. Park. black Mosquito - Long Recording - Day 2-dS2.wav,dryad,Culiseta incidens,Culiseta incidens,unknown,Culiseta incidens|raw/Culiseta incidens/Culiseta incidens,437937e77dac9ad93edce121835c37173b19720bf945f6e2aa0679e1bbcee2fa,437937e77dac9ad93edce121835c37173b19720bf945f6e2aa0679e1bbcee2fa,27420658,44100.0,1.0,310.89052154195014,PCM_16,.wav,
data/raw/Culiseta incidens/Culiseta incidens/Glenn Park - Black Mosquito - Day 2 - dS1.wav,dryad,Culiseta incidens,Culiseta incidens,unknown,Culiseta incidens|raw/Culiseta incidens/Culiseta incidens,1ce738596db7ba0ea7d8a1450f6d8c47f031c68c51fd77c2f60f40b80ccbda6d,1ce738596db7ba0ea7d8a1450f6d8c47f031c68c51fd77c2f60f40b80ccbda6d,2785266,44100.0,1.0,31.57768707482993,PCM_16,.wav,
data/raw/Culiseta incidens/Culiseta incidens/Glenn Park - Black Mosquito - Day2_ Ds3_ Iphone6.wav,dryad,Culiseta incidens,Culiseta incidens,iPhone6,Culiseta incidens|raw/Culiseta incidens/Culiseta incidens,40b3632f799325b440c4be9530c0c2747a5cb8b5c808b81d256ff66ef8e88147,40b3632f799325b440c4be9530c0c2747a5cb8b5c808b81d256ff66ef8e88147,5847026,44100.0,1.0,66.29151927437641,PCM_16,.wav,
data/raw/Culiseta incidens/Culiseta incidens/Glenn Park Big Black Mosquito Inside Ziplock Bag - Trying To Fly.wav,dryad,Culiseta incidens,Culiseta incidens,unknown,Culiseta incidens|raw/Culiseta incidens/Culiseta incidens,89dc22897494be9158d4166fca26826c1530cbe938f27448a0101f3a37c82817,89dc22897494be9158d4166fca26826c1530cbe938f27448a0101f3a37c82817,7391218,44100.0,1.0,83.79936507936507,PCM_16,.wav,
data/raw/Culiseta incidens/Culiseta incidens/Glenn Park Black Mosquito Day 3 Ds3 Iphone6.wav,dryad,Culiseta incidens,Culiseta incidens,iPhone6,Culiseta incidens|raw/Culiseta incidens/Culiseta incidens,3e4740a37621c5aed5d315ca6cadb0853dfcb2a4656c30db5584c9438216a75a,3e4740a37621c5aed5d315ca6cadb0853dfcb2a4656c30db5584c9438216a75a,1804274,44100.0,1.0,20.455328798185942,PCM_16,.wav,
data/raw/Culiseta incidens/Culiseta incidens/Glenn Park Black Mosquito Day 3 dS4 Iphone6.wav,dryad,Culiseta incidens,Culiseta incidens,iPhone6,Culiseta incidens|raw/Culiseta incidens/Culiseta incidens,e50306dfa1f514cd4a8f866978e44755ae62c4b49e9acc726b9a729653017e0b,e50306dfa1f514cd4a8f866978e44755ae62c4b49e9acc726b9a729653017e0b,5492722,44100.0,1.0,62.274467120181406,PCM_16,.wav,
data/raw/Culiseta incidens/Culiseta incidens/Glenn Park Black Mosquito day3 Ds5 Iphone6.wav,dryad,Culiseta incidens,Culiseta incidens,iPhone6,Culiseta incidens|raw/Culiseta incidens/Culiseta incidens,7e7ba697008f4fb8555edd949c17190362ec6119d78ee13896388ade5fc15713,7e7ba697008f4fb8555edd949c17190362ec6119d78ee13896388ade5fc15713,2514930,44100.0,1.0,28.51265306122449,PCM_16,.wav,
data/raw/Culiseta incidens/Culiseta incidens/Glenn park black mosquito - day 2 - da5 - iphone5.wav,dryad,Culiseta incidens,Culiseta incidens,iPhone,Culiseta incidens|raw/Culiseta incidens/Culiseta incidens,d32886b607b8c5d65622bfb66154c23ab077e5db33e1a4b77e960791fcd0c69f,d32886b607b8c5d65622bfb66154c23ab077e5db33e1a4b77e960791fcd0c69f,7702514,44100.0,1.0,87.32879818594104,PCM_16,.wav,
data/raw/Culiseta incidens/Culiseta incidens/Snipped/CuIncidensF_iPhone4S.wav,dryad,Culiseta incidens,Culiseta incidens,iPhone4S,Culiseta incidens|raw/Culiseta incidens/Culiseta incidens/Snipped,06ae61fe01d047a9f236dca8b41e0a27e5f7f9e2691379fd355286435926b99c,06ae61fe01d047a9f236dca8b41e0a27e5f7f9e2691379fd355286435926b99c,46992574,,,,,.wav,derived_excerpt_unmapped
data/raw/Culiseta incidens/Culiseta incidens/Snipped/CuIncidensF_iPhone4S_Part2.wav,dryad,Culiseta incidens,Culiseta incidens,iPhone4S,Culiseta incidens|raw/Culiseta incidens/Culiseta incidens/Snipped,0637515b0d401e508b0b57a04af6cb235e53c63652a88dd6d11dd2c2116785fc,0637515b0d401e508b0b57a04af6cb235e53c63652a88dd6d11dd2c2116785fc,5305890,,,,,.wav,derived_excerpt_unmapped
data/raw/Culiseta incidens/Culiseta incidens/Snipped/CuIncidensF_iPhone4S_Part3.wav,dryad,Culiseta incidens,Culiseta incidens,iPhone4S,Culiseta incidens|raw/Culiseta incidens/Culiseta incidens/Snipped,c95574c059d744436342e526d184af7bfe3a6a58d9121e92ba51a98bc047f9cc,c95574c059d744436342e526d184af7bfe3a6a58d9121e92ba51a98bc047f9cc,5221570,,,,,.wav,derived_excerpt_unmapped
data/raw/Culiseta incidens/Culiseta incidens/Snipped/CuIncidensF_iPhone4S_Part4.wav,dryad,Culiseta incidens,Culiseta incidens,iPhone4S,Culiseta incidens|raw/Culiseta incidens/Culiseta incidens/Snipped,a4d1da491db17898a19af06f9de60d3706e2484001ed2e9c68cd18e27d2e5ddb,a4d1da491db17898a19af06f9de60d3706e2484001ed2e9c68cd18e27d2e5ddb,5263640,,,,,.wav,derived_excerpt_unmapped
data/raw/Culiseta incidens/Culiseta incidens/Snipped/CuIncidensF_iPhone4S_Part6.wav,dryad,Culiseta incidens,Culiseta incidens,iPhone4S,Culiseta incidens|raw/Culiseta incidens/Culiseta incidens/Snipped,483eabe1d2a8cacbf9cb0e486086b4bbc7b71fa6b53f36294abfac2f30493e8f,483eabe1d2a8cacbf9cb0e486086b4bbc7b71fa6b53f36294abfac2f30493e8f,5221570,,,,,.wav,derived_excerpt_unmapped
data/raw/Culiseta incidens/Culiseta incidens/Snipped/CuIncidensF_iPhone4S_Part7.wav,dryad,Culiseta incidens,Culiseta incidens,iPhone4S,Culiseta incidens|raw/Culiseta incidens/Culiseta incidens/Snipped,238cd4e25a3407158194529525584ddfad6e06dde016fd384b98f354960c266a,238cd4e25a3407158194529525584ddfad6e06dde016fd384b98f354960c266a,5221570,,,,,.wav,derived_excerpt_unmapped
data/raw/Culiseta incidens/Culiseta incidens/Snipped/CuIncidensF_iPhone4S_Part8.wav,dryad,Culiseta incidens,Culiseta incidens,iPhone4S,Culiseta incidens|raw/Culiseta incidens/Culiseta incidens/Snipped,0be7d74c45b4f8782c860d5bab64e391ff839d0c341b840be740220032939a65,0be7d74c45b4f8782c860d5bab64e391ff839d0c341b840be740220032939a65,5390032,,,,,.wav,derived_excerpt_unmapped
data/raw/Culiseta incidens/Culiseta incidens/Snipped/MatFiles_NoBandpass_V20170125/CuIncidensF_iPhone4S_CompositeSpectrum.mat,dryad,Culiseta incidens,Culiseta incidens,iPhone4S,Culiseta incidens|raw/Culiseta incidens/Culiseta incidens/Snipped/MatFiles_NoBandpass_V20170125,77db3fd49fdefb511b7e84c87527c0c38ef005d82607ff90c2d00507e46af9fb,77db3fd49fdefb511b7e84c87527c0c38ef005d82607ff90c2d00507e46af9fb,7483,,,,,.mat,non_audio
data/raw/Culiseta incidens/Culiseta incidens/Snipped/MatFiles_NoBandpass_V20170125/CuIncidensF_iPhone4S_Histogram.mat,dryad,Culiseta incidens,Culiseta incidens,iPhone4S,Culiseta incidens|raw/Culiseta incidens/Culiseta incidens/Snipped/MatFiles_NoBandpass_V20170125,6fa31b8a30a22d9ade4fc50222282a0800e48f5d0ed32d63678b68b1e5b3df39,6fa31b8a30a22d9ade4fc50222282a0800e48f5d0ed32d63678b68b1e5b3df39,26428,,,,,.mat,non_audio
data/raw/Culiseta incidens/Culiseta incidens/Snipped/MatFiles_NoBandpass_V20170125/CuIncidensF_iPhone4S_PDF.mat,dryad,Culiseta incidens,Culiseta incidens,iPhone4S,Culiseta incidens|raw/Culiseta incidens/Culiseta incidens/Snipped/MatFiles_NoBandpass_V20170125,5c26d4b63c8ddda4dbbe7bb8a2eb890331aa12599a7a9db6b9d557f31743d74b,5c26d4b63c8ddda4dbbe7bb8a2eb890331aa12599a7a9db6b9d557f31743d74b,707,,,,,.mat,non_audio
data/raw/Culiseta incidens/Culiseta incidens/Snipped/MatFiles_NoBandpass_V20170125/CuIncidensF_iPhone4S_Part2_CompositeSpectrum.mat,dryad,Culiseta incidens,Culiseta incidens,iPhone4S,Culiseta incidens|raw/Culiseta incidens/Culiseta incidens/Snipped/MatFiles_NoBandpass_V20170125,f27220a48570bda3676046822c87716a2c3c9fed3590d772154b0ee02a84a733,f27220a48570bda3676046822c87716a2c3c9fed3590d772154b0ee02a84a733,7556,,,,,.mat,non_audio
data/raw/Culiseta incidens/Culiseta incidens/Snipped/MatFiles_NoBandpass_V20170125/CuIncidensF_iPhone4S_Part2_Histogram.mat,dryad,Culiseta incidens,Culiseta incidens,iPhone4S,Culiseta incidens|raw/Culiseta incidens/Culiseta incidens/Snipped/MatFiles_NoBandpass_V20170125,1b792071af6aab3dbb713e8467569fd42d824dc7d2a1f69b22fa4b9018861f0e,1b792071af6aab3dbb713e8467569fd42d824dc7d2a1f69b22fa4b9018861f0e,3759,,,,,.mat,non_audio
data/raw/Culiseta incidens/Culiseta incidens/Snipped/MatFiles_NoBandpass_V20170125/CuIncidensF_iPhone4S_Part2_PDF.mat,dryad,Culiseta incidens,Culiseta incidens,iPhone4S,Culiseta incidens|raw/Culiseta incidens/Culiseta incidens/Snipped/MatFiles_NoBandpass_V20170125,56b61eccedc0ca0c4356809b2ce191dd84f93086f9d39e8529bf4871aaffe628,56b61eccedc0ca0c4356809b2ce191dd84f93086f9d39e8529bf4871aaffe628,471,,,,,.mat,non_audio
data/raw/Culiseta incidens/Culiseta incidens/Snipped/MatFiles_NoBandpass_V20170125/CuIncidensF_iPhone4S_Part3_CompositeSpectrum.mat,dryad,Culiseta incidens,Culiseta incidens,iPhone4S,Culiseta incidens|raw/Culiseta incidens/Culiseta incidens/Snipped/MatFiles_NoBandpass_V20170125,8b207309f6970d0108421c9fbe6608c4f4cebd9a806c915fb54cd2133a2d3b88,8b207309f6970d0108421c9fbe6608c4f4cebd9a806c915fb54cd2133a2d3b88,7536,,,,,.mat,non_audio
data/raw/Culiseta incidens/Culiseta incidens/Snipped/MatFiles_NoBandpass_V20170125/CuIncidensF_iPhone4S_Part3_Histogram.mat,dryad,Culiseta incidens,Culiseta incidens,iPhone4S,Culiseta incidens|raw/Culiseta incidens/Culiseta incidens/Snipped/MatFiles_NoBandpass_V20170125,9b304851f376b3daa03cfdb5aae8b03f8d292e1df9f5b774d6311ddcc776a1c4,9b304851f376b3daa03cfdb5aae8b03f8d292e1df9f5b774d6311ddcc776a1c4,3454,,,,,.mat,non_audio
data/raw/Culiseta incidens/Culiseta incidens/Snipped/MatFiles_NoBandpass_V20170125/CuIncidensF_iPhone4S_Part3_PDF.mat,dryad,Culiseta incidens,Culiseta incidens,iPhone4S,Culiseta incidens|raw/Culiseta incidens/Culiseta incidens/Snipped/MatFiles_NoBandpass_V20170125,0cab93cb020160e8d5bc231ccd058d7c01d89921ea90528ff76b95fc18055506,0cab93cb020160e8d5bc231ccd058d7c01d89921ea90528ff76b95fc18055506,430,,,,,.mat,non_audio
data/raw/Culiseta incidens/Culiseta incidens/Snipped/MatFiles_NoBandpass_V20170125/CuIncidensF_iPhone4S_Part4_CompositeSpectrum.mat,dryad,Culiseta incidens,Culiseta incidens,iPhone4S,Culiseta incidens|raw/Culiseta incidens/Culiseta incidens/Snipped/MatFiles_NoBandpass_V20170125,d7d5c322b54a79dfde0a48f20e685f42817c39a7cb94a04db3cf4f5120cea87e,d7d5c322b54a79dfde0a48f20e685f42817c39a7cb94a04db3cf4f5120cea87e,7550,,,,,.mat,non_audio
data/raw/Culiseta incidens/Culiseta incidens/Snipped/MatFiles_NoBandpass_V20170125/CuIncidensF_iPhone4S_Part4_Histogram.mat,dryad,Culiseta incidens,Culiseta incidens,iPhone4S,Culiseta incidens|raw/Culiseta incidens/Culiseta incidens/Snipped/MatFiles_NoBandpass_V20170125,1a947dfa14eb8332c2a64f23e786f13a5952e04e73104bed5ba5b4776be34fbe,1a947dfa14eb8332c2a64f23e786f13a5952e04e73104bed5ba5b4776be34fbe,3655,,,,,.mat,non_audio
data/raw/Culiseta incidens/Culiseta incidens/Snipped/MatFiles_NoBandpass_V20170125/CuIncidensF_iPhone4S_Part4_PDF.mat,dryad,Culiseta incidens,Culiseta incidens,iPhone4S,Culiseta incidens|raw/Culiseta incidens/Culiseta incidens/Snipped/MatFiles_NoBandpass_V20170125,bde5e6dae38b05736ffd678eb984cf5d40a167355469527ffd795efebb0fc646,bde5e6dae38b05736ffd678eb984cf5d40a167355469527ffd795efebb0fc646,478,,,,,.mat,non_audio
data/raw/Culiseta incidens/Culiseta incidens/Snipped/MatFiles_NoBandpass_V20170125/CuIncidensF_iPhone4S_Part6_CompositeSpectrum.mat,dryad,Culiseta incidens,Culiseta incidens,iPhone4S,Culiseta incidens|raw/Culiseta incidens/Culiseta incidens/Snipped/MatFiles_NoBandpass_V20170125,0a0502bd675d1b6a844ff044334d235172071d4bcacd928b72dcc9e77dfc2b92,0a0502bd675d1b6a844ff044334d235172071d4bcacd928b72dcc9e77dfc2b92,7548,,,,,.mat,non_audio
data/raw/Culiseta incidens/Culiseta incidens/Snipped/MatFiles_NoBandpass_V20170125/CuIncidensF_iPhone4S_Part6_Histogram.mat,dryad,Culiseta incidens,Culiseta incidens,iPhone4S,Culiseta incidens|raw/Culiseta incidens/Culiseta incidens/Snipped/MatFiles_NoBandpass_V20170125,a7cdd6538a075a061c46d2707d7a4ab76ff6a660d49dc487c72d274b2de5568e,a7cdd6538a075a061c46d2707d7a4ab76ff6a660d49dc487c72d274b2de5568e,2794,,,,,.mat,non_audio
data/raw/Culiseta incidens/Culiseta incidens/Snipped/MatFiles_NoBandpass_V20170125/CuIncidensF_iPhone4S_Part6_PDF.mat,dryad,Culiseta incidens,Culiseta incidens,iPhone4S,Culiseta incidens|raw/Culiseta incidens/Culiseta incidens/Snipped/MatFiles_NoBandpass_V20170125,9882ba8800c87fc00fc7085eb4d14d4440195f5bb015a15dec31ebf06ca89203,9882ba8800c87fc00fc7085eb4d14d4440195f5bb015a15dec31ebf06ca89203,432,,,,,.mat,non_audio
data/raw/Culiseta incidens/Culiseta incidens/Snipped/MatFiles_NoBandpass_V20170125/CuIncidensF_iPhone4S_Part7_CompositeSpectrum.mat,dryad,Culiseta incidens,Culiseta incidens,iPhone4S,Culiseta incidens|raw/Culiseta incidens/Culiseta incidens/Snipped/MatFiles_NoBandpass_V20170125,3212fc2897dbb8d2783836f9c934bea546c2150a6c7ce7ff9df7794f1c6ecb9e,3212fc2897dbb8d2783836f9c934bea546c2150a6c7ce7ff9df7794f1c6ecb9e,7547,,,,,.mat,non_audio
data/raw/Culiseta incidens/Culiseta incidens/Snipped/MatFiles_NoBandpass_V20170125/CuIncidensF_iPhone4S_Part7_Histogram.mat,dryad,Culiseta incidens,Culiseta incidens,iPhone4S,Culiseta incidens|raw/Culiseta incidens/Culiseta incidens/Snipped/MatFiles_NoBandpass_V20170125,7ed7c2e9cb9dafbe64a0e25a531e95501d08f5e279f3b68c831834261e1ad061,7ed7c2e9cb9dafbe64a0e25a531e95501d08f5e279f3b68c831834261e1ad061,2150,,,,,.mat,non_audio
data/raw/Culiseta incidens/Culiseta incidens/Snipped/MatFiles_NoBandpass_V20170125/CuIncidensF_iPhone4S_Part7_PDF.mat,dryad,Culiseta incidens,Culiseta incidens,iPhone4S,Culiseta incidens|raw/Culiseta incidens/Culiseta incidens/Snipped/MatFiles_NoBandpass_V20170125,dfd05e26d4b7a1090bab865daecb177269e27348688aab0139d09cc7d514b8b7,dfd05e26d4b7a1090bab865daecb177269e27348688aab0139d09cc7d514b8b7,389,,,,,.mat,non_audio
data/raw/Culiseta incidens/Culiseta incidens/Snipped/MatFiles_NoBandpass_V20170125/CuIncidensF_iPhone4S_Part8_CompositeSpectrum.mat,dryad,Culiseta incidens,Culiseta incidens,iPhone4S,Culiseta incidens|raw/Culiseta incidens/Culiseta incidens/Snipped/MatFiles_NoBandpass_V20170125,f3576fac700498f121bdbece44875f0ff81e6febbee1ff936e154f3f74345893,f3576fac700498f121bdbece44875f0ff81e6febbee1ff936e154f3f74345893,7486,,,,,.mat,non_audio
data/raw/Culiseta incidens/Culiseta incidens/Snipped/MatFiles_NoBandpass_V20170125/CuIncidensF_iPhone4S_Part8_Histogram.mat,dryad,Culiseta incidens,Culiseta incidens,iPhone4S,Culiseta incidens|raw/Culiseta incidens/Culiseta incidens/Snipped/MatFiles_NoBandpass_V20170125,bc46b5bdbf669af085dd3100f2019a5963d9fd2fd4fe86ab99f0f3ea9d009788,bc46b5bdbf669af085dd3100f2019a5963d9fd2fd4fe86ab99f0f3ea9d009788,2743,,,,,.mat,non_audio
data/raw/Culiseta incidens/Culiseta incidens/Snipped/MatFiles_NoBandpass_V20170125/CuIncidensF_iPhone4S_Part8_PDF.mat,dryad,Culiseta incidens,Culiseta incidens,iPhone4S,Culiseta incidens|raw/Culiseta incidens/Culiseta incidens/Snipped/MatFiles_NoBandpass_V20170125,0b86e7375c7519f6cd2559808cc0a5579812f4964202b037740af2cba577df18,0b86e7375c7519f6cd2559808cc0a5579812f4964202b037740af2cba577df18,376,,,,,.mat,non_audio
data/raw/Culiseta incidens/Culiseta incidens/Snipped/MatFiles_NoBandpass_V20170125/FolderCompositeSpectrum.mat,dryad,Culiseta incidens,Culiseta incidens,unknown,Culiseta incidens|raw/Culiseta incidens/Culiseta incidens/Snipped/MatFiles_NoBandpass_V20170125,2c5a2a49a49042fac89f1d797efbecdb0a3642afb3b782da61966a7229d35e58,2c5a2a49a49042fac89f1d797efbecdb0a3642afb3b782da61966a7229d35e58,5292,,,,,.mat,non_audio
data/raw/Culiseta incidens/Culiseta incidens/Snipped/MatFiles_NoBandpass_V20170125/FolderHistogram.mat,dryad,Culiseta incidens,Culiseta incidens,unknown,Culiseta incidens|raw/Culiseta incidens/Culiseta incidens/Snipped/MatFiles_NoBandpass_V20170125,48cb500efa5f82c9d8f3ec410eeef0d5345433f59859752d50d85d4e96971301,48cb500efa5f82c9d8f3ec410eeef0d5345433f59859752d50d85d4e96971301,43844,,,,,.mat,non_audio
data/raw/Culiseta incidens/Culiseta incidens/Snipped/MatFiles_NoBandpass_V20170125/FolderPDF.mat,dryad,Culiseta incidens,Culiseta incidens,unknown,Culiseta incidens|raw/Culiseta incidens/Culiseta incidens/Snipped/MatFiles_NoBandpass_V20170125,e7129c88ca57c8f38bf293b9ed4a2111f98a2ecbe0e23c9035c281d7c7ca23ed,e7129c88ca57c8f38bf293b9ed4a2111f98a2ecbe0e23c9035c281d7c7ca23ed,734,,,,,.mat,non_audio
data/raw/Culiseta incidens/Culiseta incidens/Snipped/MatFiles_NoBandpass_V20170131/CuIncidensF_iPhone4S_CompositeSpectrum.mat,dryad,Culiseta incidens,Culiseta incidens,iPhone4S,Culiseta incidens|raw/Culiseta incidens/Culiseta incidens/Snipped/MatFiles_NoBandpass_V20170131,a98113467693635fb95fc10ac593c632ea8619efb93100474daf4efd4affa9c6,a98113467693635fb95fc10ac593c632ea8619efb93100474daf4efd4affa9c6,7483,,,,,.mat,non_audio
data/raw/Culiseta incidens/Culiseta incidens/Snipped/MatFiles_NoBandpass_V20170131/CuIncidensF_iPhone4S_Histogram.mat,dryad,Culiseta incidens,Culiseta incidens,iPhone4S,Culiseta incidens|raw/Culiseta incidens/Culiseta incidens/Snipped/MatFiles_NoBandpass_V20170131,12fff4b1cdd9744d95a3148497f80111b3a2c9880c20e312002d75f41e30f53c,12fff4b1cdd9744d95a3148497f80111b3a2c9880c20e312002d75f41e30f53c,16085,,,,,.mat,non_audio
data/raw/Culiseta incidens/Culiseta incidens/Snipped/MatFiles_NoBandpass_V20170131/CuIncidensF_iPhone4S_PDF.mat,dryad,Culiseta incidens,Culiseta incidens,iPhone4S,Culiseta incidens|raw/Culiseta incidens/Culiseta incidens/Snipped/MatFiles_NoBandpass_V20170131,bbb08546f46078f231c4dcdcf3349a0dbbc44211a2f573963ba8f3aa1dde517c,bbb08546f46078f231c4dcdcf3349a0dbbc44211a2f573963ba8f3aa1dde517c,365,,,,,.mat,non_audio
data/raw/Culiseta incidens/Culiseta incidens/Snipped/MatFiles_NoBandpass_V20170131/CuIncidensF_iPhone4S_Part2_CompositeSpectrum.mat,dryad,Culiseta incidens,Culiseta incidens,iPhone4S,Culiseta incidens|raw/Culiseta incidens/Culiseta incidens/Snipped/MatFiles_NoBandpass_V20170131,2976fed09f5ad36e855f81f4f63cf5f8cf55d5ac69c36e8f5b5671833bc76632,2976fed09f5ad36e855f81f4f63cf5f8cf55d5ac69c36e8f5b5671833bc76632,7556,,,,,.mat,non_audio
data/raw/Culiseta incidens/Culiseta incidens/Snipped/MatFiles_NoBandpass_V20170131/CuIncidensF_iPhone4S_Part2_Histogram.mat,dryad,Culiseta incidens,Culiseta incidens,iPhone4S,Culiseta incidens|raw/Culiseta incidens/Culiseta incidens/Snipped/MatFiles_NoBandpass_V20170131,ede3d26459e905bba5766c256d53000bf39bfc76b163a97cfaa501d4ff125e3c,ede3d26459e905bba5766c256d53000bf39bfc76b163a97cfaa501d4ff125e3c,2225,,,,,.mat,non_audio
data/raw/Culiseta incidens/Culiseta incidens/Snipped/MatFiles_NoBandpass_V20170131/CuIncidensF_iPhone4S_Part2_PDF.mat,dryad,Culiseta incidens,Culiseta incidens,iPhone4S,Culiseta incidens|raw/Culiseta incidens/Culiseta incidens/Snipped/MatFiles_NoBandpass_V20170131,e9843015ebb23997b46326e7c38ab6200d69a7b9610503f51b0e1452370a8ecf,e9843015ebb23997b46326e7c38ab6200d69a7b9610503f51b0e1452370a8ecf,332,,,,,.mat,non_audio
data/raw/Culiseta incidens/Culiseta incidens/Snipped/MatFiles_NoBandpass_V20170131/CuIncidensF_iPhone4S_Part2_Specgram.mat,dryad,Culiseta incidens,Culiseta incidens,iPhone4S,Culiseta incidens|raw/Culiseta incidens/Culiseta incidens/Snipped/MatFiles_NoBandpass_V20170131,0b538923532f8abe82a0c076a472f6ef08b1e00f4b0bbf5ca66a2516422c1e04,0b538923532f8abe82a0c076a472f6ef08b1e00f4b0bbf5ca66a2516422c1e04,14963026,,,,,.mat,non_audio
data/raw/Culiseta incidens/Culiseta incidens/Snipped/MatFiles_NoBandpass_V20170131/CuIncidensF_iPhone4S_Part3_CompositeSpectrum.mat,dryad,Culiseta incidens,Culiseta incidens,iPhone4S,Culiseta incidens|raw/Culiseta incidens/Culiseta incidens/Snipped/MatFiles_NoBandpass_V20170131,e147a4f58393a9e264b07f7956e29fee32adf6f6f07e61268342b6263d817f73,e147a4f58393a9e264b07f7956e29fee32adf6f6f07e61268342b6263d817f73,7536,,,,,.mat,non_audio
data/raw/Culiseta incidens/Culiseta incidens/Snipped/MatFiles_NoBandpass_V20170131/CuIncidensF_iPhone4S_Part3_Histogram.mat,dryad,Culiseta incidens,Culiseta incidens,iPhone4S,Culiseta incidens|raw/Culiseta incidens/Culiseta incidens/Snipped/MatFiles_NoBandpass_V20170131,a654dc6a4fc774a5883e536700d7b2761b22027cedbbeb2109b8ffb654c98873,a654dc6a4fc774a5883e536700d7b2761b22027cedbbeb2109b8ffb654c98873,2270,,,,,.mat,non_audio
data/raw/Culiseta incidens/Culiseta incidens/Snipped/MatFiles_NoBandpass_V20170131/CuIncidensF_iPhone4S_Part3_PDF.mat,dryad,Culiseta incidens,Culiseta incidens,iPhone4S,Culiseta incidens|raw/Culiseta incidens/Culiseta incidens/Snipped/MatFiles_NoBandpass_V20170131,7c5fc7d4dc48bc9a67190db709748485e8c006e99eebe8c8c67ed1beed5a93fd,7c5fc7d4dc48bc9a67190db709748485e8c006e99eebe8c8c67ed1beed5a93fd,343,,,,,.mat,non_audio
data/raw/Culiseta incidens/Culiseta incidens/Snipped/MatFiles_NoBandpass_V20170131/CuIncidensF_iPhone4S_Part3_Specgram.mat,dryad,Culiseta incidens,Culiseta incidens,iPhone4S,Culiseta incidens|raw/Culiseta incidens/Culiseta incidens/Snipped/MatFiles_NoBandpass_V20170131,3995488059458408ccc30b78bee9b22002926d9a886b7899314230fe9f5ec970,3995488059458408ccc30b78bee9b22002926d9a886b7899314230fe9f5ec970,14718547,,,,,.mat,non_audio
data/raw/Culiseta incidens/Culiseta incidens/Snipped/MatFiles_NoBandpass_V20170131/CuIncidensF_iPhone4S_Part4_CompositeSpectrum.mat,dryad,Culiseta incidens,Culiseta incidens,iPhone4S,Culiseta incidens|raw/Culiseta incidens/Culiseta incidens/Snipped/MatFiles_NoBandpass_V20170131,709cdd646b4099720c95c2436c5060c8c0d211da145f58882b463a14f47a1cce,709cdd646b4099720c95c2436c5060c8c0d211da145f58882b463a14f47a1cce,7550,,,,,.mat,non_audio
data/raw/Culiseta incidens/Culiseta incidens/Snipped/MatFiles_NoBandpass_V20170131/CuIncidensF_iPhone4S_Part4_Histogram.mat,dryad,Culiseta incidens,Culiseta incidens,iPhone4S,Culiseta incidens|raw/Culiseta incidens/Culiseta incidens/Snipped/MatFiles_NoBandpass_V20170131,1fc6778a365ebc6ab367c89ac77824bacd0d600f220c3eda08ba44faf7e91eb6,1fc6778a365ebc6ab367c89ac77824bacd0d600f220c3eda08ba44faf7e91eb6,1954,,,,,.mat,non_audio
data/raw/Culiseta incidens/Culiseta incidens/Snipped/MatFiles_NoBandpass_V20170131/CuIncidensF_iPhone4S_Part4_PDF.mat,dryad,Culiseta incidens,Culiseta incidens,iPhone4S,Culiseta incidens|raw/Culiseta incidens/Culiseta incidens/Snipped/MatFiles_NoBandpass_V20170131,b244987938633121d46ee115dcde28fb081aae2ca17bd63ae6368d89cc9f0a15,b244987938633121d46ee115dcde28fb081aae2ca17bd63ae6368d89cc9f0a15,327,,,,,.mat,non_audio
data/raw/Culiseta incidens/Culiseta incidens/Snipped/MatFiles_NoBandpass_V20170131/CuIncidensF_iPhone4S_Part4_Specgram.mat,dryad,Culiseta incidens,Culiseta incidens,iPhone4S,Culiseta incidens|raw/Culiseta incidens/Culiseta incidens/Snipped/MatFiles_NoBandpass_V20170131,2a96a04220eb07868e40541cb3ebc86dd2c87f39503496c2cc85bc5fe3b8e581,2a96a04220eb07868e40541cb3ebc86dd2c87f39503496c2cc85bc5fe3b8e581,14861334,,,,,.mat,non_audio
data/raw/Culiseta incidens/Culiseta incidens/Snipped/MatFiles_NoBandpass_V20170131/CuIncidensF_iPhone4S_Part6_CompositeSpectrum.mat,dryad,Culiseta incidens,Culiseta incidens,iPhone4S,Culiseta incidens|raw/Culiseta incidens/Culiseta incidens/Snipped/MatFiles_NoBandpass_V20170131,c89d5fff1f8f6607e2de88e36b505ddbe6bbdbdc9d45100cb7e15b36ba4fc9e3,c89d5fff1f8f6607e2de88e36b505ddbe6bbdbdc9d45100cb7e15b36ba4fc9e3,7548,,,,,.mat,non_audio
data/raw/Culiseta incidens/Culiseta incidens/Snipped/MatFiles_NoBandpass_V20170131/CuIncidensF_iPhone4S_Part6_Histogram.mat,dryad,Culiseta incidens,Culiseta incidens,iPhone4S,Culiseta incidens|raw/Culiseta incidens/Culiseta incidens/Snipped/MatFiles_NoBandpass_V20170131,0e9a0437d96b43ddff913b1282fda8cea3ca904de9e28a31668a836f5f4f4daa,0e9a0437d96b43ddff913b1282fda8cea3ca904de9e28a31668a836f5f4f4daa,2040,,,,,.mat,non_audio
data/raw/Culiseta incidens/Culiseta incidens/Snipped/MatFiles_NoBandpass_V20170131/CuIncidensF_iPhone4S_Part6_PDF.mat,dryad,Culiseta incidens,Culiseta incidens,iPhone4S,Culiseta incidens|raw/Culiseta incidens/Culiseta incidens/Snipped/MatFiles_NoBandpass_V20170131,3ade7d31a54d71377c227a95d9bbbd5555c1bde8ed56c1865fc0cd43a72eb847,3ade7d31a54d71377c227a95d9bbbd5555c1bde8ed56c1865fc0cd43a72eb847,332,,,,,.mat,non_audio
data/raw/Culiseta incidens/Culiseta incidens/Snipped/MatFiles_NoBandpass_V20170131/CuIncidensF_iPhone4S_Part6_Specgram.mat,dryad,Culiseta incidens,Culiseta incidens,iPhone4S,Culiseta incidens|raw/Culiseta incidens/Culiseta incidens/Snipped/MatFiles_NoBandpass_V20170131,96ca7938ab7496a297c5d218e93a0778fe73861636cdcadb22d84d6ada72c0c4,96ca7938ab7496a297c5d218e93a0778fe73861636cdcadb22d84d6ada72c0c4,14714932,,,,,.mat,non_audio
data/raw/Culiseta incidens/Culiseta incidens/Snipped/MatFiles_NoBandpass_V20170131/CuIncidensF_iPhone4S_Part7_CompositeSpectrum.mat,dryad,Culiseta incidens,Culiseta incidens,iPhone4S,Culiseta incidens|raw/Culiseta incidens/Culiseta incidens/Snipped/MatFiles_NoBandpass_V20170131,0f894e3b0f1ccd2acfd7cd372849655c80411efd541396702d86050687eca201,0f894e3b0f1ccd2acfd7cd372849655c80411efd541396702d86050687eca201,7547,,,,,.mat,non_audio
data/raw/Culiseta incidens/Culiseta incidens/Snipped/MatFiles_NoBandpass_V20170131/CuIncidensF_iPhone4S_Part7_Histogram.mat,dryad,Culiseta incidens,Culiseta incidens,iPhone4S,Culiseta incidens|raw/Culiseta incidens/Culiseta incidens/Snipped/MatFiles_NoBandpass_V20170131,7918a41d16d432264c0aceb7c66ed022273572e80cc7f9fb5264c48b9d7a98c0,7918a41d16d432264c0aceb7c66ed022273572e80cc7f9fb5264c48b9d7a98c0,2280,,,,,.mat,non_audio
data/raw/Culiseta incidens/Culiseta incidens/Snipped/MatFiles_NoBandpass_V20170131/CuIncidensF_iPhone4S_Part7_PDF.mat,dryad,Culiseta incidens,Culiseta incidens,iPhone4S,Culiseta incidens|raw/Culiseta incidens/Culiseta incidens/Snipped/MatFiles_NoBandpass_V20170131,6e60fedfc6048c4fbeebc1f57b22915e954241f3452e14a989ee1e2ea7fe7e7e,6e60fedfc6048c4fbeebc1f57b22915e954241f3452e14a989ee1e2ea7fe7e7e,323,,,,,.mat,non_audio
data/raw/Culiseta incidens/Culiseta incidens/Snipped/MatFiles_NoBandpass_V20170131/CuIncidensF_iPhone4S_Part7_Specgram.mat,dryad,Culiseta incidens,Culiseta incidens,iPhone4S,Culiseta incidens|raw/Culiseta incidens/Culiseta incidens/Snipped/MatFiles_NoBandpass_V20170131,0a08e7b53d484c219075b98186ac573793de50d06d655cdfba486be6c51608b3,0a08e7b53d484c219075b98186ac573793de50d06d655cdfba486be6c51608b3,14667068,,,,,.mat,non_audio
data/raw/Culiseta incidens/Culiseta incidens/Snipped/MatFiles_NoBandpass_V20170131/CuIncidensF_iPhone4S_Part8_CompositeSpectrum.mat,dryad,Culiseta incidens,Culiseta incidens,iPhone4S,Culiseta incidens|raw/Culiseta incidens/Culiseta incidens/Snipped/MatFiles_NoBandpass_V20170131,be246e777be44a146be9107f624d00361bb17f2ed17a80ab62053587d0faa5fa,be246e777be44a146be9107f624d00361bb17f2ed17a80ab62053587d0faa5fa,7486,,,,,.mat,non_audio
data/raw/Culiseta incidens/Culiseta incidens/Snipped/MatFiles_NoBandpass_V20170131/CuIncidensF_iPhone4S_Part8_Histogram.mat,dryad,Culiseta incidens,Culiseta incidens,iPhone4S,Culiseta incidens|raw/Culiseta incidens/Culiseta incidens/Snipped/MatFiles_NoBandpass_V20170131,32f442d0ff4f3a21adf9f8594c0d71adf091b26ec3726e953c048c8c8f54b1b8,32f442d0ff4f3a21adf9f8594c0d71adf091b26ec3726e953c048c8c8f54b1b8,1510,,,,,.mat,non_audio
data/raw/Culiseta incidens/Culiseta incidens/Snipped/MatFiles_NoBandpass_V20170131/CuIncidensF_iPhone4S_Part8_PDF.mat,dryad,Culiseta incidens,Culiseta incidens,iPhone4S,Culiseta incidens|raw/Culiseta incidens/Culiseta incidens/Snipped/MatFiles_NoBandpass_V20170131,2a860a999dd5d1c086321fff10c233126ddc5e19551cac2d16cc8de10ec23c95,2a860a999dd5d1c086321fff10c233126ddc5e19551cac2d16cc8de10ec23c95,313,,,,,.mat,non_audio
data/raw/Culiseta incidens/Culiseta incidens/Snipped/MatFiles_NoBandpass_V20170131/CuIncidensF_iPhone4S_Part8_Specgram.mat,dryad,Culiseta incidens,Culiseta incidens,iPhone4S,Culiseta incidens|raw/Culiseta incidens/Culiseta incidens/Snipped/MatFiles_NoBandpass_V20170131,a8cd4ca0f39bcacd46c24fc500984b2c55c76a6ef4e121a9e4812d8f3308126a,a8cd4ca0f39bcacd46c24fc500984b2c55c76a6ef4e121a9e4812d8f3308126a,15215392,,,,,.mat,non_audio
data/raw/Culiseta incidens/Culiseta incidens/Snipped/MatFiles_NoBandpass_V20170131/CuIncidensF_iPhone4S_Specgram.mat,dryad,Culiseta incidens,Culiseta incidens,iPhone4S,Culiseta incidens|raw/Culiseta incidens/Culiseta incidens/Snipped/MatFiles_NoBandpass_V20170131,f4b013dd9fef9231a32e9bc5e639911460f410da09dcb4ee20a790ba2b5d25e0,f4b013dd9fef9231a32e9bc5e639911460f410da09dcb4ee20a790ba2b5d25e0,132320486,,,,,.mat,non_audio
data/raw/Culiseta incidens/Culiseta incidens/Snipped/MatFiles_NoBandpass_V20170131/FolderCompositeSpectrum.mat,dryad,Culiseta incidens,Culiseta incidens,unknown,Culiseta incidens|raw/Culiseta incidens/Culiseta incidens/Snipped/MatFiles_NoBandpass_V20170131,63ebba82f492906fe32b689832e46f1a7427918fc1ec9aefaeef5ea76b630a38,63ebba82f492906fe32b689832e46f1a7427918fc1ec9aefaeef5ea76b630a38,5292,,,,,.mat,non_audio
data/raw/Culiseta incidens/Culiseta incidens/Snipped/MatFiles_NoBandpass_V20170131/FolderHistogram.mat,dryad,Culiseta incidens,Culiseta incidens,unknown,Culiseta incidens|raw/Culiseta incidens/Culiseta incidens/Snipped/MatFiles_NoBandpass_V20170131,f2306df094dae06cafdf1ba337140cde847c75406fcfc7eade4e3b8885195a23,f2306df094dae06cafdf1ba337140cde847c75406fcfc7eade4e3b8885195a23,27190,,,,,.mat,non_audio
data/raw/Culiseta incidens/Culiseta incidens/Snipped/MatFiles_NoBandpass_V20170131/FolderPDF.mat,dryad,Culiseta incidens,Culiseta incidens,unknown,Culiseta incidens|raw/Culiseta incidens/Culiseta incidens/Snipped/MatFiles_NoBandpass_V20170131,88da38f13f1f6d8c2d9d85d837d9caec53e26be6a483efc8f49a48627202523b,88da38f13f1f6d8c2d9d85d837d9caec53e26be6a483efc8f49a48627202523b,370,,,,,.mat,non_audio
data/raw/Culiseta incidens/Culiseta incidens/Snipped/PngFiles_NoBandpass_V20170131/CuIncidensF_iPhone4S.png,dryad,Culiseta incidens,Culiseta incidens,iPhone4S,Culiseta incidens|raw/Culiseta incidens/Culiseta incidens/Snipped/PngFiles_NoBandpass_V20170131,6a2b08c2f69ecf6f4dbd1346f3e68b65296c1eb1e5da38e98ba761630ae26201,6a2b08c2f69ecf6f4dbd1346f3e68b65296c1eb1e5da38e98ba761630ae26201,557746,,,,,.png,non_audio
data/raw/Culiseta incidens/Culiseta incidens/Snipped/PngFiles_NoBandpass_V20170131/CuIncidensF_iPhone4S_Part2.png,dryad,Culiseta incidens,Culiseta incidens,iPhone4S,Culiseta incidens|raw/Culiseta incidens/Culiseta incidens/Snipped/PngFiles_NoBandpass_V20170131,b9ce2fd50743e6dfd7abee09212223d173c553e78505660160e87d973eac2ec2,b9ce2fd50743e6dfd7abee09212223d173c553e78505660160e87d973eac2ec2,608663,,,,,.png,non_audio
data/raw/Culiseta incidens/Culiseta incidens/Snipped/PngFiles_NoBandpass_V20170131/CuIncidensF_iPhone4S_Part3.png,dryad,Culiseta incidens,Culiseta incidens,iPhone4S,Culiseta incidens|raw/Culiseta incidens/Culiseta incidens/Snipped/PngFiles_NoBandpass_V20170131,783aead9cf34a0a9dc886672ca2b30019bf159fd95eb79bc1c1b449bde294348,783aead9cf34a0a9dc886672ca2b30019bf159fd95eb79bc1c1b449bde294348,666798,,,,,.png,non_audio
data/raw/Culiseta incidens/Culiseta incidens/Snipped/PngFiles_NoBandpass_V20170131/CuIncidensF_iPhone4S_Part4.png,dryad,Culiseta incidens,Culiseta incidens,iPhone4S,Culiseta incidens|raw/Culiseta incidens/Culiseta incidens/Snipped/PngFiles_NoBandpass_V20170131,3ad2b4fb89323c43630fd7e3114e84dcf12976ad494d3bdce88e34424fa94639,3ad2b4fb89323c43630fd7e3114e84dcf12976ad494d3bdce88e34424fa94639,655256,,,,,.png,non_audio
data/raw/Culiseta incidens/Culiseta incidens/Snipped/PngFiles_NoBandpass_V20170131/CuIncidensF_iPhone4S_Part6.png,dryad,Culiseta incidens,Culiseta incidens,iPhone4S,Culiseta incidens|raw/Culiseta incidens/Culiseta incidens/Snipped/PngFiles_NoBandpass_V20170131,c3142bcaa0f054196dd90c584c242e81946a3892052b6537622639e4e3deb4a8,c3142bcaa0f054196dd90c584c242e81946a3892052b6537622639e4e3deb4a8,685326,,,,,.png,non_audio
data/raw/Culiseta incidens/Culiseta incidens/Snipped/PngFiles_NoBandpass_V20170131/CuIncidensF_iPhone4S_Part7.png,dryad,Culiseta incidens,Culiseta incidens,iPhone4S,Culiseta incidens|raw/Culiseta incidens/Culiseta incidens/Snipped/PngFiles_NoBandpass_V20170131,d0658e77cbd058e8ece557ed592e70a876914f7491f938de371a9c98247e087a,d0658e77cbd058e8ece557ed592e70a876914f7491f938de371a9c98247e087a,672242,,,,,.png,non_audio
data/raw/Culiseta incidens/Culiseta incidens/Snipped/PngFiles_NoBandpass_V20170131/CuIncidensF_iPhone4S_Part8.png,dryad,Culiseta incidens,Culiseta incidens,iPhone4S,Culiseta incidens|raw/Culiseta incidens/Culiseta incidens/Snipped/PngFiles_NoBandpass_V20170131,f658085a36adf87ead011973a8190840642cc9a62fae05f78cd39f8dc4a5f206,f658085a36adf87ead011973a8190840642cc9a62fae05f78cd39f8dc4a5f206,669422,,,,,.png,non_audio
data/noise/noise/16khz_0_Background copy 2.wav,tinyml_noise,noise,noise,unknown,noise|noise/noise,noise|background_unresolved,bf280d3d25def59c3d552558b947c06c7dfad2770417875bb35342025686bc53,663206,16000.0,1.0,20.7238125,PCM_16,.wav,
data/noise/noise/16khz_0_Background copy 3.wav,tinyml_noise,noise,noise,unknown,noise|noise/noise,noise|background_unresolved,bf280d3d25def59c3d552558b947c06c7dfad2770417875bb35342025686bc53,663206,16000.0,1.0,20.7238125,PCM_16,.wav,exact_duplicate
data/noise/noise/16khz_0_Background copy 4.wav,tinyml_noise,noise,noise,unknown,noise|noise/noise,noise|background_unresolved,bf280d3d25def59c3d552558b947c06c7dfad2770417875bb35342025686bc53,663206,16000.0,1.0,20.7238125,PCM_16,.wav,exact_duplicate
data/noise/noise/16khz_0_Background copy 5.wav,tinyml_noise,noise,noise,unknown,noise|noise/noise,noise|background_unresolved,bf280d3d25def59c3d552558b947c06c7dfad2770417875bb35342025686bc53,663206,16000.0,1.0,20.7238125,PCM_16,.wav,exact_duplicate
data/noise/noise/16khz_0_Background copy 6.wav,tinyml_noise,noise,noise,unknown,noise|noise/noise,noise|background_unresolved,bf280d3d25def59c3d552558b947c06c7dfad2770417875bb35342025686bc53,663206,16000.0,1.0,20.7238125,PCM_16,.wav,exact_duplicate
data/noise/noise/16khz_0_Background copy 7.wav,tinyml_noise,noise,noise,unknown,noise|noise/noise,noise|background_unresolved,bf280d3d25def59c3d552558b947c06c7dfad2770417875bb35342025686bc53,663206,16000.0,1.0,20.7238125,PCM_16,.wav,exact_duplicate
data/noise/noise/16khz_0_Background copy 8.wav,tinyml_noise,noise,noise,unknown,noise|noise/noise,noise|background_unresolved,bf280d3d25def59c3d552558b947c06c7dfad2770417875bb35342025686bc53,663206,16000.0,1.0,20.7238125,PCM_16,.wav,exact_duplicate
data/noise/noise/16khz_0_Background copy.wav,tinyml_noise,noise,noise,unknown,noise|noise/noise,noise|background_unresolved,bf280d3d25def59c3d552558b947c06c7dfad2770417875bb35342025686bc53,663206,16000.0,1.0,20.7238125,PCM_16,.wav,exact_duplicate
data/noise/noise/16khz_0_Background.wav,tinyml_noise,noise,noise,unknown,noise|noise/noise,noise|background_unresolved,bf280d3d25def59c3d552558b947c06c7dfad2770417875bb35342025686bc53,663206,16000.0,1.0,20.7238125,PCM_16,.wav,exact_duplicate
data/noise/noise/16khz_0_noise.26Nov21.wav,tinyml_noise,noise,noise,unknown,noise|noise/noise,noise|authors_26Nov21,1e1d711e909216f16c52d404b1fc964314b20f3680440b2d275fdd4b445ea7f2,2057886,16000.0,1.0,64.3075625,PCM_16,.wav,
data/noise/noise/16khz_1_noise.26Nov21.wav,tinyml_noise,noise,noise,unknown,noise|noise/noise,noise|authors_26Nov21,671ebd368876de07eee905c630d23c0f054002e9b755d2c4dc5be7be7feb89c7,2057886,16000.0,1.0,64.3075625,PCM_16,.wav,
data/noise/noise/16khz_2_noise.26Nov21.wav,tinyml_noise,noise,noise,unknown,noise|noise/noise,noise|authors_26Nov21,40eca62d7922833667abed28b3c4bf725fd2ae3e4063bff89d44d4be8c447ed3,2057886,16000.0,1.0,64.3075625,PCM_16,.wav,
data/noise/noise/16khz_3_noise.26Nov21.wav,tinyml_noise,noise,noise,unknown,noise|noise/noise,noise|authors_26Nov21,bfaf33df0a0a2a260b84712c5278f1a049261363aec2eca8d3dd879c76d55a6d,2057886,16000.0,1.0,64.3075625,PCM_16,.wav,
data/noise/noise/Pete_dataset/noise.doing_the_dishes.wav.0.wav,tinyml_noise,noise,noise,unknown,noise|noise/noise/Pete_dataset,noise|noise.doing_the_dishes.wav,372026037b1d1615e5335eae7149b90f7ac9b75b0a7016279d9f11adff15cdce,32044,16000.0,1.0,1.0,PCM_16,.wav,
data/noise/noise/Pete_dataset/noise.doing_the_dishes.wav.10000.wav,tinyml_noise,noise,noise,unknown,noise|noise/noise/Pete_dataset,noise|noise.doing_the_dishes.wav,cdd5a203642b7fc3d6f73504e1fe2740ed8b376177a8198fdb3fb3a52b84bd1d,32044,16000.0,1.0,1.0,PCM_16,.wav,
data/noise/noise/Pete_dataset/noise.doing_the_dishes.wav.25000.wav,tinyml_noise,noise,noise,unknown,noise|noise/noise/Pete_dataset,noise|noise.doing_the_dishes.wav,da1dc10824379da84d458151136f9bd098c340cf632b4179b090ee18927a5586,32044,16000.0,1.0,1.0,PCM_16,.wav,
data/noise/noise/Pete_dataset/noise.doing_the_dishes.wav.28000.wav,tinyml_noise,noise,noise,unknown,noise|noise/noise/Pete_dataset,noise|noise.doing_the_dishes.wav,9f9a08474a2dd572469b10de875ccb82a13f60356333f99e16745bca55214c74,32044,16000.0,1.0,1.0,PCM_16,.wav,
data/noise/noise/Pete_dataset/noise.doing_the_dishes.wav.46000.wav,tinyml_noise,noise,noise,unknown,noise|noise/noise/Pete_dataset,noise|noise.doing_the_dishes.wav,b1845950703c115d4fbdeb5e1f37fe802b9dcab36aa437db1ddd325d2f001b24,32044,16000.0,1.0,1.0,PCM_16,.wav,
data/noise/noise/Pete_dataset/noise.doing_the_dishes.wav.56000.wav,tinyml_noise,noise,noise,unknown,noise|noise/noise/Pete_dataset,noise|noise.doing_the_dishes.wav,ca28aa2a3a527f470d8e748e3cbe8795bf614956ed314624911f57f1b7b5f78c,32044,16000.0,1.0,1.0,PCM_16,.wav,
data/noise/noise/Pete_dataset/noise.doing_the_dishes.wav.59000.wav,tinyml_noise,noise,noise,unknown,noise|noise/noise/Pete_dataset,noise|noise.doing_the_dishes.wav,e9cc1b297da918a762f6b9a339c2e1794454e14814a9c96830265d81a126022b,32044,16000.0,1.0,1.0,PCM_16,.wav,
data/noise/noise/Pete_dataset/noise.doing_the_dishes.wav.66000.wav,tinyml_noise,noise,noise,unknown,noise|noise/noise/Pete_dataset,noise|noise.doing_the_dishes.wav,7d25a3dc5cc8ebd76cf0ae11462a1fd99a25fc4df425584d065cc2cd380a6b71,32044,16000.0,1.0,1.0,PCM_16,.wav,
data/noise/noise/Pete_dataset/noise.doing_the_dishes.wav.76000.wav,tinyml_noise,noise,noise,unknown,noise|noise/noise/Pete_dataset,noise|noise.doing_the_dishes.wav,e16235c7d7f2e595e6d4ea646ebbfba7c15055465bb108bec7735571761dc553,32044,16000.0,1.0,1.0,PCM_16,.wav,
data/noise/noise/Pete_dataset/noise.doing_the_dishes.wav.80000.wav,tinyml_noise,noise,noise,unknown,noise|noise/noise/Pete_dataset,noise|noise.doing_the_dishes.wav,502e2d5c00471393f4da2dde0214c9212d8d0ca0895b4bb8e2298d7a27de65bd,32044,16000.0,1.0,1.0,PCM_16,.wav,
data/noise/noise/Pete_dataset/noise.dude_miaowing.wav.13000.wav,tinyml_noise,noise,noise,unknown,noise|noise/noise/Pete_dataset,noise|noise.dude_miaowing.wav,b80d482ac6dd9f11a649e07505972b2806aeea8111decb4d242e0cb10a6a23fa,32044,16000.0,1.0,1.0,PCM_16,.wav,
data/noise/noise/Pete_dataset/noise.dude_miaowing.wav.20000.wav,tinyml_noise,noise,noise,unknown,noise|noise/noise/Pete_dataset,noise|noise.dude_miaowing.wav,29c2e7b9ccdf9af2e4683c53e833874b26a0e1e320b0caee28ecc0d088dd77cd,32044,16000.0,1.0,1.0,PCM_16,.wav,
data/noise/noise/Pete_dataset/noise.dude_miaowing.wav.21000.wav,tinyml_noise,noise,noise,unknown,noise|noise/noise/Pete_dataset,noise|noise.dude_miaowing.wav,25886e58a24b97809b155a8ae793c10cfd0da502eba1b8c1a428dc00ce519571,32044,16000.0,1.0,1.0,PCM_16,.wav,
data/noise/noise/Pete_dataset/noise.dude_miaowing.wav.30000.wav,tinyml_noise,noise,noise,unknown,noise|noise/noise/Pete_dataset,noise|noise.dude_miaowing.wav,aaf1c68cf3f75dc5f8d6e39c3a24faa7084848390d7c839ef3da841aa2c12048,32044,16000.0,1.0,1.0,PCM_16,.wav,
data/noise/noise/Pete_dataset/noise.dude_miaowing.wav.49000.wav,tinyml_noise,noise,noise,unknown,noise|noise/noise/Pete_dataset,noise|noise.dude_miaowing.wav,07168bb1940ddd3092d82168f19f8e4862145e8820b3d54150045e25e9170bd9,32044,16000.0,1.0,1.0,PCM_16,.wav,
data/noise/noise/Pete_dataset/noise.dude_miaowing.wav.50000.wav,tinyml_noise,noise,noise,unknown,noise|noise/noise/Pete_dataset,noise|noise.dude_miaowing.wav,acc7ca275fde328834794c8174d41a5b493a4be6c66e4c4442166e00b3ee21cd,32044,16000.0,1.0,1.0,PCM_16,.wav,
data/noise/noise/Pete_dataset/noise.dude_miaowing.wav.6000.wav,tinyml_noise,noise,noise,unknown,noise|noise/noise/Pete_dataset,noise|noise.dude_miaowing.wav,d1d16889358f7f1f723be5fd784c3fe3861768b0e00f47d8bb5787203fbfcc0b,32044,16000.0,1.0,1.0,PCM_16,.wav,
data/noise/noise/Pete_dataset/noise.exercise_bike.wav.14000.wav,tinyml_noise,noise,noise,unknown,noise|noise/noise/Pete_dataset,noise|noise.exercise_bike.wav,6deb74bd78df72b0856a3927df8b70ce9eccd0eb91e71ef81a62c5b4bd7a86f2,32044,16000.0,1.0,1.0,PCM_16,.wav,
data/noise/noise/Pete_dataset/noise.exercise_bike.wav.16000.wav,tinyml_noise,noise,noise,unknown,noise|noise/noise/Pete_dataset,noise|noise.exercise_bike.wav,9113420e55efe3f4b41cd2dacec15eaeaedda1d44b9d9da5d2688e801ac9d6ca,32044,16000.0,1.0,1.0,PCM_16,.wav,
data/noise/noise/Pete_dataset/noise.exercise_bike.wav.2000.wav,tinyml_noise,noise,noise,unknown,noise|noise/noise/Pete_dataset,noise|noise.exercise_bike.wav,5343a2dff6c1702b028bdbc57d2fd3c6ffd8cc7b475a8c919664c057177457a3,32044,16000.0,1.0,1.0,PCM_16,.wav,
data/noise/noise/Pete_dataset/noise.exercise_bike.wav.41000.wav,tinyml_noise,noise,noise,unknown,noise|noise/noise/Pete_dataset,noise|noise.exercise_bike.wav,d0c0d9ce4a532b3dab402954bfd115e54b73958d6164ad6464a91e563961500a,32044,16000.0,1.0,1.0,PCM_16,.wav,
data/noise/noise/Pete_dataset/noise.exercise_bike.wav.47000.wav,tinyml_noise,noise,noise,unknown,noise|noise/noise/Pete_dataset,noise|noise.exercise_bike.wav,00c88c3efa9e6bcacd6c3c4ba668755c37a573d6b0f6801284784c1684a65e64,32044,16000.0,1.0,1.0,PCM_16,.wav,
data/noise/noise/Pete_dataset/noise.exercise_bike.wav.50000.wav,tinyml_noise,noise,noise,unknown,noise|noise/noise/Pete_dataset,noise|noise.exercise_bike.wav,b3f5f9865fc0cc4f66da17251b361ef1fc8646ea0aba404615c9c7b393223861,32044,16000.0,1.0,1.0,PCM_16,.wav,
data/noise/noise/Pete_dataset/noise.exercise_bike.wav.51000.wav,tinyml_noise,noise,noise,unknown,noise|noise/noise/Pete_dataset,noise|noise.exercise_bike.wav,521c8fd2f8a0ee3411e4e946fb55dc8867b5634fcde398d084fd3da5445d84a7,32044,16000.0,1.0,1.0,PCM_16,.wav,
data/noise/noise/Pete_dataset/noise.orig_test.AirConditioner_1.wav.12000.wav,tinyml_noise,noise,noise,unknown,noise|noise/noise/Pete_dataset,noise|noise.orig_test.airconditioner_1.wav,4dc69febe1e9d7d203109dd1fd06bd50a5723fc3a141f127c5a959a94ab113f1,32044,16000.0,1.0,1.0,PCM_16,.wav,
data/noise/noise/Pete_dataset/noise.orig_test.AirConditioner_1.wav.13000.wav,tinyml_noise,noise,noise,unknown,noise|noise/noise/Pete_dataset,noise|noise.orig_test.airconditioner_1.wav,1e30db40f7556a37124ec87716cb80594f575290b36dbc3b9f08835785f9c8d4,32044,16000.0,1.0,1.0,PCM_16,.wav,
data/noise/noise/Pete_dataset/noise.orig_test.AirConditioner_1.wav.22000.wav,tinyml_noise,noise,noise,unknown,noise|noise/noise/Pete_dataset,noise|noise.orig_test.airconditioner_1.wav,95879a426cd5b2d9ab823856912ef93b3361dc9f62ffb9a8f5e61d2b016ec68f,32044,16000.0,1.0,1.0,PCM_16,.wav,
data/noise/noise/Pete_dataset/noise.orig_test.AirConditioner_2.wav.10000.wav,tinyml_noise,noise,noise,unknown,noise|noise/noise/Pete_dataset,noise|noise.orig_test.airconditioner_2.wav,1778d275a128d2d1380da0ccb818c9ef882c87020699160cc528903f47d8c00f,32044,16000.0,1.0,1.0,PCM_16,.wav,
data/noise/noise/Pete_dataset/noise.orig_test.AirConditioner_2.wav.18000.wav,tinyml_noise,noise,noise,unknown,noise|noise/noise/Pete_dataset,noise|noise.orig_test.airconditioner_2.wav,ab88e84b2e52fcf12c1b6cf828de3ff7379439a5b1d52ff70eecb28a708194b7,32044,16000.0,1.0,1.0,PCM_16,.wav,
data/noise/noise/Pete_dataset/noise.orig_test.AirConditioner_2.wav.3000.wav,tinyml_noise,noise,noise,unknown,noise|noise/noise/Pete_dataset,noise|noise.orig_test.airconditioner_2.wav,0fce7781755fcbecabe65d9653fed05ff9914cabeb67b7780f66925fc28b0148,32044,16000.0,1.0,1.0,PCM_16,.wav,
data/noise/noise/Pete_dataset/noise.orig_test.AirConditioner_3.wav.11000.wav,tinyml_noise,noise,noise,unknown,noise|noise/noise/Pete_dataset,noise|noise.orig_test.airconditioner_3.wav,f029799d441e82ae5c0f78d960463514370e1080f14d2fb8d8db8a5df1d40749,32044,16000.0,1.0,1.0,PCM_16,.wav,
data/noise/noise/Pete_dataset/noise.orig_test.AirConditioner_3.wav.15000.wav,tinyml_noise,noise,noise,unknown,noise|noise/noise/Pete_dataset,noise|noise.orig_test.airconditioner_3.wav,63a4bb258dc6c6531541e1e70a981a16dcf062a0fcda30e3b5c3e1f002c451b5,32044,16000.0,1.0,1.0,PCM_16,.wav,
data/noise/noise/Pete_dataset/noise.orig_test.AirConditioner_3.wav.23000.wav,tinyml_noise,noise,noise,unknown,noise|noise/noise/Pete_dataset,noise|noise.orig_test.airconditioner_3.wav,57ce813d0b4c3567a7280c641c6415449d8466a8fc841771961a9a00e1a02d05,32044,16000.0,1.0,1.0,PCM_16,.wav,
data/noise/noise/Pete_dataset/noise.orig_test.AirConditioner_3.wav.24000.wav,tinyml_noise,noise,noise,unknown,noise|noise/noise/Pete_dataset,noise|noise.orig_test.airconditioner_3.wav,bcdffed48e336fb29e2dfa1e04bd5002ca1ba0d2782325a553c2ab340d4b0d49,32044,16000.0,1.0,1.0,PCM_16,.wav,
data/noise/noise/Pete_dataset/noise.orig_test.AirConditioner_4.wav.1000.wav,tinyml_noise,noise,noise,unknown,noise|noise/noise/Pete_dataset,noise|noise.orig_test.airconditioner_4.wav,a7d378a9e5a9368b5f01f0ad33ac12568984d4a084a2209b5f1d30a77fbd11ee,32044,16000.0,1.0,1.0,PCM_16,.wav,
data/noise/noise/Pete_dataset/noise.orig_test.AirConditioner_4.wav.19000.wav,tinyml_noise,noise,noise,unknown,noise|noise/noise/Pete_dataset,noise|noise.orig_test.airconditioner_4.wav,088e3ab067cec79b3d66f844bd45308e8cba8c91ba9bdae0d93a6d98f550ec48,32044,16000.0,1.0,1.0,PCM_16,.wav,
data/noise/noise/Pete_dataset/noise.orig_test.AirConditioner_4.wav.22000.wav,tinyml_noise,noise,noise,unknown,noise|noise/noise/Pete_dataset,noise|noise.orig_test.airconditioner_4.wav,671083c051466080f791c77e5f9dd63a57f2a3fe2d8ebb6fbe3c14320c9d30f2,32044,16000.0,1.0,1.0,PCM_16,.wav,
data/noise/noise/Pete_dataset/noise.orig_test.AirConditioner_4.wav.3000.wav,tinyml_noise,noise,noise,unknown,noise|noise/noise/Pete_dataset,noise|noise.orig_test.airconditioner_4.wav,ae76e03d0f58d29c03bf2c6dbdeaae7962693a75d8d3f67d22f57eac106e5574,32044,16000.0,1.0,1.0,PCM_16,.wav,
data/noise/noise/Pete_dataset/noise.orig_test.AirConditioner_5.wav.12000.wav,tinyml_noise,noise,noise,unknown,noise|noise/noise/Pete_dataset,noise|noise.orig_test.airconditioner_5.wav,9535a05ccbc9c5591bd3d9c5a84d65669c73562a241c199a05ca8a4f357ccb37,32044,16000.0,1.0,1.0,PCM_16,.wav,
data/noise/noise/Pete_dataset/noise.orig_test.AirConditioner_5.wav.15000.wav,tinyml_noise,noise,noise,unknown,noise|noise/noise/Pete_dataset,noise|noise.orig_test.airconditioner_5.wav,fbe967d6fbce22132c6d82af04ef78f7b0240a459e33025b11b347d7f7043321,32044,16000.0,1.0,1.0,PCM_16,.wav,
data/noise/noise/Pete_dataset/noise.orig_test.AirConditioner_5.wav.28000.wav,tinyml_noise,noise,noise,unknown,noise|noise/noise/Pete_dataset,noise|noise.orig_test.airconditioner_5.wav,f0cf0776c4ad9d1f8306c84e153730326822ed7ca6b1cf9d777f3d84058ae174,32044,16000.0,1.0,1.0,PCM_16,.wav,
data/noise/noise/Pete_dataset/noise.orig_test.AirConditioner_6.wav.17000.wav,tinyml_noise,noise,noise,unknown,noise|noise/noise/Pete_dataset,noise|noise.orig_test.airconditioner_6.wav,9bf15618218fe47a2c166891289ed8c9e742d13825d92fb1796e8ecd8e51fc1a,32044,16000.0,1.0,1.0,PCM_16,.wav,
data/noise/noise/Pete_dataset/noise.orig_test.AirConditioner_6.wav.21000.wav,tinyml_noise,noise,noise,unknown,noise|noise/noise/Pete_dataset,noise|noise.orig_test.airconditioner_6.wav,a1ae9a26bfe3a391c98e47b04775989a3ff1c912680e0f77e811377e917a9b8d,32044,16000.0,1.0,1.0,PCM_16,.wav,
data/noise/noise/Pete_dataset/noise.orig_test.AirConditioner_6.wav.5000.wav,tinyml_noise,noise,noise,unknown,noise|noise/noise/Pete_dataset,noise|noise.orig_test.airconditioner_6.wav,3a3b658a75a8b618456cb764c20e31b9cefb5f95815d0b2d83974718c3d4ff46,32044,16000.0,1.0,1.0,PCM_16,.wav,
data/noise/noise/Pete_dataset/noise.orig_test.AirConditioner_7.wav.12000.wav,tinyml_noise,noise,noise,unknown,noise|noise/noise/Pete_dataset,noise|noise.orig_test.airconditioner_7.wav,9886d38c4a50705bb536e4b495e5bb9985707432fd69b3fc6af99513a873bef9,32044,16000.0,1.0,1.0,PCM_16,.wav,
data/noise/noise/Pete_dataset/noise.orig_test.AirConditioner_7.wav.14000.wav,tinyml_noise,noise,noise,unknown,noise|noise/noise/Pete_dataset,noise|noise.orig_test.airconditioner_7.wav,0a32fc6edaa7707ce6da50e430fd673eef53df759792ed152fc5182be4003c12,32044,16000.0,1.0,1.0,PCM_16,.wav,
data/noise/noise/Pete_dataset/noise.orig_test.AirConditioner_7.wav.19000.wav,tinyml_noise,noise,noise,unknown,noise|noise/noise/Pete_dataset,noise|noise.orig_test.airconditioner_7.wav,e9c4c3ad572b298190d7758e47133053c1bd3d4a8d119a1ad0bd761686b65903,32044,16000.0,1.0,1.0,PCM_16,.wav,
data/noise/noise/Pete_dataset/noise.orig_test.AirConditioner_8.wav.10000.wav,tinyml_noise,noise,noise,unknown,noise|noise/noise/Pete_dataset,noise|noise.orig_test.airconditioner_8.wav,2399644343cf575d90a74d9b4f272865b6157eecec6d3330c1b76c81831728ee,32044,16000.0,1.0,1.0,PCM_16,.wav,
data/noise/noise/Pete_dataset/noise.orig_test.AirConditioner_8.wav.21000.wav,tinyml_noise,noise,noise,unknown,noise|noise/noise/Pete_dataset,noise|noise.orig_test.airconditioner_8.wav,26d53bffe9fe4aafb0f927b288b13bdb2d0c437e210958af8e1a9a4e5a3003a8,32044,16000.0,1.0,1.0,PCM_16,.wav,
data/noise/noise/Pete_dataset/noise.orig_test.AirConditioner_8.wav.25000.wav,tinyml_noise,noise,noise,unknown,noise|noise/noise/Pete_dataset,noise|noise.orig_test.airconditioner_8.wav,898b64d8908c9d2b375ae564a5c286e138737bad93ac790cbb7ed762cf67d868,32044,16000.0,1.0,1.0,PCM_16,.wav,
data/noise/noise/Pete_dataset/noise.orig_test.AirConditioner_8.wav.38000.wav,tinyml_noise,noise,noise,unknown,noise|noise/noise/Pete_dataset,noise|noise.orig_test.airconditioner_8.wav,9a091369ccc170454e1d5887dd228eb7278b9fe0287a9ea76c81f180eecb5182,32044,16000.0,1.0,1.0,PCM_16,.wav,
data/noise/noise/Pete_dataset/noise.orig_test.AirConditioner_8.wav.42000.wav,tinyml_noise,noise,noise,unknown,noise|noise/noise/Pete_dataset,noise|noise.orig_test.airconditioner_8.wav,d236fbb286b785b6fb316053cd032797dabdfc9aaa04a4e3ca75cbb9fad71850,32044,16000.0,1.0,1.0,PCM_16,.wav,
data/noise/noise/Pete_dataset/noise.orig_test.AirConditioner_8.wav.50000.wav,tinyml_noise,noise,noise,unknown,noise|noise/noise/Pete_dataset,noise|noise.orig_test.airconditioner_8.wav,d051addb3f3b59e8958c2b214cc469dd5c49eee4c20f82db937245939eb57116,32044,16000.0,1.0,1.0,PCM_16,.wav,
data/noise/noise/Pete_dataset/noise.orig_test.AirportAnnouncements_2.wav.40000.wav,tinyml_noise,noise,noise,unknown,noise|noise/noise/Pete_dataset,noise|noise.orig_test.airportannouncements_2.wav,beda55f1f6fc2032e2727e3e6263a948432baba96de0a7b3ffc6e7c90f12414b,32044,16000.0,1.0,1.0,PCM_16,.wav,
data/noise/noise/Pete_dataset/noise.orig_test.AirportAnnouncements_3.wav.10000.wav,tinyml_noise,noise,noise,unknown,noise|noise/noise/Pete_dataset,noise|noise.orig_test.airportannouncements_3.wav,c5cb663dfa2947fcd8eb016eb30c1bee79b7c274bad798557aafbe8c67df98b4,32044,16000.0,1.0,1.0,PCM_16,.wav,
data/noise/noise/Pete_dataset/noise.orig_test.AirportAnnouncements_3.wav.13000.wav,tinyml_noise,noise,noise,unknown,noise|noise/noise/Pete_dataset,noise|noise.orig_test.airportannouncements_3.wav,e9c56152e31183c1d42fe868c26a462b738bf3fdbce6da0636c1479f5f128921,32044,16000.0,1.0,1.0,PCM_16,.wav,
data/noise/noise/Pete_dataset/noise.orig_test.AirportAnnouncements_3.wav.26000.wav,tinyml_noise,noise,noise,unknown,noise|noise/noise/Pete_dataset,noise|noise.orig_test.airportannouncements_3.wav,e1bfa0ba65d69928b987bb18defb1030237abe67fd33c0e8b2ecb77b7c0e4623,32044,16000.0,1.0,1.0,PCM_16,.wav,
data/noise/noise/Pete_dataset/noise.orig_test.AirportAnnouncements_3.wav.3000.wav,tinyml_noise,noise,noise,unknown,noise|noise/noise/Pete_dataset,noise|noise.orig_test.airportannouncements_3.wav,4e67f1ffcef25f30d019d51bf285d1c13b40b72f7ec860d9240d5b1122cdc9e3,32044,16000.0,1.0,1.0,PCM_16,.wav,
data/noise/noise/Pete_dataset/noise.orig_test.AirportAnnouncements_4.wav.15000.wav,tinyml_noise,noise,noise,unknown,noise|noise/noise/Pete_dataset,noise|noise.orig_test.airportannouncements_4.wav,9fb5b92dc6342aca0abb97180b6795b70ea09b646b8d57091807994a56cc588a,32044,16000.0,1.0,1.0,PCM_16,.wav,
data/noise/noise/Pete_dataset/noise.orig_test.AirportAnnouncements_4.wav.17000.wav,tinyml_noise,noise,noise,unknown,noise|noise/noise/Pete_dataset,noise|noise.orig_test.airportannouncements_4.wav,dfeba5e5a920c03954a8243f3b717dfcbfcb091cb45b85f56370ccded0120120,32044,16000.0,1.0,1.0,PCM_16,.wav,
data/noise/noise/Pete_dataset/noise.orig_test.AirportAnnouncements_4.wav.24000.wav,tinyml_noise,noise,noise,unknown,noise|noise/noise/Pete_dataset,noise|noise.orig_test.airportannouncements_4.wav,f99035792d6b181750d90f3d6a2daf2fb0566c7735c067ea5fe8d85685b16f02,32044,16000.0,1.0,1.0,PCM_16,.wav,
data/noise/noise/Pete_dataset/noise.orig_test.AirportAnnouncements_4.wav.31000.wav,tinyml_noise,noise,noise,unknown,noise|noise/noise/Pete_dataset,noise|noise.orig_test.airportannouncements_4.wav,2e5f07f70caf59830750d538ce21f588c424f8714ef967e8d28c3a55bb131a15,32044,16000.0,1.0,1.0,PCM_16,.wav,
data/noise/noise/Pete_dataset/noise.orig_test.AirportAnnouncements_4.wav.32000.wav,tinyml_noise,noise,noise,unknown,noise|noise/noise/Pete_dataset,noise|noise.orig_test.airportannouncements_4.wav,482ea316555b6f9da0dcd502615a8cbae60f0770da7eb8120334fb77c93f7861,32044,16000.0,1.0,1.0,PCM_16,.wav,
data/noise/noise/Pete_dataset/noise.orig_test.AirportAnnouncements_4.wav.45000.wav,tinyml_noise,noise,noise,unknown,noise|noise/noise/Pete_dataset,noise|noise.orig_test.airportannouncements_4.wav,c98c1e19ef5d69e6954324aed63f7d506384cac6ad9cd8bac56407e51940fc8d,32044,16000.0,1.0,1.0,PCM_16,.wav,
data/noise/noise/Pete_dataset/noise.orig_test.AirportAnnouncements_4.wav.46000.wav,tinyml_noise,noise,noise,unknown,noise|noise/noise/Pete_dataset,noise|noise.orig_test.airportannouncements_4.wav,70130db5c19398e174671d3814d8288e07d98093ae7f4528bff146b134c515ee,32044,16000.0,1.0,1.0,PCM_16,.wav,
data/noise/noise/Pete_dataset/noise.orig_test.AirportAnnouncements_4.wav.5000.wav,tinyml_noise,noise,noise,unknown,noise|noise/noise/Pete_dataset,noise|noise.orig_test.airportannouncements_4.wav,04482b2e3d225c4734576805a80bb7e49eee282fbe8c9f2683acc59764e436e3,32044,16000.0,1.0,1.0,PCM_16,.wav,
data/noise/noise/Pete_dataset/noise.orig_test.Babble_1.wav.11000.wav,tinyml_noise,noise,noise,unknown,noise|noise/noise/Pete_dataset,noise|noise.orig_test.babble_1.wav,ba4d7720ffadf10f7282183fa5ee5da1e642e74a9b4135e664561f2ae5fc331d,32044,16000.0,1.0,1.0,PCM_16,.wav,
data/noise/noise/Pete_dataset/noise.orig_test.Babble_1.wav.32000.wav,tinyml_noise,noise,noise,unknown,noise|noise/noise/Pete_dataset,noise|noise.orig_test.babble_1.wav,efd432aadca97bf333f6ffbc3dc29d87987ebd6e399e258c28479a8463a6b036,32044,16000.0,1.0,1.0,PCM_16,.wav,
data/noise/noise/Pete_dataset/noise.orig_test.Babble_1.wav.34000.wav,tinyml_noise,noise,noise,unknown,noise|noise/noise/Pete_dataset,noise|noise.orig_test.babble_1.wav,b475aea44377915583e34b0bba05a5783e23f7046c8ba4f0dd23abc820363f69,32044,16000.0,1.0,1.0,PCM_16,.wav,
data/noise/noise/Pete_dataset/noise.orig_test.Babble_1.wav.43000.wav,tinyml_noise,noise,noise,unknown,noise|noise/noise/Pete_dataset,noise|noise.orig_test.babble_1.wav,e2297761c2b8fa465a95e7840dee002b67d6c620d8970876c80b53ff8fa49a71,32044,16000.0,1.0,1.0,PCM_16,.wav,
data/noise/noise/Pete_dataset/noise.orig_test.Babble_1.wav.46000.wav,tinyml_noise,noise,noise,unknown,noise|noise/noise/Pete_dataset,noise|noise.orig_test.babble_1.wav,cf0fe59f38d31f8417f76f505acbffb16a97257df543349e919433da72febf2b,32044,16000.0,1.0,1.0,PCM_16,.wav,
data/noise/noise/Pete_dataset/noise.orig_test.Babble_1.wav.47000.wav,tinyml_noise,noise,noise,unknown,noise|noise/noise/Pete_dataset,noise|noise.orig_test.babble_1.wav,b0ed372f6b85b5668968b00163c3e6c9b4a9da2ade9dc8cffc76eb8ad13d5b8f,32044,16000.0,1.0,1.0,PCM_16,.wav,
data/noise/noise/Pete_dataset/noise.orig_test.Babble_1.wav.5000.wav,tinyml_noise,noise,noise,unknown,noise|noise/noise/Pete_dataset,noise|noise.orig_test.babble_1.wav,db71a9a989232a7d4df5f6e7edd3d209c0d2ea75efa3018c2d4060e60863cb4a,32044,16000.0,1.0,1.0,PCM_16,.wav,
data/noise/noise/Pete_dataset/noise.orig_test.Babble_2.wav.26000.wav,tinyml_noise,noise,noise,unknown,noise|noise/noise/Pete_dataset,noise|noise.orig_test.babble_2.wav,122485c6e32d5c59b1dd30f8d84a366ba2487b23004c71e0ac0e10483fa8d8a5,32044,16000.0,1.0,1.0,PCM_16,.wav,
data/noise/noise/Pete_dataset/noise.orig_test.Babble_2.wav.29000.wav,tinyml_noise,noise,noise,unknown,noise|noise/noise/Pete_dataset,noise|noise.orig_test.babble_2.wav,4172eb027b9290e680c987952f0dcb87cc2199f21b3929b1f3d50b04528e91d8,32044,16000.0,1.0,1.0,PCM_16,.wav,
data/noise/noise/Pete_dataset/noise.orig_test.Babble_2.wav.7000.wav,tinyml_noise,noise,noise,unknown,noise|noise/noise/Pete_dataset,noise|noise.orig_test.babble_2.wav,f4efefc0af35c477743a7bbfb4e0d9855ce356ccea904768921b4c056f42dcef,32044,16000.0,1.0,1.0,PCM_16,.wav,
data/noise/noise/Pete_dataset/noise.orig_test.Babble_3.wav.13000.wav,tinyml_noise,noise,noise,unknown,noise|noise/noise/Pete_dataset,noise|noise.orig_test.babble_3.wav,b4f87b5cdb55f051d87f9d049110b2ca62feb4ca9b91bc1219e8a2e495d0a756,32044,16000.0,1.0,1.0,PCM_16,.wav,
data/noise/noise/Pete_dataset/noise.orig_test.Babble_3.wav.16000.wav,tinyml_noise,noise,noise,unknown,noise|noise/noise/Pete_dataset,noise|noise.orig_test.babble_3.wav,61fca6e22efcba6428a182d2d2be595ee327026cd3f05ba6bf33b7eb492ea02c,32044,16000.0,1.0,1.0,PCM_16,.wav,
data/noise/noise/Pete_dataset/noise.orig_test.Babble_3.wav.18000.wav,tinyml_noise,noise,noise,unknown,noise|noise/noise/Pete_dataset,noise|noise.orig_test.babble_3.wav,62439d0d12cc48e95769855bfe7ab1f1b4c6faa1b56c79d68123f8baa3ba5fd4,32044,16000.0,1.0,1.0,PCM_16,.wav,
data/noise/noise/Pete_dataset/noise.orig_test.Babble_3.wav.41000.wav,tinyml_noise,noise,noise,unknown,noise|noise/noise/Pete_dataset,noise|noise.orig_test.babble_3.wav,a0130e2df2f797d608174d2c0c2360b6a025e556cee6dc1dd00e116352dba3d6,32044,16000.0,1.0,1.0,PCM_16,.wav,
data/noise/noise/Pete_dataset/noise.orig_test.Babble_3.wav.42000.wav,tinyml_noise,noise,noise,unknown,noise|noise/noise/Pete_dataset,noise|noise.orig_test.babble_3.wav,09bf337e40889f6d533c713e9b790bab9e8b667b86032334b1292a1cd6950a3c,32044,16000.0,1.0,1.0,PCM_16,.wav,
data/noise/noise/Pete_dataset/noise.orig_test.Babble_3.wav.7000.wav,tinyml_noise,noise,noise,unknown,noise|noise/noise/Pete_dataset,noise|noise.orig_test.babble_3.wav,fa24ddfe3e731f5afc81cc033fc13881b74ca594aca0407bc1ecffc9aab591a5,32044,16000.0,1.0,1.0,PCM_16,.wav,
data/noise/noise/Pete_dataset/noise.orig_test.Babble_4.wav.10000.wav,tinyml_noise,noise,noise,unknown,noise|noise/noise/Pete_dataset,noise|noise.orig_test.babble_4.wav,450d7fe181c029a2822de5d8295ef922170a4ff793750cb6dda04c31848f15a1,32044,16000.0,1.0,1.0,PCM_16,.wav,
data/noise/noise/Pete_dataset/noise.orig_test.Babble_4.wav.2000.wav,tinyml_noise,noise,noise,unknown,noise|noise/noise/Pete_dataset,noise|noise.orig_test.babble_4.wav,0d17bc7d5cc0860253a6f1fa5035c5fb7d14be183dd326bae52347af441a4717,32044,16000.0,1.0,1.0,PCM_16,.wav,
data/noise/noise/Pete_dataset/noise.orig_test.Babble_4.wav.30000.wav,tinyml_noise,noise,noise,unknown,noise|noise/noise/Pete_dataset,noise|noise.orig_test.babble_4.wav,898dca6e6db3cc0e0941bbba84036c320099cef02ce4100e27c1568a33760b67,32044,16000.0,1.0,1.0,PCM_16,.wav,
data/noise/noise/Pete_dataset/noise.orig_test.Babble_4.wav.32000.wav,tinyml_noise,noise,noise,unknown,noise|noise/noise/Pete_dataset,noise|noise.orig_test.babble_4.wav,bddfa398bcc6dd59663b65e9b5c8ce5ae09ddb186ed5e7dfb9d2dc804a70b8a3,32044,16000.0,1.0,1.0,PCM_16,.wav,
data/noise/noise/Pete_dataset/noise.orig_test.Babble_4.wav.33000.wav,tinyml_noise,noise,noise,unknown,noise|noise/noise/Pete_dataset,noise|noise.orig_test.babble_4.wav,61e2ec31ae87242bf43a29adda2675b7d80e8f0d10f9ed8739dad81e66711266,32044,16000.0,1.0,1.0,PCM_16,.wav,
data/noise/noise/Pete_dataset/noise.orig_test.Babble_4.wav.53000.wav,tinyml_noise,noise,noise,unknown,noise|noise/noise/Pete_dataset,noise|noise.orig_test.babble_4.wav,626c5b59519d05da6a00423e5cd7dd96012b9115a7b869412638551430ae7fec,32044,16000.0,1.0,1.0,PCM_16,.wav,
data/noise/noise/Pete_dataset/noise.orig_test.Babble_4.wav.65000.wav,tinyml_noise,noise,noise,unknown,noise|noise/noise/Pete_dataset,noise|noise.orig_test.babble_4.wav,7040aac69ff66eae0ee1e3f95dc0acd396473b1f79948d50c8323687bfb53b39,32044,16000.0,1.0,1.0,PCM_16,.wav,
data/noise/noise/Pete_dataset/noise.orig_test.Babble_4.wav.70000.wav,tinyml_noise,noise,noise,unknown,noise|noise/noise/Pete_dataset,noise|noise.orig_test.babble_4.wav,2fce65a5d9eb8300c2fe63934c222bd6aae20d8c36395a99b24e419321e70ce2,32044,16000.0,1.0,1.0,PCM_16,.wav,
data/noise/noise/Pete_dataset/noise.orig_test.Babble_4.wav.71000.wav,tinyml_noise,noise,noise,unknown,noise|noise/noise/Pete_dataset,noise|noise.orig_test.babble_4.wav,a0ae4f87ed381d3e7d19c1459dcf0db07ffbc58975b303a21fd818c2c081b110,32044,16000.0,1.0,1.0,PCM_16,.wav,
data/noise/noise/Pete_dataset/noise.orig_test.Babble_4.wav.73000.wav,tinyml_noise,noise,noise,unknown,noise|noise/noise/Pete_dataset,noise|noise.orig_test.babble_4.wav,e2fb2f8a1ee09ce9ba9c39ef5b4ada86012cc88a19d25551adfdf433c003c1cf,32044,16000.0,1.0,1.0,PCM_16,.wav,
data/noise/noise/Pete_dataset/noise.orig_test.Babble_4.wav.94000.wav,tinyml_noise,noise,noise,unknown,noise|noise/noise/Pete_dataset,noise|noise.orig_test.babble_4.wav,ef186f4bf2840fe55d4934de16cd3adf3d04926e1e786d6d17c3f3cfe4c0eceb,32044,16000.0,1.0,1.0,PCM_16,.wav,
data/noise/noise/Pete_dataset/noise.orig_test.CopyMachine_1.wav.16000.wav,tinyml_noise,noise,noise,unknown,noise|noise/noise/Pete_dataset,noise|noise.orig_test.copymachine_1.wav,b855b8771c30df3d00166e5534a35207c469a514af462b72d34d9cf6de5a71b2,32044,16000.0,1.0,1.0,PCM_16,.wav,
data/noise/noise/Pete_dataset/noise.orig_test.CopyMachine_1.wav.17000.wav,tinyml_noise,noise,noise,unknown,noise|noise/noise/Pete_dataset,noise|noise.orig_test.copymachine_1.wav,f049bad141586eb30d138fcfa9b8beeedd26110ae32510d4ae5814473ef92c21,32044,16000.0,1.0,1.0,PCM_16,.wav,
data/noise/noise/Pete_dataset/noise.orig_test.CopyMachine_1.wav.26000.wav,tinyml_noise,noise,noise,unknown,noise|noise/noise/Pete_dataset,noise|noise.orig_test.copymachine_1.wav,0506cad2db0f53b049cffb57386a45c753cba1d2bd412082faf56e2376e93e0f,32044,16000.0,1.0,1.0,PCM_16,.wav,
data/noise/noise/Pete_dataset/noise.orig_test.CopyMachine_1.wav.30000.wav,tinyml_noise,noise,noise,unknown,noise|noise/noise/Pete_dataset,noise|noise.orig_test.copymachine_1.wav,f6c09b97e42167c04a1ebfc0e2acbd73f531167dddb056960c50f3ad119d3869,32044,16000.0,1.0,1.0,PCM_16,.wav,
data/noise/noise/Pete_dataset/noise.orig_test.CopyMachine_1.wav.31000.wav,tinyml_noise,noise,noise,unknown,noise|noise/noise/Pete_dataset,noise|noise.orig_test.copymachine_1.wav,a84b669ee3ecf2b4ddf88f32a0b2af3eca814d09991f1810538d24e7143642d6,32044,16000.0,1.0,1.0,PCM_16,.wav,
data/noise/noise/Pete_dataset/noise.orig_test.CopyMachine_2.wav.4000.wav,tinyml_noise,noise,noise,unknown,noise|noise/noise/Pete_dataset,noise|noise.orig_test.copymachine_2.wav,416054f29d049e32828dfe83de05d8c8888f1964fc32f12f48b8e1552831870b,32044,16000.0,1.0,1.0,PCM_16,.wav,
data/noise/noise/Pete_dataset/noise.orig_test.CopyMachine_2.wav.5000.wav,tinyml_noise,noise,noise,unknown,noise|noise/noise/Pete_dataset,noise|noise.orig_test.copymachine_2.wav,902e9a53feda6d969e5e3774251e9feade97ede29a74bf95655d4aab3b66dbd1,32044,16000.0,1.0,1.0,PCM_16,.wav,
data/noise/noise/Pete_dataset/noise.orig_test.Munching_1.wav.2000.wav,tinyml_noise,noise,noise,unknown,noise|noise/noise/Pete_dataset,noise|noise.orig_test.munching_1.wav,e9bfda3363db7e9df49c62ebdfcacf00c387785b2e842311fdac74fc198fe0dd,32044,16000.0,1.0,1.0,PCM_16,.wav,
data/noise/noise/Pete_dataset/noise.orig_test.Munching_1.wav.22000.wav,tinyml_noise,noise,noise,unknown,noise|noise/noise/Pete_dataset,noise|noise.orig_test.munching_1.wav,a29f5afae04b12e4426e8ec61ae98de323580f71ee4030182b4e3788295c3c6a,32044,16000.0,1.0,1.0,PCM_16,.wav,
data/noise/noise/Pete_dataset/noise.orig_test.Munching_1.wav.9000.wav,tinyml_noise,noise,noise,unknown,noise|noise/noise/Pete_dataset,noise|noise.orig_test.munching_1.wav,3f9f849163cfb6d2be58e290ad6d6f7b7e67153cee0982a73575aea366387dc7,32044,16000.0,1.0,1.0,PCM_16,.wav,
data/noise/noise/Pete_dataset/noise.orig_test.Munching_2.wav.17000.wav,tinyml_noise,noise,noise,unknown,noise|noise/noise/Pete_dataset,noise|noise.orig_test.munching_2.wav,58469797876470ab254ba2308d12448e1728bc2a14c1e2b36602c5e982209cc8,32044,16000.0,1.0,1.0,PCM_16,.wav,
data/noise/noise/Pete_dataset/noise.orig_test.Munching_2.wav.23000.wav,tinyml_noise,noise,noise,unknown,noise|noise/noise/Pete_dataset,noise|noise.orig_test.munching_2.wav,214fc1ad6b8816a1e0d436ff098c27026be24163262c14d9341ca07b745f49b2,32044,16000.0,1.0,1.0,PCM_16,.wav,
data/noise/noise/Pete_dataset/noise.orig_test.Munching_2.wav.30000.wav,tinyml_noise,noise,noise,unknown,noise|noise/noise/Pete_dataset,noise|noise.orig_test.munching_2.wav,11de09ffc9822d455071bd405e6f8ecfd86ba0051ae81e95160cab04fbec610d,32044,16000.0,1.0,1.0,PCM_16,.wav,
data/noise/noise/Pete_dataset/noise.orig_test.Munching_2.wav.9000.wav,tinyml_noise,noise,noise,unknown,noise|noise/noise/Pete_dataset,noise|noise.orig_test.munching_2.wav,933d741821843ecfeb48c0cce63ae7f44d9477a298340ceb467975a9874ebb1a,32044,16000.0,1.0,1.0,PCM_16,.wav,
data/noise/noise/Pete_dataset/noise.orig_test.Munching_3.wav.0.wav,tinyml_noise,noise,noise,unknown,noise|noise/noise/Pete_dataset,noise|noise.orig_test.munching_3.wav,c865702cea7db8001cf0e55deb76ebf033e1ed8862b524447d3e0be1440cdf3c,32044,16000.0,1.0,1.0,PCM_16,.wav,
data/noise/noise/Pete_dataset/noise.orig_test.Munching_3.wav.1000.wav,tinyml_noise,noise,noise,unknown,noise|noise/noise/Pete_dataset,noise|noise.orig_test.munching_3.wav,f34d9326c2bbb3fe18b8f92ec09c470eb7c98b395d8054e8c32c7cc43e96c26f,32044,16000.0,1.0,1.0,PCM_16,.wav,
data/noise/noise/Pete_dataset/noise.orig_test.Munching_3.wav.17000.wav,tinyml_noise,noise,noise,unknown,noise|noise/noise/Pete_dataset,noise|noise.orig_test.munching_3.wav,9b34b3ffd78ef2b04e46149e0ceee941260c213d077c41189a510d834f0bf6ad,32044,16000.0,1.0,1.0,PCM_16,.wav,
data/noise/noise/Pete_dataset/noise.orig_test.Munching_3.wav.24000.wav,tinyml_noise,noise,noise,unknown,noise|noise/noise/Pete_dataset,noise|noise.orig_test.munching_3.wav,21da8e5a21395b5f72564ffec2125552cf534c096a44076e91aecdb55149f8d3,32044,16000.0,1.0,1.0,PCM_16,.wav,
data/noise/noise/Pete_dataset/noise.orig_test.Munching_3.wav.3000.wav,tinyml_noise,noise,noise,unknown,noise|noise/noise/Pete_dataset,noise|noise.orig_test.munching_3.wav,482a65609fafb260b92b157365d523132adc12010aedef83bae604e53364e5cb,32044,16000.0,1.0,1.0,PCM_16,.wav,
data/noise/noise/Pete_dataset/noise.orig_test.Munching_3.wav.36000.wav,tinyml_noise,noise,noise,unknown,noise|noise/noise/Pete_dataset,noise|noise.orig_test.munching_3.wav,77edb385bd517dba63595f5eebf0b5ea8d21ec723a7a8cee7b676a66d48cf331,32044,16000.0,1.0,1.0,PCM_16,.wav,
data/noise/noise/Pete_dataset/noise.orig_test.Munching_3.wav.61000.wav,tinyml_noise,noise,noise,unknown,noise|noise/noise/Pete_dataset,noise|noise.orig_test.munching_3.wav,0af5d2f48b7865a7d03e4ebed6ccfcf4f3e30a3b9e6d5e2b5c59f440d79787bd,32044,16000.0,1.0,1.0,PCM_16,.wav,
data/noise/noise/Pete_dataset/noise.orig_test.Munching_3.wav.70000.wav,tinyml_noise,noise,noise,unknown,noise|noise/noise/Pete_dataset,noise|noise.orig_test.munching_3.wav,e5598f2263e486c7518767cc5b0adaba60b8eab9beb4c6e5a3ae66c6984fdd40,32044,16000.0,1.0,1.0,PCM_16,.wav,
data/noise/noise/Pete_dataset/noise.orig_test.Munching_3.wav.74000.wav,tinyml_noise,noise,noise,unknown,noise|noise/noise/Pete_dataset,noise|noise.orig_test.munching_3.wav,11b8daeaae2fcbbbb8bcc44d894b24a8cd94044500a3476c52837ebd7d6c62a2,32044,16000.0,1.0,1.0,PCM_16,.wav,
data/noise/noise/Pete_dataset/noise.orig_test.Munching_3.wav.8000.wav,tinyml_noise,noise,noise,unknown,noise|noise/noise/Pete_dataset,noise|noise.orig_test.munching_3.wav,eee519536d20ddf9de045f59de23345d23ea40ec4ce2e14a07d48db5651e3ad8,32044,16000.0,1.0,1.0,PCM_16,.wav,
data/noise/noise/Pete_dataset/noise.orig_test.Munching_4.wav.20000.wav,tinyml_noise,noise,noise,unknown,noise|noise/noise/Pete_dataset,noise|noise.orig_test.munching_4.wav,6bacd42c90e884c00b89c243fecdecaff9f94e9e944e16413108b01e28a0de1d,32044,16000.0,1.0,1.0,PCM_16,.wav,
data/noise/noise/Pete_dataset/noise.orig_test.Munching_4.wav.4000.wav,tinyml_noise,noise,noise,unknown,noise|noise/noise/Pete_dataset,noise|noise.orig_test.munching_4.wav,4b9d84d5c8797ad9f0a7a0e61497af08d9beb0949bdca4375e5a6e0af07f1dd9,32044,16000.0,1.0,1.0,PCM_16,.wav,
data/noise/noise/Pete_dataset/noise.orig_test.Munching_4.wav.5000.wav,tinyml_noise,noise,noise,unknown,noise|noise/noise/Pete_dataset,noise|noise.orig_test.munching_4.wav,cbb23caa8d6f88c66ea70a322f8dd0f66f4a8b14e5aa8341bf727c3fbf3e0d4a,32044,16000.0,1.0,1.0,PCM_16,.wav,
data/noise/noise/Pete_dataset/noise.orig_test.Munching_5.wav.22000.wav,tinyml_noise,noise,noise,unknown,noise|noise/noise/Pete_dataset,noise|noise.orig_test.munching_5.wav,4a2f270f7fe09a95ffc2862437692246494cf6d41c9aac362b557c4971308c64,32044,16000.0,1.0,1.0,PCM_16,.wav,
data/noise/noise/Pete_dataset/noise.orig_test.Munching_5.wav.25000.wav,tinyml_noise,noise,noise,unknown,noise|noise/noise/Pete_dataset,noise|noise.orig_test.munching_5.wav,145e4764c5de7b5ea54ec31dabccd443bcd7d478f63115e4dd770d154338342b,32044,16000.0,1.0,1.0,PCM_16,.wav,
data/noise/noise/Pete_dataset/noise.orig_test.Munching_5.wav.8000.wav,tinyml_noise,noise,noise,unknown,noise|noise/noise/Pete_dataset,noise|noise.orig_test.munching_5.wav,dd89bc7b47ac6a63229a5664c9938b76b1a60066c42d14803e792d17cae2b7f2,32044,16000.0,1.0,1.0,PCM_16,.wav,
data/noise/noise/Pete_dataset/noise.orig_test.Neighbor_1.wav.14000.wav,tinyml_noise,noise,noise,unknown,noise|noise/noise/Pete_dataset,noise|noise.orig_test.neighbor_1.wav,675ce800cf21bcdcdd6e8d5a65217a55b47d5c694425d8e0a4494639ecfb5c2f,32044,16000.0,1.0,1.0,PCM_16,.wav,
data/noise/noise/Pete_dataset/noise.orig_test.Neighbor_1.wav.2000.wav,tinyml_noise,noise,noise,unknown,noise|noise/noise/Pete_dataset,noise|noise.orig_test.neighbor_1.wav,c046f4b2111767c5a847c08d03e2c0757c9dfa2334e81136e3199a4501a0ea2d,32044,16000.0,1.0,1.0,PCM_16,.wav,
data/noise/noise/Pete_dataset/noise.orig_test.Neighbor_1.wav.20000.wav,tinyml_noise,noise,noise,unknown,noise|noise/noise/Pete_dataset,noise|noise.orig_test.neighbor_1.wav,d1357100c7859d8db31a4508cbbece579eb98db30e914b73517e9641fda79624,32044,16000.0,1.0,1.0,PCM_16,.wav,
data/noise/noise/Pete_dataset/noise.orig_test.Neighbor_1.wav.38000.wav,tinyml_noise,noise,noise,unknown,noise|noise/noise/Pete_dataset,noise|noise.orig_test.neighbor_1.wav,b390d237d8ef2ecde20295fa547329b145f122d0f42efd4263e323e93602faa5,32044,16000.0,1.0,1.0,PCM_16,.wav,
data/noise/noise/Pete_dataset/noise.orig_test.Neighbor_1.wav.5000.wav,tinyml_noise,noise,noise,unknown,noise|noise/noise/Pete_dataset,noise|noise.orig_test.neighbor_1.wav,7e7cc07170b3f343d21a92804f92d7e42abcd8ef5465c2013a389c172a06fb35,32044,16000.0,1.0,1.0,PCM_16,.wav,
data/noise/noise/Pete_dataset/noise.orig_test.Neighbor_1.wav.6000.wav,tinyml_noise,noise,noise,unknown,noise|noise/noise/Pete_dataset,noise|noise.orig_test.neighbor_1.wav,9d5cf88455e0d2f89b5d8584a08add944c87738173ecc2c70bbb36c2df212202,32044,16000.0,1.0,1.0,PCM_16,.wav,
data/noise/noise/Pete_dataset/noise.orig_test.Neighbor_2.wav.0.wav,tinyml_noise,noise,noise,unknown,noise|noise/noise/Pete_dataset,noise|noise.orig_test.neighbor_2.wav,6967cf03d2a14ad5b894ef183cdcbf158eea086cc95385d6330dc2754b79721d,32044,16000.0,1.0,1.0,PCM_16,.wav,
data/noise/noise/Pete_dataset/noise.orig_test.Neighbor_2.wav.13000.wav,tinyml_noise,noise,noise,unknown,noise|noise/noise/Pete_dataset,noise|noise.orig_test.neighbor_2.wav,5667733999af191e4f03531e47c59f213a5fe389c6a9e8435552da745f5e4c9c,32044,16000.0,1.0,1.0,PCM_16,.wav,
data/noise/noise/Pete_dataset/noise.orig_test.Neighbor_2.wav.14000.wav,tinyml_noise,noise,noise,unknown,noise|noise/noise/Pete_dataset,noise|noise.orig_test.neighbor_2.wav,de9870293a68549fa9d5ee1312255d6553cb0742a863ad57651790ecf8e3c0de,32044,16000.0,1.0,1.0,PCM_16,.wav,
data/noise/noise/Pete_dataset/noise.orig_test.Neighbor_2.wav.24000.wav,tinyml_noise,noise,noise,unknown,noise|noise/noise/Pete_dataset,noise|noise.orig_test.neighbor_2.wav,bc21de1488d2df073b49d74e10e765f7d639705e14d2b53d7bf568b02834e4f4,32044,16000.0,1.0,1.0,PCM_16,.wav,
data/noise/noise/Pete_dataset/noise.orig_test.Neighbor_2.wav.8000.wav,tinyml_noise,noise,noise,unknown,noise|noise/noise/Pete_dataset,noise|noise.orig_test.neighbor_2.wav,cedf496c774b7e4627147832af9549479375316dce8b7d96ddf0f98f41287a1b,32044,16000.0,1.0,1.0,PCM_16,.wav,
data/noise/noise/Pete_dataset/noise.orig_test.Neighbor_3.wav.16000.wav,tinyml_noise,noise,noise,unknown,noise|noise/noise/Pete_dataset,noise|noise.orig_test.neighbor_3.wav,a28bfca2df5ec625b199e7afc13945808092828378f23a7a2028a016104be6cf,32044,16000.0,1.0,1.0,PCM_16,.wav,
data/noise/noise/Pete_dataset/noise.orig_test.Neighbor_3.wav.21000.wav,tinyml_noise,noise,noise,unknown,noise|noise/noise/Pete_dataset,noise|noise.orig_test.neighbor_3.wav,fee9b4bc451970824ea07e8bc032ee06c124c2afe1cd7be06303650c13643b0d,32044,16000.0,1.0,1.0,PCM_16,.wav,
data/noise/noise/Pete_dataset/noise.orig_test.Neighbor_3.wav.24000.wav,tinyml_noise,noise,noise,unknown,noise|noise/noise/Pete_dataset,noise|noise.orig_test.neighbor_3.wav,165901039509cf98449d50ea7560de09d8588dfd71210c51dcb62b618122d9bd,32044,16000.0,1.0,1.0,PCM_16,.wav,
data/noise/noise/Pete_dataset/noise.orig_test.Neighbor_3.wav.45000.wav,tinyml_noise,noise,noise,unknown,noise|noise/noise/Pete_dataset,noise|noise.orig_test.neighbor_3.wav,d9bc3c40cf4614a7a1b3fa334e711f369b2e6aedb40e2116d77b092cd8d6fe8e,32044,16000.0,1.0,1.0,PCM_16,.wav,
data/noise/noise/Pete_dataset/noise.orig_test.Neighbor_3.wav.57000.wav,tinyml_noise,noise,noise,unknown,noise|noise/noise/Pete_dataset,noise|noise.orig_test.neighbor_3.wav,7b493c26c1e8de457e90a63f91dfbd7840b2eb01d5b08312a1b4706ae9311749,32044,16000.0,1.0,1.0,PCM_16,.wav,
data/noise/noise/Pete_dataset/noise.orig_test.Neighbor_3.wav.8000.wav,tinyml_noise,noise,noise,unknown,noise|noise/noise/Pete_dataset,noise|noise.orig_test.neighbor_3.wav,15164abab3633181cc779bf7cef0d653f37d7e0461100038bf21bae63e5708fb,32044,16000.0,1.0,1.0,PCM_16,.wav,
data/noise/noise/Pete_dataset/noise.orig_test.Neighbor_4.wav.19000.wav,tinyml_noise,noise,noise,unknown,noise|noise/noise/Pete_dataset,noise|noise.orig_test.neighbor_4.wav,00b04279e30b8ba33797a5f40c7191435bb1b46edb2eb5fead7c35864044fbf7,32044,16000.0,1.0,1.0,PCM_16,.wav,
data/noise/noise/Pete_dataset/noise.orig_test.Neighbor_4.wav.5000.wav,tinyml_noise,noise,noise,unknown,noise|noise/noise/Pete_dataset,noise|noise.orig_test.neighbor_4.wav,74acffec55448020e086b4399871e5bc356c9ef7eeca6deae18eb69522cc2aa8,32044,16000.0,1.0,1.0,PCM_16,.wav,
data/noise/noise/Pete_dataset/noise.orig_test.Neighbor_4.wav.9000.wav,tinyml_noise,noise,noise,unknown,noise|noise/noise/Pete_dataset,noise|noise.orig_test.neighbor_4.wav,d063af44a6de4d1976ae5ee21b6e29ae2543b05fcb9d951cf5172ccd51e09967,32044,16000.0,1.0,1.0,PCM_16,.wav,
data/noise/noise/Pete_dataset/noise.orig_test.Neighbor_5.wav.20000.wav,tinyml_noise,noise,noise,unknown,noise|noise/noise/Pete_dataset,noise|noise.orig_test.neighbor_5.wav,458004c4179783ae7a4e89fe174e1d8cf569b50d49d4866607da5f0a8375eb47,32044,16000.0,1.0,1.0,PCM_16,.wav,
data/noise/noise/Pete_dataset/noise.orig_test.Neighbor_5.wav.3000.wav,tinyml_noise,noise,noise,unknown,noise|noise/noise/Pete_dataset,noise|noise.orig_test.neighbor_5.wav,f7a00a8118421ca7653ed8b0dc62c8383d93f1ff94daa204bc2d30925b4f52ae,32044,16000.0,1.0,1.0,PCM_16,.wav,
data/noise/noise/Pete_dataset/noise.orig_test.ShuttingDoor_1.wav.16000.wav,tinyml_noise,noise,noise,unknown,noise|noise/noise/Pete_dataset,noise|noise.orig_test.shuttingdoor_1.wav,7dfa790fb3dd6187e8262ddfd28f07127f31a7c9bc72d6446a836a8580c91415,32044,16000.0,1.0,1.0,PCM_16,.wav,
data/noise/noise/Pete_dataset/noise.orig_test.ShuttingDoor_1.wav.17000.wav,tinyml_noise,noise,noise,unknown,noise|noise/noise/Pete_dataset,noise|noise.orig_test.shuttingdoor_1.wav,f75ff6b729a4698e1d37025e7ec6a0ef60bab32203e3c8d84fa42e801fb293ab,32044,16000.0,1.0,1.0,PCM_16,.wav,
data/noise/noise/Pete_dataset/noise.orig_test.ShuttingDoor_1.wav.21000.wav,tinyml_noise,noise,noise,unknown,noise|noise/noise/Pete_dataset,noise|noise.orig_test.shuttingdoor_1.wav,fc7f6a9ae06348bfae5e5e97328351f4cd3b90b70b5fba4dc728b93274b5235a,32044,16000.0,1.0,1.0,PCM_16,.wav,
data/noise/noise/Pete_dataset/noise.orig_test.ShuttingDoor_2.wav.12000.wav,tinyml_noise,noise,noise,unknown,noise|noise/noise/Pete_dataset,noise|noise.orig_test.shuttingdoor_2.wav,6949f32601a5c2374bf0e3c72f3e1337c8a20de582354d1f7dc4adccea25fa1a,32044,16000.0,1.0,1.0,PCM_16,.wav,
data/noise/noise/Pete_dataset/noise.orig_test.ShuttingDoor_2.wav.15000.wav,tinyml_noise,noise,noise,unknown,noise|noise/noise/Pete_dataset,noise|noise.orig_test.shuttingdoor_2.wav,1af841abc6c5f740e3f71c35973d114bdd3b2112a8b92baa4547c84a9bcc4f12,32044,16000.0,1.0,1.0,PCM_16,.wav,
data/noise/noise/Pete_dataset/noise.orig_test.ShuttingDoor_2.wav.8000.wav,tinyml_noise,noise,noise,unknown,noise|noise/noise/Pete_dataset,noise|noise.orig_test.shuttingdoor_2.wav,bb4860e06f9cc56d03c2b55d323fa008d2bbc4dfc8c57b3c3b95c585538743a9,32044,16000.0,1.0,1.0,PCM_16,.wav,
data/noise/noise/Pete_dataset/noise.orig_test.ShuttingDoor_3.wav.17000.wav,tinyml_noise,noise,noise,unknown,noise|noise/noise/Pete_dataset,noise|noise.orig_test.shuttingdoor_3.wav,5637274f46df2a59b0511ec9fd0bc38a816a4b74077c9e5ecce120be730ab48a,32044,16000.0,1.0,1.0,PCM_16,.wav,
data/noise/noise/Pete_dataset/noise.orig_test.ShuttingDoor_3.wav.18000.wav,tinyml_noise,noise,noise,unknown,noise|noise/noise/Pete_dataset,noise|noise.orig_test.shuttingdoor_3.wav,297e6826f94337e1b0ec9615d474e66ba32ec0941de3b597674e7389b696fb34,32044,16000.0,1.0,1.0,PCM_16,.wav,
data/noise/noise/Pete_dataset/noise.orig_test.ShuttingDoor_3.wav.20000.wav,tinyml_noise,noise,noise,unknown,noise|noise/noise/Pete_dataset,noise|noise.orig_test.shuttingdoor_3.wav,364a4e0e576ee5564f6e0da440baf279a32e9113465b0d06f87433f635082bc1,32044,16000.0,1.0,1.0,PCM_16,.wav,
data/noise/noise/Pete_dataset/noise.orig_test.ShuttingDoor_4.wav.21000.wav,tinyml_noise,noise,noise,unknown,noise|noise/noise/Pete_dataset,noise|noise.orig_test.shuttingdoor_4.wav,e85145b455dda64a9e02fde3d4ebdc93f5b8d015cfa8deb5dcc83fb89ecf6826,32044,16000.0,1.0,1.0,PCM_16,.wav,
data/noise/noise/Pete_dataset/noise.orig_test.ShuttingDoor_4.wav.27000.wav,tinyml_noise,noise,noise,unknown,noise|noise/noise/Pete_dataset,noise|noise.orig_test.shuttingdoor_4.wav,5cb82a6286f4a527a70fca5176b3784f912d3c6a6bc201796ff88a096627c398,32044,16000.0,1.0,1.0,PCM_16,.wav,
data/noise/noise/Pete_dataset/noise.orig_test.ShuttingDoor_4.wav.7000.wav,tinyml_noise,noise,noise,unknown,noise|noise/noise/Pete_dataset,noise|noise.orig_test.shuttingdoor_4.wav,d390b4d7ed36239caa020e7d6cec71489166e55c1bb689c07d88d5b50dd51bb3,32044,16000.0,1.0,1.0,PCM_16,.wav,
data/noise/noise/Pete_dataset/noise.orig_test.ShuttingDoor_4.wav.9000.wav,tinyml_noise,noise,noise,unknown,noise|noise/noise/Pete_dataset,noise|noise.orig_test.shuttingdoor_4.wav,9eb75d6403a6631640911f93affdfe3c251fc7d9bb2c77a4a1bb9c96b3dc0bf6,32044,16000.0,1.0,1.0,PCM_16,.wav,
data/noise/noise/Pete_dataset/noise.orig_test.Typing_1.wav.101000.wav,tinyml_noise,noise,noise,unknown,noise|noise/noise/Pete_dataset,noise|noise.orig_test.typing_1.wav,bedc128bda8b29d51eea7f7bd3038b7b280c06152166ca5ef3852e22b69623d6,32044,16000.0,1.0,1.0,PCM_16,.wav,
data/noise/noise/Pete_dataset/noise.orig_test.Typing_1.wav.116000.wav,tinyml_noise,noise,noise,unknown,noise|noise/noise/Pete_dataset,noise|noise.orig_test.typing_1.wav,4c5678b4c2b1166beed98df096c08205ac90deec697eb1533c328a962df72e21,32044,16000.0,1.0,1.0,PCM_16,.wav,
data/noise/noise/Pete_dataset/noise.orig_test.Typing_1.wav.124000.wav,tinyml_noise,noise,noise,unknown,noise|noise/noise/Pete_dataset,noise|noise.orig_test.typing_1.wav,aa42d97694c4def9431693ff5ed43fe24bb1e3868c7c1500ecf475cbca322a7b,32044,16000.0,1.0,1.0,PCM_16,.wav,
data/noise/noise/Pete_dataset/noise.orig_test.Typing_1.wav.128000.wav,tinyml_noise,noise,noise,unknown,noise|noise/noise/Pete_dataset,noise|noise.orig_test.typing_1.wav,cf6008fee8517a7461cca9ade7b323300a6c2ccf3c8cccb8c086f9769d975e26,32044,16000.0,1.0,1.0,PCM_16,.wav,
data/noise/noise/Pete_dataset/noise.orig_test.Typing_1.wav.129000.wav,tinyml_noise,noise,noise,unknown,noise|noise/noise/Pete_dataset,noise|noise.orig_test.typing_1.wav,ec44332f61fdd7b3dbc2b915c5aec43bc55b91d5899a93e4d4bf0bc77b29bc8b,32044,16000.0,1.0,1.0,PCM_16,.wav,
data/noise/noise/Pete_dataset/noise.orig_test.Typing_1.wav.140000.wav,tinyml_noise,noise,noise,unknown,noise|noise/noise/Pete_dataset,noise|noise.orig_test.typing_1.wav,af74425b0ef426db8abe28a1f0e6b05182fec1531de6e685754141b2197b65e6,32044,16000.0,1.0,1.0,PCM_16,.wav,
data/noise/noise/Pete_dataset/noise.orig_test.Typing_1.wav.153000.wav,tinyml_noise,noise,noise,unknown,noise|noise/noise/Pete_dataset,noise|noise.orig_test.typing_1.wav,d104d0a4055b6595962dd9929d6b891ef305790a982c91adde458f6dd4bfd444,32044,16000.0,1.0,1.0,PCM_16,.wav,
data/noise/noise/Pete_dataset/noise.orig_test.Typing_1.wav.158000.wav,tinyml_noise,noise,noise,unknown,noise|noise/noise/Pete_dataset,noise|noise.orig_test.typing_1.wav,690df471bb9550c2409a55396bf080f01af378cc30caa1a9410c9c8b667fbc57,32044,16000.0,1.0,1.0,PCM_16,.wav,
data/noise/noise/Pete_dataset/noise.orig_test.Typing_1.wav.159000.wav,tinyml_noise,noise,noise,unknown,noise|noise/noise/Pete_dataset,noise|noise.orig_test.typing_1.wav,2f8d4a499659076e29d38346a2a751c7901d0b9b54e581aa00ba9025f51d6c81,32044,16000.0,1.0,1.0,PCM_16,.wav,
data/noise/noise/Pete_dataset/noise.orig_test.Typing_1.wav.16000.wav,tinyml_noise,noise,noise,unknown,noise|noise/noise/Pete_dataset,noise|noise.orig_test.typing_1.wav,a7dfb661060670fc34d4ab27215c15fd2ec531f1ff955fb2c0ce07902855cd89,32044,16000.0,1.0,1.0,PCM_16,.wav,
data/noise/noise/Pete_dataset/noise.orig_test.Typing_1.wav.161000.wav,tinyml_noise,noise,noise,unknown,noise|noise/noise/Pete_dataset,noise|noise.orig_test.typing_1.wav,3c82b31814a946fed418973935fd71ec198dad601ad76837562fcb7dc03f2fda,32044,16000.0,1.0,1.0,PCM_16,.wav,
data/noise/noise/Pete_dataset/noise.orig_test.Typing_1.wav.194000.wav,tinyml_noise,noise,noise,unknown,noise|noise/noise/Pete_dataset,noise|noise.orig_test.typing_1.wav,0abf374dae52f09adb304ed4e0bf9298623f465c9c61580120b856e64cbff80a,32044,16000.0,1.0,1.0,PCM_16,.wav,
data/noise/noise/Pete_dataset/noise.orig_test.Typing_1.wav.20000.wav,tinyml_noise,noise,noise,unknown,noise|noise/noise/Pete_dataset,noise|noise.orig_test.typing_1.wav,6dcfae4f2ddbe12f7109692d1d46862c47f9a299aa0f3815eb46fe13b3a44b2b,32044,16000.0,1.0,1.0,PCM_16,.wav,
data/noise/noise/Pete_dataset/noise.orig_test.Typing_1.wav.203000.wav,tinyml_noise,noise,noise,unknown,noise|noise/noise/Pete_dataset,noise|noise.orig_test.typing_1.wav,185864190d5516d5b47b1128fbcca7e38409ec1210d9219887db630d4c62b91f,32044,16000.0,1.0,1.0,PCM_16,.wav,
data/noise/noise/Pete_dataset/noise.orig_test.Typing_1.wav.21000.wav,tinyml_noise,noise,noise,unknown,noise|noise/noise/Pete_dataset,noise|noise.orig_test.typing_1.wav,5dc74a2ea31e8dad4f104ab601f3031e88dfd94154dfea4138f0b5c7baaa8241,32044,16000.0,1.0,1.0,PCM_16,.wav,
data/noise/noise/Pete_dataset/noise.orig_test.Typing_1.wav.27000.wav,tinyml_noise,noise,noise,unknown,noise|noise/noise/Pete_dataset,noise|noise.orig_test.typing_1.wav,52a4b64c5f49383a2210ca48063cca0718c30b1d6fda89f889a6c3f70b2e793a,32044,16000.0,1.0,1.0,PCM_16,.wav,
data/noise/noise/Pete_dataset/noise.orig_test.Typing_1.wav.37000.wav,tinyml_noise,noise,noise,unknown,noise|noise/noise/Pete_dataset,noise|noise.orig_test.typing_1.wav,7a2842f3a441b90dc9aaa0f096ea20178ad7d0821ef83641a13dc8acacf946ad,32044,16000.0,1.0,1.0,PCM_16,.wav,
data/noise/noise/Pete_dataset/noise.orig_test.Typing_1.wav.40000.wav,tinyml_noise,noise,noise,unknown,noise|noise/noise/Pete_dataset,noise|noise.orig_test.typing_1.wav,5073b2a168504e6537db01327cf69ff747d8a4ce619a5038fb7d264b465a1d3e,32044,16000.0,1.0,1.0,PCM_16,.wav,
data/noise/noise/Pete_dataset/noise.orig_test.Typing_1.wav.7000.wav,tinyml_noise,noise,noise,unknown,noise|noise/noise/Pete_dataset,noise|noise.orig_test.typing_1.wav,28e6d1147a12d158a31f7dbfc62b6460101d8d80bfbcdf835d95cd30a78d4103,32044,16000.0,1.0,1.0,PCM_16,.wav,
data/noise/noise/Pete_dataset/noise.orig_test.Typing_1.wav.76000.wav,tinyml_noise,noise,noise,unknown,noise|noise/noise/Pete_dataset,noise|noise.orig_test.typing_1.wav,f34944929edac75a6bac15c822276553f41cf4df634e466a1adedf96b6dd1365,32044,16000.0,1.0,1.0,PCM_16,.wav,
data/noise/noise/Pete_dataset/noise.orig_test.Typing_1.wav.81000.wav,tinyml_noise,noise,noise,unknown,noise|noise/noise/Pete_dataset,noise|noise.orig_test.typing_1.wav,6e24065beb14632e28a2f64e884b0b8ea5bcae1c0c55c8e346fceaf8a78d8357,32044,16000.0,1.0,1.0,PCM_16,.wav,
data/noise/noise/Pete_dataset/noise.orig_test.Typing_1.wav.92000.wav,tinyml_noise,noise,noise,unknown,noise|noise/noise/Pete_dataset,noise|noise.orig_test.typing_1.wav,1320eee9eff6b305d983708ea0dc93c3d088e27273c57c7f8f26ab94d06adc02,32044,16000.0,1.0,1.0,PCM_16,.wav,
data/noise/noise/Pete_dataset/noise.orig_test.Typing_2.wav.17000.wav,tinyml_noise,noise,noise,unknown,noise|noise/noise/Pete_dataset,noise|noise.orig_test.typing_2.wav,a8ad91a3f1e270b29eedb642f811ea3b4386cc1b72c28311b6d220c85b22cafd,32044,16000.0,1.0,1.0,PCM_16,.wav,
data/noise/noise/Pete_dataset/noise.orig_test.Typing_2.wav.40000.wav,tinyml_noise,noise,noise,unknown,noise|noise/noise/Pete_dataset,noise|noise.orig_test.typing_2.wav,859d498e04e68d893eb95b408b3f5ab38b6e836e106cd8374cc3ddf9b3708772,32044,16000.0,1.0,1.0,PCM_16,.wav,
data/noise/noise/Pete_dataset/noise.orig_test.Typing_2.wav.6000.wav,tinyml_noise,noise,noise,unknown,noise|noise/noise/Pete_dataset,noise|noise.orig_test.typing_2.wav,0767e680590e1ca3523dbd57378d09accc6de41081dbbf42153c9a58d74385d4,32044,16000.0,1.0,1.0,PCM_16,.wav,
data/noise/noise/Pete_dataset/noise.orig_test.Typing_2.wav.9000.wav,tinyml_noise,noise,noise,unknown,noise|noise/noise/Pete_dataset,noise|noise.orig_test.typing_2.wav,2be0322f3cbfd4ac6fbd3637e477f00c55d47189655dd3e4bb45d5b3316232cf,32044,16000.0,1.0,1.0,PCM_16,.wav,
data/noise/noise/Pete_dataset/noise.orig_test.VacuumCleaner_1.wav.16000.wav,tinyml_noise,noise,noise,unknown,noise|noise/noise/Pete_dataset,noise|noise.orig_test.vacuumcleaner_1.wav,87fd4f35bc08f001c9247046822e3d8eebef0371e226a224b6a8ea43bfd7766d,32044,16000.0,1.0,1.0,PCM_16,.wav,
data/noise/noise/Pete_dataset/noise.orig_test.VacuumCleaner_1.wav.28000.wav,tinyml_noise,noise,noise,unknown,noise|noise/noise/Pete_dataset,noise|noise.orig_test.vacuumcleaner_1.wav,57ebf4d7d2ea4292fb4b9206111e9a8f6b64900937c738119184ae23e73679ae,32044,16000.0,1.0,1.0,PCM_16,.wav,
data/noise/noise/Pete_dataset/noise.orig_test.VacuumCleaner_1.wav.4000.wav,tinyml_noise,noise,noise,unknown,noise|noise/noise/Pete_dataset,noise|noise.orig_test.vacuumcleaner_1.wav,c4d5d91bfeaacbcfc12a4250c77fec3af9ef674e964c58ff6b03c9085cd993e2,32044,16000.0,1.0,1.0,PCM_16,.wav,
data/noise/noise/Pete_dataset/noise.orig_train.Bus_1.wav.18000.wav,tinyml_noise,noise,noise,unknown,noise|noise/noise/Pete_dataset,noise|noise.orig_train.bus_1.wav,d6fa855770ec67648c146d637c020d9d25897df7c58bd6b6336d78502cd009f5,32044,16000.0,1.0,1.0,PCM_16,.wav,
data/noise/noise/Pete_dataset/noise.orig_train.Bus_1.wav.19000.wav,tinyml_noise,noise,noise,unknown,noise|noise/noise/Pete_dataset,noise|noise.orig_train.bus_1.wav,34b4a1afe9a69b14eb56ac6d1084718d7f801a2b43ad970e9c7b0d933ba8dbca,32044,16000.0,1.0,1.0,PCM_16,.wav,
data/noise/noise/Pete_dataset/noise.orig_train.Bus_1.wav.21000.wav,tinyml_noise,noise,noise,unknown,noise|noise/noise/Pete_dataset,noise|noise.orig_train.bus_1.wav,cfa9df69c3b8fc0bed52a42c5a381880050b215619c88919fb126aa70e5a953c,32044,16000.0,1.0,1.0,PCM_16,.wav,
data/noise/noise/Pete_dataset/noise.orig_train.Bus_1.wav.30000.wav,tinyml_noise,noise,noise,unknown,noise|noise/noise/Pete_dataset,noise|noise.orig_train.bus_1.wav,2daecb586189fbe14997560a64d5eded56fdab24edacc405b280ba8bc9a40f2d,32044,16000.0,1.0,1.0,PCM_16,.wav,
data/noise/noise/Pete_dataset/noise.orig_train.Bus_1.wav.37000.wav,tinyml_noise,noise,noise,unknown,noise|noise/noise/Pete_dataset,noise|noise.orig_train.bus_1.wav,41359516e09049282bb98b8a75539d5c2014474c0f24513f6c77e6fc6f1dd9ee,32044,16000.0,1.0,1.0,PCM_16,.wav,
data/noise/noise/Pete_dataset/noise.orig_train.Bus_1.wav.38000.wav,tinyml_noise,noise,noise,unknown,noise|noise/noise/Pete_dataset,noise|noise.orig_train.bus_1.wav,2177103f1db87e99381acdc842253373777fee9bbfe0dd2265f2e68d1d695861,32044,16000.0,1.0,1.0,PCM_16,.wav,
data/noise/noise/Pete_dataset/noise.orig_train.Bus_1.wav.39000.wav,tinyml_noise,noise,noise,unknown,noise|noise/noise/Pete_dataset,noise|noise.orig_train.bus_1.wav,efedb0646f24c5a2d1fcd0d206b6c5d879da6fd8b3fd97e2a62abbfec86cad71,32044,16000.0,1.0,1.0,PCM_16,.wav,
data/noise/noise/Pete_dataset/noise.orig_train.Bus_1.wav.44000.wav,tinyml_noise,noise,noise,unknown,noise|noise/noise/Pete_dataset,noise|noise.orig_train.bus_1.wav,8e3bdd6b09868c4867feec60fdb062ba325c07de4a2b2ba16b6844c65ad65509,32044,16000.0,1.0,1.0,PCM_16,.wav,
data/noise/noise/Pete_dataset/noise.orig_train.Bus_1.wav.47000.wav,tinyml_noise,noise,noise,unknown,noise|noise/noise/Pete_dataset,noise|noise.orig_train.bus_1.wav,8ead5a93d0974ec7590b94500f15aab08cc80c5135c9edfa09ccf0dd9a96c421,32044,16000.0,1.0,1.0,PCM_16,.wav,
data/noise/noise/Pete_dataset/noise.orig_train.Bus_1.wav.48000.wav,tinyml_noise,noise,noise,unknown,noise|noise/noise/Pete_dataset,noise|noise.orig_train.bus_1.wav,56c08868e1cdf082a511a713deb0872cd4e3605f1c690ac89ee62341c687c869,32044,16000.0,1.0,1.0,PCM_16,.wav,
data/noise/noise/Pete_dataset/noise.orig_train.Bus_1.wav.53000.wav,tinyml_noise,noise,noise,unknown,noise|noise/noise/Pete_dataset,noise|noise.orig_train.bus_1.wav,397e9109016aae8f2e6f957e3aca36b39426afd8ffd7b5de86ba4735a30b58a1,32044,16000.0,1.0,1.0,PCM_16,.wav,
data/noise/noise/Pete_dataset/noise.orig_train.Bus_1.wav.59000.wav,tinyml_noise,noise,noise,unknown,noise|noise/noise/Pete_dataset,noise|noise.orig_train.bus_1.wav,0cc855c8dde4bdcd22ab17b7b436efd5694633e0aadb1fb9d1d331e48a649bc2,32044,16000.0,1.0,1.0,PCM_16,.wav,
data/noise/noise/Pete_dataset/noise.orig_train.Bus_1.wav.6000.wav,tinyml_noise,noise,noise,unknown,noise|noise/noise/Pete_dataset,noise|noise.orig_train.bus_1.wav,04731675377601c74e5da5f25c7deabd184974c149770e423e7dae937ca4b687,32044,16000.0,1.0,1.0,PCM_16,.wav,
data/noise/noise/Pete_dataset/noise.orig_train.Cafe_1.wav.100000.wav,tinyml_noise,noise,noise,unknown,noise|noise/noise/Pete_dataset,noise|noise.orig_train.cafe_1.wav,fb1723dae9b3ef740acbd54c53e23ba15ab47b34816e645b7fbc368a1f53e70b,32044,16000.0,1.0,1.0,PCM_16,.wav,
data/noise/noise/Pete_dataset/noise.orig_train.Cafe_1.wav.110000.wav,tinyml_noise,noise,noise,unknown,noise|noise/noise/Pete_dataset,noise|noise.orig_train.cafe_1.wav,8167e3a12412d31bb85b44bb61cba75c29370545712cfab8ec908c0b8fb8ea02,32044,16000.0,1.0,1.0,PCM_16,.wav,
data/noise/noise/Pete_dataset/noise.orig_train.Cafe_1.wav.117000.wav,tinyml_noise,noise,noise,unknown,noise|noise/noise/Pete_dataset,noise|noise.orig_train.cafe_1.wav,8f54e199d334e77bd76e90bae5f59090c833863fb60e48d7e9b826ca723f3988,32044,16000.0,1.0,1.0,PCM_16,.wav,
data/noise/noise/Pete_dataset/noise.orig_train.Cafe_1.wav.128000.wav,tinyml_noise,noise,noise,unknown,noise|noise/noise/Pete_dataset,noise|noise.orig_train.cafe_1.wav,85a54a5ca4df0c91ac4d356600ead3bd4136aaa97c24dc96621207c1641924ff,32044,16000.0,1.0,1.0,PCM_16,.wav,
data/noise/noise/Pete_dataset/noise.orig_train.Cafe_1.wav.133000.wav,tinyml_noise,noise,noise,unknown,noise|noise/noise/Pete_dataset,noise|noise.orig_train.cafe_1.wav,c0e7e4221ecea06fb0a448f6ba455d1a790448ea91d6f751b0f6294194c738a4,32044,16000.0,1.0,1.0,PCM_16,.wav,
data/noise/noise/Pete_dataset/noise.orig_train.Cafe_1.wav.150000.wav,tinyml_noise,noise,noise,unknown,noise|noise/noise/Pete_dataset,noise|noise.orig_train.cafe_1.wav,fb5c6fb49babe52ba4877278b11c1912bc822d1edacd549a943982a8320e187a,32044,16000.0,1.0,1.0,PCM_16,.wav,
data/noise/noise/Pete_dataset/noise.orig_train.Cafe_1.wav.22000.wav,tinyml_noise,noise,noise,unknown,noise|noise/noise/Pete_dataset,noise|noise.orig_train.cafe_1.wav,0ca33d01793bd9853c2a978cc30fcbbc6afe3099f09399ae319e6150c676cb99,32044,16000.0,1.0,1.0,PCM_16,.wav,
data/noise/noise/Pete_dataset/noise.orig_train.Cafe_1.wav.39000.wav,tinyml_noise,noise,noise,unknown,noise|noise/noise/Pete_dataset,noise|noise.orig_train.cafe_1.wav,a94f67bce87c529925e0af516f7349f9d83d95fd8efb70315a2ca1126189669e,32044,16000.0,1.0,1.0,PCM_16,.wav,
data/noise/noise/Pete_dataset/noise.orig_train.Cafe_1.wav.44000.wav,tinyml_noise,noise,noise,unknown,noise|noise/noise/Pete_dataset,noise|noise.orig_train.cafe_1.wav,ce4689fb5f3efee3476d5e69fb8133ed9952c59f7f1a6b4414a0cdccb7458b32,32044,16000.0,1.0,1.0,PCM_16,.wav,
data/noise/noise/Pete_dataset/noise.orig_train.Cafe_1.wav.46000.wav,tinyml_noise,noise,noise,unknown,noise|noise/noise/Pete_dataset,noise|noise.orig_train.cafe_1.wav,46ed2211f6ad73121471ba26af2d55889212b664b27bb310599e2e6211181adb,32044,16000.0,1.0,1.0,PCM_16,.wav,
data/noise/noise/Pete_dataset/noise.orig_train.Cafe_1.wav.63000.wav,tinyml_noise,noise,noise,unknown,noise|noise/noise/Pete_dataset,noise|noise.orig_train.cafe_1.wav,59e017e21efaa7f748b0bf14eba2ceef19b5c74e344e8e7a00c1dca079e10ded,32044,16000.0,1.0,1.0,PCM_16,.wav,
data/noise/noise/Pete_dataset/noise.orig_train.Cafe_1.wav.67000.wav,tinyml_noise,noise,noise,unknown,noise|noise/noise/Pete_dataset,noise|noise.orig_train.cafe_1.wav,611cdcd30c3be45250ef37076cb3b29a9fa455ba393b5909d2cd1ebe1a1af8c4,32044,16000.0,1.0,1.0,PCM_16,.wav,
data/noise/noise/Pete_dataset/noise.orig_train.Cafe_1.wav.68000.wav,tinyml_noise,noise,noise,unknown,noise|noise/noise/Pete_dataset,noise|noise.orig_train.cafe_1.wav,7f4530ee225fd75dad94a31c3562c2a90e5068b40374d8df35e679a7f0c6eaf6,32044,16000.0,1.0,1.0,PCM_16,.wav,
data/noise/noise/Pete_dataset/noise.orig_train.Cafe_1.wav.94000.wav,tinyml_noise,noise,noise,unknown,noise|noise/noise/Pete_dataset,noise|noise.orig_train.cafe_1.wav,96b9c7834bf90e1806534e67c8bbea7709999bf32b0dfd48b861661dc144ff68,32044,16000.0,1.0,1.0,PCM_16,.wav,
data/noise/noise/Pete_dataset/noise.orig_train.Cafe_1.wav.95000.wav,tinyml_noise,noise,noise,unknown,noise|noise/noise/Pete_dataset,noise|noise.orig_train.cafe_1.wav,3565b17cdba8ce530473bde09138bf3fbb7726a1dceef10bc23643c08c5393a9,32044,16000.0,1.0,1.0,PCM_16,.wav,
data/noise/noise/Pete_dataset/noise.orig_train.LivingRoom_1.wav.105000.wav,tinyml_noise,noise,noise,unknown,noise|noise/noise/Pete_dataset,noise|noise.orig_train.livingroom_1.wav,4b00f8450336e110cf4855a3239df461e351e633e4cc81fdf426bd9c4dd4e448,32044,16000.0,1.0,1.0,PCM_16,.wav,
data/noise/noise/Pete_dataset/noise.orig_train.LivingRoom_1.wav.106000.wav,tinyml_noise,noise,noise,unknown,noise|noise/noise/Pete_dataset,noise|noise.orig_train.livingroom_1.wav,3c90288011d78c5e4d1603d582957e8ca1cba018b5781e622eed088f3de0b91b,32044,16000.0,1.0,1.0,PCM_16,.wav,
data/noise/noise/Pete_dataset/noise.orig_train.LivingRoom_1.wav.113000.wav,tinyml_noise,noise,noise,unknown,noise|noise/noise/Pete_dataset,noise|noise.orig_train.livingroom_1.wav,5d80349588c372aa09447fcfb9d1a67c1b52087ee87ecc3931994f83303d6093,32044,16000.0,1.0,1.0,PCM_16,.wav,
data/noise/noise/Pete_dataset/noise.orig_train.LivingRoom_1.wav.116000.wav,tinyml_noise,noise,noise,unknown,noise|noise/noise/Pete_dataset,noise|noise.orig_train.livingroom_1.wav,4fd9dfc954c2002f245f57a02281da659af210438ba74c22b145a2a086ee762b,32044,16000.0,1.0,1.0,PCM_16,.wav,
data/noise/noise/Pete_dataset/noise.orig_train.LivingRoom_1.wav.120000.wav,tinyml_noise,noise,noise,unknown,noise|noise/noise/Pete_dataset,noise|noise.orig_train.livingroom_1.wav,c40000bf818627a330f034ae4de78cb4f57ff89edd966971e4b9ea27fce82bf4,32044,16000.0,1.0,1.0,PCM_16,.wav,
data/noise/noise/Pete_dataset/noise.orig_train.LivingRoom_1.wav.142000.wav,tinyml_noise,noise,noise,unknown,noise|noise/noise/Pete_dataset,noise|noise.orig_train.livingroom_1.wav,ed6a66648fcac1c3d045cbfdea976700dae01aaa2765f410cb155aa3dacb3a9a,32044,16000.0,1.0,1.0,PCM_16,.wav,
data/noise/noise/Pete_dataset/noise.orig_train.LivingRoom_1.wav.144000.wav,tinyml_noise,noise,noise,unknown,noise|noise/noise/Pete_dataset,noise|noise.orig_train.livingroom_1.wav,9c96c752d92e4159af6ddfd7fe114e5a930e65318a2398ce451d34d294c995eb,32044,16000.0,1.0,1.0,PCM_16,.wav,
data/noise/noise/Pete_dataset/noise.orig_train.LivingRoom_1.wav.146000.wav,tinyml_noise,noise,noise,unknown,noise|noise/noise/Pete_dataset,noise|noise.orig_train.livingroom_1.wav,8f219d19ee4c24155f47b86b03c263b4c48112625eec4f551ca637612127373c,32044,16000.0,1.0,1.0,PCM_16,.wav,
data/noise/noise/Pete_dataset/noise.orig_train.LivingRoom_1.wav.15000.wav,tinyml_noise,noise,noise,unknown,noise|noise/noise/Pete_dataset,noise|noise.orig_train.livingroom_1.wav,42a18207fa8199226a2a10c3791ea05997f0d75596000c2477880b60cd069526,32044,16000.0,1.0,1.0,PCM_16,.wav,
data/noise/noise/Pete_dataset/noise.orig_train.LivingRoom_1.wav.150000.wav,tinyml_noise,noise,noise,unknown,noise|noise/noise/Pete_dataset,noise|noise.orig_train.livingroom_1.wav,612d86c58c14acb507ea8c0d316a316331766200beb46003c5a01e6872c249ec,32044,16000.0,1.0,1.0,PCM_16,.wav,
data/noise/noise/Pete_dataset/noise.orig_train.LivingRoom_1.wav.27000.wav,tinyml_noise,noise,noise,unknown,noise|noise/noise/Pete_dataset,noise|noise.orig_train.livingroom_1.wav,fe5b791943b4f8dcb3bbcc8dc5f20cd5e357904dc29f1261b02b3b0208af833e,32044,16000.0,1.0,1.0,PCM_16,.wav,
data/noise/noise/Pete_dataset/noise.orig_train.LivingRoom_1.wav.37000.wav,tinyml_noise,noise,noise,unknown,noise|noise/noise/Pete_dataset,noise|noise.orig_train.livingroom_1.wav,14ccdef903944a15dd5303dd33b8fb7ac2307a28830f725106cef8afb2954366,32044,16000.0,1.0,1.0,PCM_16,.wav,
data/noise/noise/Pete_dataset/noise.orig_train.LivingRoom_1.wav.58000.wav,tinyml_noise,noise,noise,unknown,noise|noise/noise/Pete_dataset,noise|noise.orig_train.livingroom_1.wav,adc0b51c99cad5feede1a4c08cfb48fc40a702a3a67cc97f3c25d8d82f15a16e,32044,16000.0,1.0,1.0,PCM_16,.wav,
data/noise/noise/Pete_dataset/noise.orig_train.LivingRoom_1.wav.68000.wav,tinyml_noise,noise,noise,unknown,noise|noise/noise/Pete_dataset,noise|noise.orig_train.livingroom_1.wav,2d40c40ecc945399a56b4fe74a6d52b117ea8d3658c83727e5c8c3a6f6dabceb,32044,16000.0,1.0,1.0,PCM_16,.wav,
data/noise/noise/Pete_dataset/noise.orig_train.LivingRoom_1.wav.77000.wav,tinyml_noise,noise,noise,unknown,noise|noise/noise/Pete_dataset,noise|noise.orig_train.livingroom_1.wav,fb7efd83b76d1b23347bb4d5494d566873a77aeac2f8c82f4672ff9f3f27e760,32044,16000.0,1.0,1.0,PCM_16,.wav,
data/noise/noise/Pete_dataset/noise.orig_train.LivingRoom_1.wav.83000.wav,tinyml_noise,noise,noise,unknown,noise|noise/noise/Pete_dataset,noise|noise.orig_train.livingroom_1.wav,361702225f4c4a12ff0411dbfedf714f276426f2dee65294e3206c4576a64891,32044,16000.0,1.0,1.0,PCM_16,.wav,
data/noise/noise/Pete_dataset/noise.orig_train.LivingRoom_1.wav.96000.wav,tinyml_noise,noise,noise,unknown,noise|noise/noise/Pete_dataset,noise|noise.orig_train.livingroom_1.wav,153cd44f21dc1577e030e490820267082a6534b9d5299069a3fb8cf21d0014f2,32044,16000.0,1.0,1.0,PCM_16,.wav,
data/noise/noise/Pete_dataset/noise.pink_noise.wav.15000.wav,tinyml_noise,noise,noise,unknown,noise|noise/noise/Pete_dataset,noise|noise.pink_noise.wav,be76171c45b0ac44c89fddbda9a393d319aaf36008ddf4b91921759abe496b36,32044,16000.0,1.0,1.0,PCM_16,.wav,
data/noise/noise/Pete_dataset/noise.pink_noise.wav.20000.wav,tinyml_noise,noise,noise,unknown,noise|noise/noise/Pete_dataset,noise|noise.pink_noise.wav,3a83f6353b49919ef2eb411a6a8721e5f0aa20e087c0269154b08befb8df9d3d,32044,16000.0,1.0,1.0,PCM_16,.wav,
data/noise/noise/Pete_dataset/noise.pink_noise.wav.23000.wav,tinyml_noise,noise,noise,unknown,noise|noise/noise/Pete_dataset,noise|noise.pink_noise.wav,4482c6af396436e3093d3e5a0e343b8dbacec521e2df67b111f7b71f4fba0053,32044,16000.0,1.0,1.0,PCM_16,.wav,
data/noise/noise/Pete_dataset/noise.pink_noise.wav.32000.wav,tinyml_noise,noise,noise,unknown,noise|noise/noise/Pete_dataset,noise|noise.pink_noise.wav,8da29e40ff57b12f3aece5ead9e3cb7adf71d22e7dc1a183032298d61280ac97,32044,16000.0,1.0,1.0,PCM_16,.wav,
data/noise/noise/Pete_dataset/noise.pink_noise.wav.40000.wav,tinyml_noise,noise,noise,unknown,noise|noise/noise/Pete_dataset,noise|noise.pink_noise.wav,d56a1be64241ce50864070801cc6725612918eeb5399de51ad5ddcbd5e24bae1,32044,16000.0,1.0,1.0,PCM_16,.wav,
data/noise/noise/Pete_dataset/noise.pink_noise.wav.42000.wav,tinyml_noise,noise,noise,unknown,noise|noise/noise/Pete_dataset,noise|noise.pink_noise.wav,d127d59c3de417eac78c49bee81d8a496cc4361baa38fd8c8f47f6add54b6070,32044,16000.0,1.0,1.0,PCM_16,.wav,
data/noise/noise/Pete_dataset/noise.white_noise.wav.13000.wav,tinyml_noise,noise,noise,unknown,noise|noise/noise/Pete_dataset,noise|noise.white_noise.wav,dad961230478fc5ea7283791f5b5bcde5188ae2ae2c598cdd4e37822c2c338e0,32044,16000.0,1.0,1.0,PCM_16,.wav,
data/noise/noise/Pete_dataset/noise.white_noise.wav.14000.wav,tinyml_noise,noise,noise,unknown,noise|noise/noise/Pete_dataset,noise|noise.white_noise.wav,51d03781c59a0b51413ee529befbc9db2194d71f43e60fe20cada5b2904f0094,32044,16000.0,1.0,1.0,PCM_16,.wav,
data/noise/noise/Pete_dataset/noise.white_noise.wav.22000.wav,tinyml_noise,noise,noise,unknown,noise|noise/noise/Pete_dataset,noise|noise.white_noise.wav,7454d0131236451c9834ec2b49065c049e904a635cc6c61c94039136b2fe5f57,32044,16000.0,1.0,1.0,PCM_16,.wav,
data/noise/noise/Pete_dataset/noise.white_noise.wav.3000.wav,tinyml_noise,noise,noise,unknown,noise|noise/noise/Pete_dataset,noise|noise.white_noise.wav,d5d93d4b8290856464ffce32712c0f951989fcf13d0501470bae91ddd23292d8,32044,16000.0,1.0,1.0,PCM_16,.wav,
