group,path,phone,session,true,windows,predicted,true_label,predicted_label,max_score
0189eda5850f7d82d458207e2560a6846a568bb8363880d731fcee19234c3ca0,data/raw/Anopheles minimus/Anopheles minimus/Huawei866C/Recording19800216_008.wav,Huawei866C,Anopheles minimus|raw/Anopheles minimus/Anopheles minimus/Huawei866C,12,56,7,Anopheles minimus,Anopheles dirus,0.2872622
03108a3476133ec4880cf3117fe034c123c25d5112d73075a9d3f20e0edb059a,data/raw/Anopheles minimus/Anopheles minimus/iPhone6/Amin (1).wav,iPhone6,Anopheles minimus|raw/Anopheles minimus/Anopheles minimus/iPhone6,12,60,12,Anopheles minimus,Anopheles minimus,0.14488466
0335e4f335f5f6bacbaed409d764d2f8b10a75dda24a28d51cae80b49bd06f3a,data/raw/Anopheles farauti/Anopheles farauti/GoogleNexus/Rec_1980-02-16_15.59.31afar.wav,Nexus,Anopheles farauti|raw/Anopheles farauti/Anopheles farauti/GoogleNexus,8,60,12,Anopheles farauti,Anopheles minimus,0.18698582
03887d4f1c0732c1d40d5c68cacfa761b92e43b2c62d40b7a4be51cfb5fc4bf4,data/raw/Anopheles arabiensis/Anopheles arabiensis dongola/CDC_Xperia/11-17-2016-191652 dongola .wav,Xperia,Anopheles arabiensis|raw/Anopheles arabiensis/Anopheles arabiensis dongola/CDC_Xperia,5,60,12,Anopheles arabiensis,Anopheles minimus,0.12073619
042408a9de35a4def41a4ca21f93b4de00ac23eec08428c99759e18449cc437e,data/raw/Aedes albopictus/Aedes albopictus/CDC_Nexus/albof.wav,Nexus,Aedes albopictus|raw/Aedes albopictus/Aedes albopictus/CDC_Nexus,1,60,9,Aedes albopictus,Anopheles freeborni,0.16637665
04d8061ba6a0868c3c32a591db6142a506427f975300c5af8380f4bbbceaf7ca,data/raw/Anopheles farauti/Anopheles farauti/Huawei866C/Recording19800216_012.wav,Huawei866C,Anopheles farauti|raw/Anopheles farauti/Anopheles farauti/Huawei866C,8,1,7,Anopheles farauti,Anopheles dirus,0.38550642
05096ad88f3bf65f6ed421d0a7d27d242eb3ec6a461191490510ffd48419664e,data/raw/Anopheles minimus/Anopheles minimus/SamsungT209/Voice0029.wav,T209,Anopheles minimus|raw/Anopheles minimus/Anopheles minimus/SamsungT209,12,60,0,Anopheles minimus,Aedes aegypti,0.24627529
054d9081163dec12110e7d8a4250bb13bb01d92c3d5b3be12ab4cc72db64e2fd,data/raw/Anopheles albimanus/Anopheles albimanus/GoogleNexus/Rec_1980-02-16_17.42.01aalb.wav,Nexus,Anopheles albimanus|raw/Anopheles albimanus/Anopheles albimanus/GoogleNexus,4,47,4,Anopheles albimanus,Anopheles albimanus,0.24905063
05c6272ea1c3aed5db30864cdbbcc5451a81ad473c11e413e89f8f70289dd275,data/raw/Anopheles stephensi/Anopheles stephensi/iPhone4S/20160302 172325AsteM.wav,iPhone4S,Anopheles stephensi|raw/Anopheles stephensi/Anopheles stephensi/iPhone4S,15,19,7,Anopheles stephensi,Anopheles dirus,0.20198935
06cabe7dfcc1146fb1ef46ba92b980bb27f61ec4e02b07064f46759e79c78fd1,data/raw/Aedes sierrensis/Aedes sierrensis/CleanedData_SnippedToIsolateMosquitoSounds/FH2_Peak 1 (1).wav,unknown,Aedes sierrensis|field_fh,3,14,3,Aedes sierrensis,Aedes sierrensis,0.49159557
0790a15706d3a8db2939a9d3e1b985b490af737ed7c1e70b40abe79fd6480515,data/raw/Anopheles farauti/Anopheles farauti/Nokia5235/Afar4.mp4,Nokia5235,Anopheles farauti|raw/Anopheles farauti/Anopheles farauti/Nokia5235,8,60,15,Anopheles farauti,Anopheles stephensi,0.14792703
07a809f53698fe774c3b30b84a602a88a6c72aac911d90d44777fcd93830563a,data/raw/Anopheles gambiae/Anopheles gambiae kisumu/Huawei866C/Recording19800215_011_F.wav,Huawei866C,Anopheles gambiae|raw/Anopheles gambiae/Anopheles gambiae kisumu/Huawei866C,10,12,7,Anopheles gambiae,Anopheles dirus,0.15523838
07ce29ba1039599bd1141692d2b621ed99e9d457b4411588cc6c3e9656905078,data/raw/Anopheles farauti/Anopheles farauti/iPhone6/Afar.m4a,iPhone6,Anopheles farauti|raw/Anopheles farauti/Anopheles farauti/iPhone6,8,25,9,Anopheles farauti,Anopheles freeborni,0.30096036
07dbeb43d62e3ca72f6c6cb2dc6fc6ba3d2401dd220b6097c2d04e9424708c84,data/raw/Anopheles freeborni/Anopheles freeborni/iPhone4S/20160303 111100.wav,iPhone4S,Anopheles freeborni|raw/Anopheles freeborni/Anopheles freeborni/iPhone4S,9,47,9,Anopheles freeborni,Anopheles freeborni,0.3015243
07f727c02a2b73fd2e5782078b4e657f39b58bd15a292ce3711a92d3497fa0b6,data/raw/Anopheles stephensi/Anopheles stephensi/iPhone4S/20160302 171140AsteF.wav,iPhone4S,Anopheles stephensi|raw/Anopheles stephensi/Anopheles stephensi/iPhone4S,15,51,7,Anopheles stephensi,Anopheles dirus,0.19879013
08183303be9790c588eacdd35752ad7d97ea5a831cb87f0733d7c28f9378b904,data/raw/Anopheles farauti/Anopheles farauti/Huawei866C/Recording19800216_010.wav,Huawei866C,Anopheles farauti|raw/Anopheles farauti/Anopheles farauti/Huawei866C,8,51,10,Anopheles farauti,Anopheles gambiae,0.24758507
08b4a4d1625e64fb7219e883f000eb44916ebc50280efe4e3e8fa2ebfada9da1,data/raw/Anopheles minimus/Anopheles minimus/Nokia6555B/Audio021 am .wav,Nokia6555B,Anopheles minimus|raw/Anopheles minimus/Anopheles minimus/Nokia6555B,12,60,12,Anopheles minimus,Anopheles minimus,0.32219177
08bdc742898e155d7fe781fa85c40a81e677b3dd40a5f187be04a9c746f13cc6,data/raw/Anopheles dirus/Anopheles dirus/Nokia6555B/Audio006.wav,Nokia6555B,Anopheles dirus|raw/Anopheles dirus/Anopheles dirus/Nokia6555B,7,60,8,Anopheles dirus,Anopheles farauti,0.2551075
0954383a32a2972ca5476816a62e4c4a2fcf4a79dd1c6509a8dc2648568f24a5,data/raw/Anopheles albimanus/Anopheles albimanus/iPhone4S/20160303 160934.wav,iPhone4S,Anopheles albimanus|raw/Anopheles albimanus/Anopheles albimanus/iPhone4S,4,33,4,Anopheles albimanus,Anopheles albimanus,0.27640307
0a1f7c7b22fe675147e83439834cbd79cc885afd91f5f508afcf310a042813cd,data/raw/Anopheles albimanus/Anopheles albimanus/GoogleNexus/Rec_1980-02-16_17.44.18aalb.wav,Nexus,Anopheles albimanus|raw/Anopheles albimanus/Anopheles albimanus/GoogleNexus,4,60,4,Anopheles albimanus,Anopheles albimanus,0.23372163
0b3a53b0d18aeb555502d819b126886cd6be8482e104786b43694f8734b46e6c,data/raw/Anopheles quadrimaculatus/Anopheles quadrimaculatus/Auburn_T209/Voice0126 quad.wav,T209,Anopheles quadrimaculatus|raw/Anopheles quadrimaculatus/Anopheles quadrimaculatus/Auburn_T209,14,60,14,Anopheles quadrimaculatus,Anopheles quadrimaculatus,0.78256345
0b5d5ca4f5921a8a0a6017f7370be9ec80fe146b97b8eaba23d8300232c2ae51,data/raw/Anopheles dirus/Anopheles dirus/Nokia6555B/Audio005.wav,Nokia6555B,Anopheles dirus|raw/Anopheles dirus/Anopheles dirus/Nokia6555B,7,60,7,Anopheles dirus,Anopheles dirus,0.17597373
0c036bfbebb3ecdd57293e244b14a589f69797141aadd2b7c810b5a79aa29d99,data/raw/Anopheles freeborni/Anopheles freeborni/SamsungT209/Voice0028.wav,T209,Anopheles freeborni|raw/Anopheles freeborni/Anopheles freeborni/SamsungT209,9,60,14,Anopheles freeborni,Anopheles quadrimaculatus,0.16382511
0c7cb75aacea737209c9152483846a7cb63fc5a9c1b26b7fff98257acc5593a2,data/raw/Anopheles dirus/Anopheles dirus/iPhone4S/20160302 154000AdM.wav,iPhone4S,Anopheles dirus|raw/Anopheles dirus/Anopheles dirus/iPhone4S,7,38,7,Anopheles dirus,Anopheles dirus,0.24973418
0c7d304dd510dccc14a7271927236734b0d68ad6d10dc866d1a115fe45fc43ec,data/raw/Anopheles minimus/Anopheles minimus/GoogleNexus/am5.wav,Nexus,Anopheles minimus|raw/Anopheles minimus/Anopheles minimus/GoogleNexus,12,9,9,Anopheles minimus,Anopheles freeborni,0.15167761
0c99bc8349fcaa7c1c329d58104529ad6ad2636114ceffa3bff77d4628367286,data/raw/Culex tarsalis/Culex tarsalis/PrakashLab_T209/Voice0067.wav,T209,Culex tarsalis|raw/Culex tarsalis/Culex tarsalis/PrakashLab_T209,18,60,18,Culex tarsalis,Culex tarsalis,0.6069327
0d18674538413e9cfe2fa52fed0eb9303f14cc1fb1df5f9346bb16aeae75569d,data/raw/Anopheles freeborni/Anopheles freeborni/iPhone4S/20160303 110941.wav,iPhone4S,Anopheles freeborni|raw/Anopheles freeborni/Anopheles freeborni/iPhone4S,9,60,9,Anopheles freeborni,Anopheles freeborni,0.30727333
0d61fcf7b324e1c340e8c9098b650d9063b366a7d90c6639c3d0ad50506ea4d3,data/raw/Anopheles gambiae/Anopheles gambiae kisumu/iPhone4S/Raw/20160302 113600AgamFThet.m4a,iPhone4S,Anopheles gambiae|raw/Anopheles gambiae/Anopheles gambiae kisumu/iPhone4S/Raw,10,15,9,Anopheles gambiae,Anopheles freeborni,0.28456858
0da4cffa1a223cf1ccaf7f69a3e3e78a0bd1f67f625709eb81ffe9a1c28b40f6,data/raw/Anopheles albimanus/Anopheles albimanus/Nokia6555B/Audio034 aalbm.wav,Nokia6555B,Anopheles albimanus|raw/Anopheles albimanus/Anopheles albimanus/Nokia6555B,4,60,12,Anopheles albimanus,Anopheles minimus,0.2624626
0dadda57729a8ad9cfadd48fde6171ce4028bb89774316506484bfbb08d32dc2,data/raw/Anopheles stephensi/Anopheles stephensi/Huawei866C/Recording19800215_035.wav,Huawei866C,Anopheles stephensi|raw/Anopheles stephensi/Anopheles stephensi/Huawei866C,15,39,10,Anopheles stephensi,Anopheles gambiae,0.18837796
0e269f2c19a014bee6e97ce23578e0e6d84e2a79bd84454da7b6cb7b8b09c122,data/raw/Culex quinquefasciatus/Culex quinquefasciatus/SanMateoVCD_Xperia/Cxq 2.wav,Xperia,Culex quinquefasciatus|raw/Culex quinquefasciatus/Culex quinquefasciatus/SanMateoVCD_Xperia,17,60,17,Culex quinquefasciatus,Culex quinquefasciatus,0.41362944
0e567b7cc525079e0fb090debe7a7ff4d4d2c8d5e37f518111a58daa385e4bf4,data/raw/Anopheles farauti/Anopheles farauti/iPhone4S/20160303 142649AfarTube.wav,iPhone4S,Anopheles farauti|raw/Anopheles farauti/Anopheles farauti/iPhone4S,8,18,16,Anopheles farauti,Culex pipiens,0.2730549
0e8088b5c51905d7b435dad144eaf6c637f9ca4d89b827bcd065f54b47c36689,data/raw/Anopheles dirus/Anopheles dirus/Huawei866C/Recording19800215_028_M.wav,Huawei866C,Anopheles dirus|raw/Anopheles dirus/Anopheles dirus/Huawei866C,7,30,4,Anopheles dirus,Anopheles albimanus,0.15723172
0ee8908ecf3cb274049d06bf9ce516152a456cc401ed423d3c60b67e69c9ce27,data/raw/Anopheles farauti/Anopheles farauti/SamsungT209/Voice0041.wav,T209,Anopheles farauti|raw/Anopheles farauti/Anopheles farauti/SamsungT209,8,60,0,Anopheles farauti,Aedes aegypti,0.24306187
0f170add749a39b890650fdaf517ee1e27d7907f08da28f69c79dfc797a127af,data/raw/Anopheles stephensi/Anopheles stephensi/Huawei866C/Recording19800215_037.wav,Huawei866C,Anopheles stephensi|raw/Anopheles stephensi/Anopheles stephensi/Huawei866C,15,25,15,Anopheles stephensi,Anopheles stephensi,0.19953966
0f54f055f068691c4dbce8423de896fbf2390d2c283f8899e41b0e670f983990,data/raw/Anopheles stephensi/Anopheles stephensi/GoogleNexus/asm1.wav,Nexus,Anopheles stephensi|raw/Anopheles stephensi/Anopheles stephensi/GoogleNexus,15,25,8,Anopheles stephensi,Anopheles farauti,0.29098535
0f77e916de12d30a59f17baa7ead1eea496dce3946384f5870cf1e1ce77a5b9f,data/raw/Culiseta incidens/Culiseta incidens/Black Mosquito - Glen Park - Blood Fed_ 1hr Day 4_ds6.wav,unknown,Culiseta incidens|raw/Culiseta incidens/Culiseta incidens,19,35,19,Culiseta incidens,Culiseta incidens,0.95115817
0fdbea149fab3a9423b7a905ab86ef5eafb9ee79f5c9aeb85c747e2e125bf752,data/raw/Anopheles freeborni/Anopheles freeborni/iPhone4S/20160303 110623.wav,iPhone4S,Anopheles freeborni|raw/Anopheles freeborni/Anopheles freeborni/iPhone4S,9,60,9,Anopheles freeborni,Anopheles freeborni,0.35552654
10d7c13ed8818c0c50a48ab7828207e0c490a8e6e86c18bcfa0ba7b00699ac12,data/raw/Anopheles freeborni/Anopheles freeborni/SonyXperia/03-03-2016-105658 afmix bugdorm .wav,Xperia,Anopheles freeborni|raw/Anopheles freeborni/Anopheles freeborni/SonyXperia,9,60,4,Anopheles freeborni,Anopheles albimanus,0.13919479
1117fc4538c9ea13935af761c8cb0786563f7ddccab434c00dd515d61dd64489,data/raw/Anopheles quadriannulatus/Anopheles quadriannulatus/CDC_T209/Voice0167 sanqua.wav,T209,Anopheles quadriannulatus|raw/Anopheles quadriannulatus/Anopheles quadriannulatus/CDC_T209,13,60,13,Anopheles quadriannulatus,Anopheles quadriannulatus,0.4767323
11632042d5fc12118f2107daea988720c851b43888bbdde0f59550ba34387a27,data/raw/Culex pipiens/Culex pipiens/SanMateoVCD_iPhone4S/P1.wav,iPhone4S,Culex pipiens|raw/Culex pipiens/Culex pipiens/SanMateoVCD_iPhone4S,16,49,16,Culex pipiens,Culex pipiens,0.3823802
11b3039c6f468caa1c21ad025e06c4e953d99dfea6d8dd2f1727687180b74a06,data/raw/Anopheles arabiensis/Anopheles arabiensis rufisque/CDC_T209/Voice0176 rufisque.wav,T209,Anopheles arabiensis|raw/Anopheles arabiensis/Anopheles arabiensis rufisque/CDC_T209,5,60,11,Anopheles arabiensis,Anopheles merus,0.5574717
126fd36b0370d5af99b6cc71665a506b9429995e4ef0247db848d99a46e5f3da,data/raw/Anopheles minimus/Anopheles minimus/GoogleNexus/Rec_1980-02-16_13.52.45amin.wav,Nexus,Anopheles minimus|raw/Anopheles minimus/Anopheles minimus/GoogleNexus,12,45,12,Anopheles minimus,Anopheles minimus,0.21639444
12a96a09e207dc63cb767d8e3e0fd6ec78e3f8a018b9486e683fdbc46ab6e374,data/raw/Aedes aegypti/Aedes aegypti/Auburn_T209/Voice0124.wav,T209,Aedes aegypti|raw/Aedes aegypti/Aedes aegypti/Auburn_T209,0,60,0,Aedes aegypti,Aedes aegypti,0.45441496
130dc1b50514ae3b7cb656a516b9497fd407b23de1e3a47d19ad772be0342488,data/raw/Anopheles stephensi/Anopheles stephensi/Nokia5235/As2.wav,Nokia5235,Anopheles stephensi|raw/Anopheles stephensi/Anopheles stephensi/Nokia5235,15,59,8,Anopheles stephensi,Anopheles farauti,0.23205179
13457d6fe40946de7fc4d792dda1dad091136202d4e8ab4988747ed510161d87,data/raw/Culex quinquefasciatus/Culex quinquefasciatus/SanMateoVCD_Xperia/Cxq 4.wav,Xperia,Culex quinquefasciatus|raw/Culex quinquefasciatus/Culex quinquefasciatus/SanMateoVCD_Xperia,17,60,16,Culex quinquefasciatus,Culex pipiens,0.36338317
13734281f93d4ea71b3f991946c8ecc6b51743bcea9b81a0064b4a01f14cf41e,data/raw/Aedes sierrensis/Aedes sierrensis/CleanedData_SnippedToIsolateMosquitoSounds/SK8_1914.wav,unknown,Aedes sierrensis|field_sk,3,2,17,Aedes sierrensis,Culex quinquefasciatus,0.4768106
13edc3dbd8a607fb027bf7a0a754fedaffc74b4b2bad7fe1d3eded85b8b7682e,data/raw/Anopheles farauti/Anopheles farauti/iPhone4S/20160303 143303AfarM.wav,iPhone4S,Anopheles farauti|raw/Anopheles farauti/Anopheles farauti/iPhone4S,8,39,8,Anopheles farauti,Anopheles farauti,0.26116186
143e56314f153eb14b7a5d8ac8be52d6e46b242df1462d12b90f0497c633d6fe,data/raw/Anopheles arabiensis/Anopheles arabiensis rufisque/CDC_T209/Voice0173.wav,T209,Anopheles arabiensis|raw/Anopheles arabiensis/Anopheles arabiensis rufisque/CDC_T209,5,60,11,Anopheles arabiensis,Anopheles merus,0.53837705
15e149dee8b920ddf5e766ab6759f6749f7bb621d710d0d7fc2b05bcba5b1ebe,data/raw/Anopheles gambiae/Anopheles gambiae kisumu/iPhone4S/Raw/20160302 114300AgamM.m4a,iPhone4S,Anopheles gambiae|raw/Anopheles gambiae/Anopheles gambiae kisumu/iPhone4S/Raw,10,5,7,Anopheles gambiae,Anopheles dirus,0.2679264
16b428806c240ef74142bbc8b1af819f0a6da54ed3f02a191b008d36a73ba35d,data/raw/Anopheles gambiae/Anopheles gambiae akron/CDC_T209/Voice0146 akron.wav,T209,Anopheles gambiae|raw/Anopheles gambiae/Anopheles gambiae akron/CDC_T209,10,60,1,Anopheles gambiae,Aedes albopictus,0.37315896
1719fea38f8b49f809232826c5fe2811498c201e1d5880033d17c63da7faa97d,data/raw/Anopheles farauti/Anopheles farauti/Nokia6555B/Afar4.wav,Nokia6555B,Anopheles farauti|raw/Anopheles farauti/Anopheles farauti/Nokia6555B,8,42,15,Anopheles farauti,Anopheles stephensi,0.16705984
176b4f8a107891f7440ba234ea6d6c2a59d1eaba5ad185baa68f266d11951195,data/raw/Aedes sierrensis/Aedes sierrensis/CleanedData_SnippedToIsolateMosquitoSounds/HP4_1923b.wav,unknown,Aedes sierrensis|field_hp,3,8,3,Aedes sierrensis,Aedes sierrensis,0.99990004
17ac44f70be37c53bbab59d9571e99bb7b2adc4f51ad945b9b03912ca576b3d2,data/raw/Anopheles minimus/Anopheles minimus/GoogleNexus/am4.wav,Nexus,Anopheles minimus|raw/Anopheles minimus/Anopheles minimus/GoogleNexus,12,13,8,Anopheles minimus,Anopheles farauti,0.21311715
188f431fab1b7f5b4da9ec4f87839f5245b647e83ea7300ee45124fe8e5309e2,data/raw/Anopheles freeborni/Anopheles freeborni/Nokia5235/Sound clip 171 afmix.mp4,Nokia5235,Anopheles freeborni|raw/Anopheles freeborni/Anopheles freeborni/Nokia5235,9,24,9,Anopheles freeborni,Anopheles freeborni,0.2583709
18c8cc5755c89df50c02b72f49765b88e932a92fac37cf1dd9164c78af7dd0d3,data/raw/Anopheles gambiae/Anopheles gambiae kisumu/GoogleNexus/Rec_1980-02-15_13.02.54 ag1ft.wav,Nexus,Anopheles gambiae|raw/Anopheles gambiae/Anopheles gambiae kisumu/GoogleNexus,10,31,12,Anopheles gambiae,Anopheles minimus,0.1737187
1931e6082525e232a53da26f90cd826b727bdd4bf9e12ce1d26a31e1dabc0a46,data/raw/Anopheles minimus/Anopheles minimus/Nokia6555B/Audio019 amm.wav,Nokia6555B,Anopheles minimus|raw/Anopheles minimus/Anopheles minimus/Nokia6555B,12,60,4,Anopheles minimus,Anopheles albimanus,0.1942144
1960e3ca0e56d7a1aa72b4125d88547dff0d13c957d06f4c39757396f72aea6c,data/raw/Anopheles gambiae/Anopheles gambiae kisumu/CDC_Xperia/11-16-2016-150308 gambiae f.wav,Xperia,Anopheles gambiae|raw/Anopheles gambiae/Anopheles gambiae kisumu/CDC_Xperia,10,60,5,Anopheles gambiae,Anopheles arabiensis,0.57864416
19a71ccd4da01949b856ad72a7fa52ec70e3b67877872ed45397500015a25711,data/raw/Anopheles stephensi/Anopheles stephensi/iPhone6/Asm.wav,iPhone6,Anopheles stephensi|raw/Anopheles stephensi/Anopheles stephensi/iPhone6,15,23,12,Anopheles stephensi,Anopheles minimus,0.2607583
19d6259e36cf9c1a0e1459042114fc3d737d718c512cb9b9ca0bcb72dbe7cec0,data/raw/Aedes sierrensis/Aedes sierrensis/CleanedData_SnippedToIsolateMosquitoSounds/LK1_Summit1.wav,unknown,Aedes sierrensis|field_lk,3,1,3,Aedes sierrensis,Aedes sierrensis,0.8224381
1a6d38788b502b5893e57a1639636529b7f420aad35057af78e63c87a155f451,data/raw/Anopheles gambiae/Anopheles gambiae rsp/CDC_Xperia/11-18-2016-145016 rsp f.wav,Xperia,Anopheles gambiae|raw/Anopheles gambiae/Anopheles gambiae rsp/CDC_Xperia,10,60,5,Anopheles gambiae,Anopheles arabiensis,0.43492806
1aab0e6cb6a9cd2fd98d9f0cdea89ec5671a039c2f2994c3a160a4d34327fe91,data/raw/Anopheles stephensi/Anopheles stephensi/SonyXperia/03-02-2016-173312 asm bugdorm .wav,Xperia,Anopheles stephensi|raw/Anopheles stephensi/Anopheles stephensi/SonyXperia,15,45,17,Anopheles stephensi,Culex quinquefasciatus,0.29843074
1b01f0b29e567fac0fc3dfd3ca17b000a4776448612a45e56c6a1ceb885d48e4,data/raw/Anopheles minimus/Anopheles minimus/iPhone6/Amin.wav,iPhone6,Anopheles minimus|raw/Anopheles minimus/Anopheles minimus/iPhone6,12,51,7,Anopheles minimus,Anopheles dirus,0.16888604
1ba3146678e6da6535db2a41f59386f5a3311fefc9b3c5527fbdd2280590b577,data/raw/Anopheles stephensi/Anopheles stephensi/GoogleNexus/asf2.wav,Nexus,Anopheles stephensi|raw/Anopheles stephensi/Anopheles stephensi/GoogleNexus,15,42,15,Anopheles stephensi,Anopheles stephensi,0.20843935
1ba518c57cdff8a08b367da329c0c2637783b1fc6f70afac7d68715149ab91e3,data/raw/Anopheles dirus/Anopheles dirus/iPhone4S/20160302 154608AdM.wav,iPhone4S,Anopheles dirus|raw/Anopheles dirus/Anopheles dirus/iPhone4S,7,36,9,Anopheles dirus,Anopheles freeborni,0.19422205
1bfa2e093f5771ca49bb87188a91ebe262da0c3b60a3603306a19fa29fc0e7d1,data/raw/Anopheles quadrimaculatus/Anopheles quadrimaculatus/Auburn_T209/Voice0128.wav,T209,Anopheles quadrimaculatus|raw/Anopheles quadrimaculatus/Anopheles quadrimaculatus/Auburn_T209,14,60,14,Anopheles quadrimaculatus,Anopheles quadrimaculatus,0.7515736
1c46cc157d225d4ea3c3db3269ac30ede1a37c057ccebeb9e825c5ebe3ce01f3,data/raw/Culex pipiens/Culex pipiens/SanMateoVCD_Xperia/Cxp 1.wav,Xperia,Culex pipiens|raw/Culex pipiens/Culex pipiens/SanMateoVCD_Xperia,16,60,16,Culex pipiens,Culex pipiens,0.54927707
1ce738596db7ba0ea7d8a1450f6d8c47f031c68c51fd77c2f60f40b80ccbda6d,data/raw/Culiseta incidens/Culiseta incidens/Glenn Park - Black Mosquito - Day 2 - dS1.wav,unknown,Culiseta incidens|raw/Culiseta incidens/Culiseta incidens,19,31,19,Culiseta incidens,Culiseta incidens,0.9315855
1daec132a1e1c6e6da51bb464b5e3c92c2ae920be451bba0dc347787bcaa4a6f,data/raw/Anopheles dirus/Anopheles dirus/iPhone6/Adm (2).m4a,iPhone6,Anopheles dirus|raw/Anopheles dirus/Anopheles dirus/iPhone6,7,31,12,Anopheles dirus,Anopheles minimus,0.23513335
1e9b8f13da7dd711e1f950cb64ffdf5302902d3baa920589b0ca37682e3c38b9,data/raw/Aedes sierrensis/Aedes sierrensis/CleanedData_SnippedToIsolateMosquitoSounds/CK4_At Trail Xing Multiple 6_46.wav,unknown,Aedes sierrensis|field_ck,3,2,17,Aedes sierrensis,Culex quinquefasciatus,0.2271938
1f24b947468f93c730731e08c61242c63ecd7f2f643d1690642c1f8b89f2763e,data/raw/Anopheles dirus/Anopheles dirus/Nokia5235/Adf3.mp4,Nokia5235,Anopheles dirus|raw/Anopheles dirus/Anopheles dirus/Nokia5235,7,60,12,Anopheles dirus,Anopheles minimus,0.20996569
1f81e5f4f573465163a12ec333907154378365cfecada2536c452a5dcf05949e,data/raw/Anopheles farauti/Anopheles farauti/Huawei866C/Recording19800216_015.wav,Huawei866C,Anopheles farauti|raw/Anopheles farauti/Anopheles farauti/Huawei866C,8,38,8,Anopheles farauti,Anopheles farauti,0.20306467
201c70f821d61dbc4586aa2437f865df35f9d398db03569cf01a3c91e30a2097,data/raw/Anopheles dirus/Anopheles dirus/iPhone6/Adf (1).m4a,iPhone6,Anopheles dirus|raw/Anopheles dirus/Anopheles dirus/iPhone6,7,53,7,Anopheles dirus,Anopheles dirus,0.25855845
20c0c8a467454fdbc4858a4b58369e777cece6e3dc82cf5b0e1a094dc53c5be6,data/raw/Anopheles farauti/Anopheles farauti/SonyXperia/03-03-2016-152936Afar.wav,Xperia,Anopheles farauti|raw/Anopheles farauti/Anopheles farauti/SonyXperia,8,36,15,Anopheles farauti,Anopheles stephensi,0.1550581
21f9211344ca3d4e79899a7c8221502f92dbd8b318ce00813ea035fbc1a09e84,data/raw/Aedes sierrensis/Aedes sierrensis/CleanedData_SnippedToIsolateMosquitoSounds/DK22_1926.wav,unknown,Aedes sierrensis|field_dk,3,1,3,Aedes sierrensis,Aedes sierrensis,0.7644633
22030202fefe71c20ef2e43053a13075b0a3de6b4fd071f3e5bb3643af41f3f2,data/raw/Culex tarsalis/Culex tarsalis/PrakashLab_T209/Voice0065.wav,T209,Culex tarsalis|raw/Culex tarsalis/Culex tarsalis/PrakashLab_T209,18,60,18,Culex tarsalis,Culex tarsalis,0.6462893
2217fdc4b1a1348792de109c442295b4d71f9d180af9a8ee49d3ac5e75b2649f,data/raw/Anopheles stephensi/Anopheles stephensi/Nokia6555B/Audio010.wav,Nokia6555B,Anopheles stephensi|raw/Anopheles stephensi/Anopheles stephensi/Nokia6555B,15,60,8,Anopheles stephensi,Anopheles farauti,0.29624325
22a5acf70e6ab940b9eebb296b4e8eeeab40ce0b05a45d4a94ab666109cdbb5f,data/raw/Anopheles minimus/Anopheles minimus/SamsungT209/Voice0031.wav,T209,Anopheles minimus|raw/Anopheles minimus/Anopheles minimus/SamsungT209,12,60,0,Anopheles minimus,Aedes aegypti,0.19344166
22bab67d35b51f87a6bb14d333bda50a94f576d2345137ac73243e38eed68047,data/raw/Anopheles gambiae/Anopheles gambiae kisumu/CDC_T209/Voice0143.wav,T209,Anopheles gambiae|raw/Anopheles gambiae/Anopheles gambiae kisumu/CDC_T209,10,60,11,Anopheles gambiae,Anopheles merus,0.23711018
24f82827c94b3464fe5457faede513e3a869786db96c41c692fc2bc0fe57e297,data/raw/Anopheles gambiae/Anopheles gambiae kisumu/SonyXperia/03-02-2016-124107 agmix bugdorm .wav,Xperia,Anopheles gambiae|raw/Anopheles gambiae/Anopheles gambiae kisumu/SonyXperia,10,39,16,Anopheles gambiae,Culex pipiens,0.26605716
2538e914bc7bd4969001d1b446f79861aadf50886a9927f6470d52e690c692ae,data/raw/Anopheles stephensi/Anopheles stephensi/GoogleNexus/as5.wav,Nexus,Anopheles stephensi|raw/Anopheles stephensi/Anopheles stephensi/GoogleNexus,15,46,15,Anopheles stephensi,Anopheles stephensi,0.3358109
25bdc9498c7edbf03d8316ef67073538935b69ec44e83720c898b22d334992ca,data/raw/Anopheles quadriannulatus/Anopheles quadriannulatus/CDC_Xperia/11-18-2016-105358 sanqua.wav,Xperia,Anopheles quadriannulatus|raw/Anopheles quadriannulatus/Anopheles quadriannulatus/CDC_Xperia,13,60,6,Anopheles quadriannulatus,Anopheles atroparvus,0.44076967
25d7714e8f3a984d849171f60eb8970128c3905cc1d08e6186d813c084d3cc22,data/raw/Aedes mediovittatus/Aedes mediovittatus/UCD_T209/Ae medi 3.wav,T209,Aedes mediovittatus|raw/Aedes mediovittatus/Aedes mediovittatus/UCD_T209,2,60,2,Aedes mediovittatus,Aedes mediovittatus,0.7425911
261127173c94e63c0544198351d5188aa62510072dcc8ad978b99f516f8ac33b,data/raw/Anopheles minimus/Anopheles minimus/Nokia5235/Amin3.wav,Nokia5235,Anopheles minimus|raw/Anopheles minimus/Anopheles minimus/Nokia5235,12,60,12,Anopheles minimus,Anopheles minimus,0.2845107
2725eeeb7895a1a5d4419cece6895caa5ff2716f1b4aaad946dfc4bb05ccacd2,data/raw/Anopheles stephensi/Anopheles stephensi/Nokia6555B/Audio011.wav,Nokia6555B,Anopheles stephensi|raw/Anopheles stephensi/Anopheles stephensi/Nokia6555B,15,60,8,Anopheles stephensi,Anopheles farauti,0.2073813
2744d4e4191437224a4c6ace67b0ee01c1471624414301f8aef5c62894ab1662,data/raw/Anopheles albimanus/Anopheles albimanus/Huawei866C/Recording19800216_019.wav,Huawei866C,Anopheles albimanus|raw/Anopheles albimanus/Anopheles albimanus/Huawei866C,4,34,7,Anopheles albimanus,Anopheles dirus,0.23356803
2770081ea062be874eae21fedbca34c893cb1472b740807d49f992ef79dde19b,data/raw/Anopheles gambiae/Anopheles gambiae kisumu/SonyXperia/03-02-2016-124432 agmix bugdorm swarm .wav,Xperia,Anopheles gambiae|raw/Anopheles gambiae/Anopheles gambiae kisumu/SonyXperia,10,35,16,Anopheles gambiae,Culex pipiens,0.26104507
28ca6d019f0812499578a90c2fffed87292ee18bbb8bf73e59748ee3a277913c,data/raw/Culex tarsalis/Culex tarsalis/PrakashLab_iPhone4S/CxT F.wav,iPhone4S,Culex tarsalis|raw/Culex tarsalis/Culex tarsalis/PrakashLab_iPhone4S,18,51,18,Culex tarsalis,Culex tarsalis,0.7945239
292c8fdb7e9d6097ae6fb3bd50533a4cb2929b643b15df2e99a4289198c2c7eb,data/raw/Anopheles farauti/Anopheles farauti/Nokia5235/Afar2.mp4,Nokia5235,Anopheles farauti|raw/Anopheles farauti/Anopheles farauti/Nokia5235,8,60,8,Anopheles farauti,Anopheles farauti,0.18023817
295f0c7255e8891379ddae66840cdc64ec6430965d508b4b09e50d4af394a020,data/raw/Anopheles farauti/Anopheles farauti/iPhone4S/20160303 143628.wav,iPhone4S,Anopheles farauti|raw/Anopheles farauti/Anopheles farauti/iPhone4S,8,44,8,Anopheles farauti,Anopheles farauti,0.17369086
29b9f17fce02ba780fffe5754643a7b10f49371a5211c1deda516acb5491a1ab,data/raw/Anopheles atroparvus/Anopheles atroparvus/CDC_T209/Voice0162.wav,T209,Anopheles atroparvus|raw/Anopheles atroparvus/Anopheles atroparvus/CDC_T209,6,60,6,Anopheles atroparvus,Anopheles atroparvus,0.5674469
29f1548c4dcc6a1a832515b9a4fd99b2b154a78f5c78e6596c8a85f209ba33fc,data/raw/Anopheles albimanus/Anopheles albimanus/iPhone4S/20160303 161254.wav,iPhone4S,Anopheles albimanus|raw/Anopheles albimanus/Anopheles albimanus/iPhone4S,4,48,4,Anopheles albimanus,Anopheles albimanus,0.33061087
2a066d1af3e69fbff0b53d15dc799940ad373413d69c187c8f83035fb1589c20,data/raw/Anopheles stephensi/Anopheles stephensi/iPhone4S/20160302 171951.wav,iPhone4S,Anopheles stephensi|raw/Anopheles stephensi/Anopheles stephensi/iPhone4S,15,52,15,Anopheles stephensi,Anopheles stephensi,0.37657955
2b4fbad026c0973f62d13cf114b4a31ae5bc67982256bd913c79d1b44ef6716a,data/raw/Anopheles dirus/Anopheles dirus/iPhone6/Adf (4).m4a,iPhone6,Anopheles dirus|raw/Anopheles dirus/Anopheles dirus/iPhone6,7,57,4,Anopheles dirus,Anopheles albimanus,0.16950439
2ba8002c1c0ee1f184fc62fe51c5b328441576ebfe75409637cda8147ac7b629,data/raw/Anopheles farauti/Anopheles farauti/iPhone4S/20160303 143129.wav,iPhone4S,Anopheles farauti|raw/Anopheles farauti/Anopheles farauti/iPhone4S,8,36,8,Anopheles farauti,Anopheles farauti,0.23095547
2cc786fffefafc3349102857200d8a6cee5095351d8223641f659928e5faccdb,data/raw/Anopheles stephensi/Anopheles stephensi/Nokia5235/As.wav,Nokia5235,Anopheles stephensi|raw/Anopheles stephensi/Anopheles stephensi/Nokia5235,15,57,15,Anopheles stephensi,Anopheles stephensi,0.18824014
2cc973deb4da9154e1b19a4dfc941fd9df0410c438ef316daa04603f5b0d19cb,data/raw/Anopheles gambiae/Anopheles gambiae kisumu/Huawei866C/Recording19800215_016_M.wav,Huawei866C,Anopheles gambiae|raw/Anopheles gambiae/Anopheles gambiae kisumu/Huawei866C,10,10,7,Anopheles gambiae,Anopheles dirus,0.34402642
2cd19390081130365278bd3a4a00d9458f73669e8bda5606f4769c23e320cebe,data/raw/Anopheles freeborni/Anopheles freeborni/GoogleNexus/af5.wav,Nexus,Anopheles freeborni|raw/Anopheles freeborni/Anopheles freeborni/GoogleNexus,9,10,9,Anopheles freeborni,Anopheles freeborni,0.18193923
2cf0d9587664c292a694c0947e03fb52bf61e273588751daf69a6b3ddf1d4008,data/raw/Anopheles albimanus/Anopheles albimanus/Nokia5235/Sound clip 194 aalbf.mp4,Nokia5235,Anopheles albimanus|raw/Anopheles albimanus/Anopheles albimanus/Nokia5235,4,60,4,Anopheles albimanus,Anopheles albimanus,0.23131205
2d22eabe32e9a39fff8e351d9c7a8ca4471c21222fe105d77dbceec67205f201,data/raw/Anopheles gambiae/Anopheles gambiae kisumu/Huawei866C/Recording19800215_018_M.wav,Huawei866C,Anopheles gambiae|raw/Anopheles gambiae/Anopheles gambiae kisumu/Huawei866C,10,6,7,Anopheles gambiae,Anopheles dirus,0.36283472
2da5e5fc17ab599c8bcc3b1d5d7a9e54c5b5d6605bf61645609ab7d240aa00cf,data/raw/Culiseta incidens/Culiseta incidens/Glen Park - Black Mosquito - Day 2 - dS4 - Iphone5.wav,iPhone,Culiseta incidens|raw/Culiseta incidens/Culiseta incidens,19,60,19,Culiseta incidens,Culiseta incidens,0.90587634
2db656c97fd9114e75204786397f16a009d89235434b7dd4b2e250bfcfaeb89c,data/raw/Culiseta incidens/Culiseta incidens/Big Black Mosquito Glen Park - March 2016 - dS2.wav,unknown,Culiseta incidens|raw/Culiseta incidens/Culiseta incidens,19,12,19,Culiseta incidens,Culiseta incidens,0.4562736
2e4430788878f25f6b0211dea94a291af46d95f508b69106c7b035de213f481f,data/raw/Anopheles farauti/Anopheles farauti/Huawei866C/Recording19800216_013.wav,Huawei866C,Anopheles farauti|raw/Anopheles farauti/Anopheles farauti/Huawei866C,8,35,8,Anopheles farauti,Anopheles farauti,0.29357287
2e4e080108f1eb3d1e75ddcb7732392338f3a89b97c23046a0c77f788d59c435,data/raw/Anopheles freeborni/Anopheles freeborni/SonyXperia/03-03-2016-110042 aff bugdorm .wav,Xperia,Anopheles freeborni|raw/Anopheles freeborni/Anopheles freeborni/SonyXperia,9,60,4,Anopheles freeborni,Anopheles albimanus,0.187875
2ea28126c003c1d0cba0f88920dd5e1804a2238137de56eb97d10fc88f616087,data/raw/Aedes sierrensis/Aedes sierrensis/CleanedData_SnippedToIsolateMosquitoSounds/Argo4_sp2_6.wav,unknown,Aedes sierrensis|field_argo,3,3,3,Aedes sierrensis,Aedes sierrensis,0.8287282
2f08abf6741eda758683d41e1ed05fc5ba5c7e08b1e27884879ef73d3ea3d9ad,data/raw/Anopheles merus/Anopheles merus/Voice0152.wav,unknown,Anopheles merus|raw/Anopheles merus/Anopheles merus,11,60,11,Anopheles merus,Anopheles merus,0.5815367
2f89015a500eb5c476870e5a3aa1ac82ac65aad4d38fce7beec1f3fb59849bd5,data/raw/Anopheles dirus/Anopheles dirus/iPhone6/Adf Adm.m4a,iPhone6,Anopheles dirus|raw/Anopheles dirus/Anopheles dirus/iPhone6,7,47,7,Anopheles dirus,Anopheles dirus,0.17885979
2f8bed559073935d5976b9f27e0322d4d0e139e0aebd56f1624a32bdd132ea55,data/raw/Aedes sierrensis/Aedes sierrensis/CleanedData_SnippedToIsolateMosquitoSounds/AL5.wav,unknown,Aedes sierrensis|field_al,3,1,3,Aedes sierrensis,Aedes sierrensis,0.9795847
2f9eaa3b61bfcccaff25403816cb4022af1c1369e3e61e202b3e9b23ea909fe8,data/raw/Aedes sierrensis/Aedes sierrensis/CleanedData_SnippedToIsolateMosquitoSounds/VP2.wav,unknown,Aedes sierrensis|field_vp,3,1,17,Aedes sierrensis,Culex quinquefasciatus,0.28618926
2fc98224c9000cd84ac8d6ac02511cc8f94d9e7c45369b05bc5c4474fab4b51e,data/raw/Anopheles arabiensis/Anopheles arabiensis dongola/CDC_Nexus/dongola f.wav,Nexus,Anopheles arabiensis|raw/Anopheles arabiensis/Anopheles arabiensis dongola/CDC_Nexus,5,60,9,Anopheles arabiensis,Anopheles freeborni,0.14572194
306403410fe6f1ab7eca629309933239ddcc76f7ac9d3269ea82527bd04fc540,data/raw/Anopheles minimus/Anopheles minimus/iPhone6/Amin (2).wav,iPhone6,Anopheles minimus|raw/Anopheles minimus/Anopheles minimus/iPhone6,12,60,12,Anopheles minimus,Anopheles minimus,0.19100825
3074d190df4a37ea79c72e82acae3c215c0ec9d2c90770cb53185e89a8efbe73,data/raw/Anopheles arabiensis/Anopheles arabiensis dongola/CDC_T209/Voice0157.wav,T209,Anopheles arabiensis|raw/Anopheles arabiensis/Anopheles arabiensis dongola/CDC_T209,5,60,1,Anopheles arabiensis,Aedes albopictus,0.22503066
30d296f6adbab49034c9ec4cf1fd4b7e07f216feafe6743cbf80b161250b5650,data/raw/Aedes sierrensis/Aedes sierrensis/CleanedData_SnippedToIsolateMosquitoSounds/MB3_2b.wav,unknown,Aedes sierrensis|field_mb,3,3,3,Aedes sierrensis,Aedes sierrensis,0.3445802
317e116f96d89e52906c17be4bd0d62bd5ab7cfd85cd5f5993d8aada88c3f3cd,data/raw/Aedes sierrensis/Aedes sierrensis/CleanedData_SnippedToIsolateMosquitoSounds/SK3_1835.wav,unknown,Aedes sierrensis|field_sk,3,2,6,Aedes sierrensis,Anopheles atroparvus,0.49105018
32099fdbdee43236865a855f10c403b08975352e1503ac27cc204e72a8c8ce4e,data/raw/Culex quinquefasciatus/Culex quinquefasciatus/SanMateoVCD_iPhone4S/Q8.wav,iPhone4S,Culex quinquefasciatus|raw/Culex quinquefasciatus/Culex quinquefasciatus/SanMateoVCD_iPhone4S,17,46,17,Culex quinquefasciatus,Culex quinquefasciatus,0.5407927
32e7a3db36865a84ee71d1ef34dc3597608684d8c22229b4ffae28ecdcedb515,data/raw/Anopheles farauti/Anopheles farauti/SonyXperia/03-03-2016-153127Afar.wav,Xperia,Anopheles farauti|raw/Anopheles farauti/Anopheles farauti/SonyXperia,8,60,12,Anopheles farauti,Anopheles minimus,0.25487396
32ef32d18e6f850d44f324b30d399bab9ed9d5a651f101dcc471a3f0b9d38fc2,data/raw/Anopheles farauti/Anopheles farauti/Nokia6555B/Afar2.wav,Nokia6555B,Anopheles farauti|raw/Anopheles farauti/Anopheles farauti/Nokia6555B,8,60,8,Anopheles farauti,Anopheles farauti,0.30859086
33c5d0bfd744653b189a8220b2d1272d01e3c9977b7c8675709ab6cc8c4e760b,data/raw/Anopheles dirus/Anopheles dirus/SonyXperia/03-02-2016-163400 adirus mix .wav,Xperia,Anopheles dirus|raw/Anopheles dirus/Anopheles dirus/SonyXperia,7,29,7,Anopheles dirus,Anopheles dirus,0.19931394
34aceb284e4f5d726e30c9cf1c26d9bbd8a5f213a02d7e098b221f629f23de3b,data/raw/Anopheles gambiae/Anopheles gambiae rsp/CDC_Nexus/rsp.wav,Nexus,Anopheles gambiae|raw/Anopheles gambiae/Anopheles gambiae rsp/CDC_Nexus,10,60,12,Anopheles gambiae,Anopheles minimus,0.25749132
34bee0bd50774f378125584d704e2a059ab577cc6aa9f8f18e50f6462b24fa7d,data/raw/Anopheles arabiensis/Anopheles arabiensis dongola/CDC_T209/Voice0160 dongolaf.wav,T209,Anopheles arabiensis|raw/Anopheles arabiensis/Anopheles arabiensis dongola/CDC_T209,5,60,0,Anopheles arabiensis,Aedes aegypti,0.24333252
354a0daba2476ee5e29220d76d6fb6d4b382232d89267f058a3e51ea25f91fb8,data/raw/Anopheles minimus/Anopheles minimus/iPhone4C/20160303 121930.wav,iPhone,Anopheles minimus|raw/Anopheles minimus/Anopheles minimus/iPhone4C,12,54,15,Anopheles minimus,Anopheles stephensi,0.17163822
355a29ed584336b5b719a6919a82735e2005c84911f12812d2e49f597d92abf1,data/raw/Culiseta incidens/Culiseta incidens/Big Black Mosquito Glenn Park_ Blood fed Day4_ Ds5.wav,unknown,Culiseta incidens|raw/Culiseta incidens/Culiseta incidens,19,60,19,Culiseta incidens,Culiseta incidens,0.49010724
35d636369568b43044a6c948d12c68ae97af33d298b6805b247b69cf55e11b45,data/raw/Anopheles farauti/Anopheles farauti/Nokia5235/Afar.mp4,Nokia5235,Anopheles farauti|raw/Anopheles farauti/Anopheles farauti/Nokia5235,8,47,9,Anopheles farauti,Anopheles freeborni,0.16936088
3614bfd692931e1bde437eb6e8b6439cb79591824d8dbb4f82e8c9d93d8c1ec8,data/raw/Anopheles albimanus/Anopheles albimanus/Nokia6555B/Audio032 aalbi.wav,Nokia6555B,Anopheles albimanus|raw/Anopheles albimanus/Anopheles albimanus/Nokia6555B,4,60,4,Anopheles albimanus,Anopheles albimanus,0.17904921
36b9d8787feb8e8fb8e94aa001d901a0d91239adaf8a3737a2451889755549e0,data/raw/Anopheles atroparvus/Anopheles atroparvus/CDC_T209/Voice0161 ebrof.wav,T209,Anopheles atroparvus|raw/Anopheles atroparvus/Anopheles atroparvus/CDC_T209,6,60,6,Anopheles atroparvus,Anopheles atroparvus,0.5376131
36c41b4160caf3e242637aa717963c5f6e4dbdfab739dad8ffaa0f490831f021,data/raw/Aedes aegypti/Aedes aegypti/UCD_PR_T209/Voice0092.wav,T209,Aedes aegypti|raw/Aedes aegypti/Aedes aegypti/UCD_PR_T209,0,60,2,Aedes aegypti,Aedes mediovittatus,0.53315824
36c87d56a2fab09923817ce4798b9bbc341218c1602dd72d35862f784dd2bb22,data/raw/Anopheles farauti/Anopheles farauti/iPhone6/Afar (2).m4a,iPhone6,Anopheles farauti|raw/Anopheles farauti/Anopheles farauti/iPhone6,8,36,8,Anopheles farauti,Anopheles farauti,0.17975307
36e1ffe847b59de4a8d2ea7b3a0d614981c356b95745cdf1401d27db0e1ab31b,data/raw/Anopheles dirus/Anopheles dirus/Huawei866C/Recording19800215_030_M.wav,Huawei866C,Anopheles dirus|raw/Anopheles dirus/Anopheles dirus/Huawei866C,7,32,8,Anopheles dirus,Anopheles farauti,0.17739742
3704a26b382b32eb24bee0365337e19aa6af6f79237586cd417cffba313edc2b,data/raw/Anopheles albimanus/Anopheles albimanus/Huawei866C/Recording19800216_024.wav,Huawei866C,Anopheles albimanus|raw/Anopheles albimanus/Anopheles albimanus/Huawei866C,4,51,8,Anopheles albimanus,Anopheles farauti,0.20986702
3705cbfc0dfbd007a768ccc17c69514e424d38a8f980e64052940965f34f1285,data/raw/Anopheles minimus/Anopheles minimus/SamsungT209/Voice0032.wav,T209,Anopheles minimus|raw/Anopheles minimus/Anopheles minimus/SamsungT209,12,60,0,Anopheles minimus,Aedes aegypti,0.2173371
37147316cc3724260e5cfa81488a047f443b4db1d5f297f5bc5b85f4a183a127,data/raw/Anopheles farauti/Anopheles farauti/GoogleNexus/Rec_1980-02-16_15.58.23afarf.wav,Nexus,Anopheles farauti|raw/Anopheles farauti/Anopheles farauti/GoogleNexus,8,39,15,Anopheles farauti,Anopheles stephensi,0.23063369
371c26f3c4490bb2267bc0a1afb647588445e11bd187636432b580ddbbe5df97,data/raw/Culex quinquefasciatus/Culex quinquefasciatus/SanMateoVCD_iPhone4S/Q6.wav,iPhone4S,Culex quinquefasciatus|raw/Culex quinquefasciatus/Culex quinquefasciatus/SanMateoVCD_iPhone4S,17,56,17,Culex quinquefasciatus,Culex quinquefasciatus,0.5775799
373b270e055442cd4f994cbc9077d5a4ae86d3a75806d92088f35ea049de12b4,data/raw/Aedes albopictus/Aedes albopictus/CDC_T209/Voice0138.wav,T209,Aedes albopictus|raw/Aedes albopictus/Aedes albopictus/CDC_T209,1,60,1,Aedes albopictus,Aedes albopictus,0.4583216
3795667d32fd559c9b049004c7defb7742768f6a6ed4fe8673db06abdb8b4a95,data/raw/Anopheles stephensi/Anopheles stephensi/iPhone6/Asf.wav,iPhone6,Anopheles stephensi|raw/Anopheles stephensi/Anopheles stephensi/iPhone6,15,33,12,Anopheles stephensi,Anopheles minimus,0.17371888
38498b1eda4da2351fa72ae9914a8522ccbfd05c7b04c4a05cd4c8be620f1a3a,data/raw/Anopheles stephensi/Anopheles stephensi/Huawei866C/Recording19800215_034.wav,Huawei866C,Anopheles stephensi|raw/Anopheles stephensi/Anopheles stephensi/Huawei866C,15,57,15,Anopheles stephensi,Anopheles stephensi,0.1727468
38e9a52f0dd1bf9ce7a3340adc3c20e5adb9584404be3e66bafb92e67bb12d48,data/raw/Anopheles minimus/Anopheles minimus/SonyXperia/03-03-2016-123404 amm2.wav,Xperia,Anopheles minimus|raw/Anopheles minimus/Anopheles minimus/SonyXperia,12,60,3,Anopheles minimus,Aedes sierrensis,0.50943583
392e1571f3f66a0af27723e143ea41faa4fc372bc5575369a340702e6a76695f,data/raw/Culiseta incidens/Culiseta incidens/Big Black Mosquito Glenn Park - 1hr After Blood Fed_ Day 4_ Ds5.wav,unknown,Culiseta incidens|raw/Culiseta incidens/Culiseta incidens,19,46,19,Culiseta incidens,Culiseta incidens,0.7387562
3931dc6f970fd1738bf24b4f85a2f573c1bc7489edb37dab33f87bdbe53cddd4,data/raw/Anopheles freeborni/Anopheles freeborni/Nokia5235/Sound clip 175 afmix.mp4,Nokia5235,Anopheles freeborni|raw/Anopheles freeborni/Anopheles freeborni/Nokia5235,9,60,4,Anopheles freeborni,Anopheles albimanus,0.30008212
393f427535446649168a95d51ccb3b908af34c0833783b026d6a464f9cfec116,data/raw/Anopheles dirus/Anopheles dirus/GoogleNexus/Rec_1980-02-15_16.38.25 adirus mix.wav,Nexus,Anopheles dirus|raw/Anopheles dirus/Anopheles dirus/GoogleNexus,7,30,12,Anopheles dirus,Anopheles minimus,0.30136755
398292c9fc1c7ed259515554896e2a3da24419e23c0d9e76de9dcb2402a3a930,data/raw/Aedes sierrensis/Aedes sierrensis/CleanedData_SnippedToIsolateMosquitoSounds/FH1_Cross Pine East 1.wav,unknown,Aedes sierrensis|field_fh,3,9,3,Aedes sierrensis,Aedes sierrensis,0.3059759
3a6cd971097d76135383b4a8a43af1860a9fbdfe9b75bf8c024c8120cf5bd6c5,data/raw/Anopheles albimanus/Anopheles albimanus/SonyXperia/03-03-2016-163123 aalbm.wav,Xperia,Anopheles albimanus|raw/Anopheles albimanus/Anopheles albimanus/SonyXperia,4,60,4,Anopheles albimanus,Anopheles albimanus,0.26458013
3af225c3b7566cad066381463b1a444a6407f9dafff43caeb45f9717d1dc97b3,data/raw/Anopheles albimanus/Anopheles albimanus/Huawei866C/Recording19800216_022.wav,Huawei866C,Anopheles albimanus|raw/Anopheles albimanus/Anopheles albimanus/Huawei866C,4,58,7,Anopheles albimanus,Anopheles dirus,0.2120933
3b0bbb7458d9b0ac8e19b50cfdb97fa210725c6ef75a3fad8bcd8ac2e67fd12a,data/raw/Anopheles minimus/Anopheles minimus/GoogleNexus/am1.wav,Nexus,Anopheles minimus|raw/Anopheles minimus/Anopheles minimus/GoogleNexus,12,7,17,Anopheles minimus,Culex quinquefasciatus,0.179976
3be96bf7c50cf0c280fdd635197bf7d27696957dcc5ca2a382311a533ca59cf2,data/raw/Anopheles gambiae/Anopheles gambiae kisumu/Huawei866C/Recording19800215_005_F.wav,Huawei866C,Anopheles gambiae|raw/Anopheles gambiae/Anopheles gambiae kisumu/Huawei866C,10,4,10,Anopheles gambiae,Anopheles gambiae,0.3275779
3c196d8efcb733c62164e2134762de5f8bef13c7177e282db442ac3fc06104f2,data/raw/Anopheles albimanus/Anopheles albimanus/GoogleNexus/Rec_1980-02-16_17.43.05aalb.wav,Nexus,Anopheles albimanus|raw/Anopheles albimanus/Anopheles albimanus/GoogleNexus,4,57,4,Anopheles albimanus,Anopheles albimanus,0.2206879
3cc148e67b0924959734d47b6e9ce967a9a0ce14ac65b46ebdc24875cf045e24,data/raw/Aedes sierrensis/Aedes sierrensis/CleanedData_SnippedToIsolateMosquitoSounds/DK16_1917.wav,unknown,Aedes sierrensis|field_dk,3,4,3,Aedes sierrensis,Aedes sierrensis,0.47651112
3d64e705b9efaacd85efa73efb59af2f6a93c2a969432a9f9d795cd9bfb0a0d3,data/raw/Anopheles stephensi/Anopheles stephensi/iPhone4S/20160302 172759.wav,iPhone4S,Anopheles stephensi|raw/Anopheles stephensi/Anopheles stephensi/iPhone4S,15,55,15,Anopheles stephensi,Anopheles stephensi,0.24764931
3d68ef1319433f0ec274e4f4e05330035278b7e8893f826cac686537b13b5e64,data/raw/Anopheles gambiae/Anopheles gambiae kisumu/Nokia5235/Sound clip 146 ag1ft.mp4,Nokia5235,Anopheles gambiae|raw/Anopheles gambiae/Anopheles gambiae kisumu/Nokia5235,10,23,8,Anopheles gambiae,Anopheles farauti,0.1478719
3db0d38d88cc23b0fbe3a24dbeb068c9a1cea153bc2c1efcb484a33959ea4f72,data/raw/Anopheles albimanus/Anopheles albimanus/SonyXperia/03-03-2016-163521 aalbi .wav,Xperia,Anopheles albimanus|raw/Anopheles albimanus/Anopheles albimanus/SonyXperia,4,56,4,Anopheles albimanus,Anopheles albimanus,0.28957573
3deaed7df3715e89e51a6dcd712ba1c62b130ffece374a04c7194447866e01f1,data/raw/Anopheles freeborni/Anopheles freeborni/SamsungT209/Voice0027.wav,T209,Anopheles freeborni|raw/Anopheles freeborni/Anopheles freeborni/SamsungT209,9,60,0,Anopheles freeborni,Aedes aegypti,0.23591302
3e4740a37621c5aed5d315ca6cadb0853dfcb2a4656c30db5584c9438216a75a,data/raw/Culiseta incidens/Culiseta incidens/Glenn Park Black Mosquito Day 3 Ds3 Iphone6.wav,iPhone6,Culiseta incidens|raw/Culiseta incidens/Culiseta incidens,19,20,19,Culiseta incidens,Culiseta incidens,0.93394536
3e8a6825ed5614f09e50a5a6bbd15755bceeefae78a0a08de97a33f265638d22,data/raw/Anopheles dirus/Anopheles dirus/Nokia6555B/Audio004.wav,Nokia6555B,Anopheles dirus|raw/Anopheles dirus/Anopheles dirus/Nokia6555B,7,60,8,Anopheles dirus,Anopheles farauti,0.20798734
3ea414c175d60d516c47ac934f4b0da0595a5d466643d7a89f4df7c65e1be82d,data/raw/Anopheles albimanus/Anopheles albimanus/SamsungT209/Voice0046.wav,T209,Anopheles albimanus|raw/Anopheles albimanus/Anopheles albimanus/SamsungT209,4,60,13,Anopheles albimanus,Anopheles quadriannulatus,0.29453695
3eb82c75ee2d288487a25985eef7d29bd30a6f9832f677692c39ab0ee1e50448,data/raw/Aedes aegypti/Aedes aegypti/CDC_T209/Voice0135 AEGY10130f.wav,T209,Aedes aegypti|raw/Aedes aegypti/Aedes aegypti/CDC_T209,0,60,1,Aedes aegypti,Aedes albopictus,0.35748592
40b3632f799325b440c4be9530c0c2747a5cb8b5c808b81d256ff66ef8e88147,data/raw/Culiseta incidens/Culiseta incidens/Glenn Park - Black Mosquito - Day2_ Ds3_ Iphone6.wav,iPhone6,Culiseta incidens|raw/Culiseta incidens/Culiseta incidens,19,60,19,Culiseta incidens,Culiseta incidens,0.89756644
41073fddeb82bb07a0dc9cf2adce3b1b1568f0925010a9d934bebf398c738158,data/raw/Anopheles freeborni/Anopheles freeborni/Nokia5235/Sound clip 172 aff.mp4,Nokia5235,Anopheles freeborni|raw/Anopheles freeborni/Anopheles freeborni/Nokia5235,9,60,9,Anopheles freeborni,Anopheles freeborni,0.23835583
4178dd0284137c5292691207fe88443803c2415bcf549488f6cefac715211ed8,data/raw/Anopheles dirus/Anopheles dirus/SamsungT209/Voice0015.wav,T209,Anopheles dirus|raw/Anopheles dirus/Anopheles dirus/SamsungT209,7,60,0,Anopheles dirus,Aedes aegypti,0.17786893
41a796883042da13cf79c6fbfaee64f31a3559e772379b286cfdbcf0b749614b,data/raw/Culex tarsalis/Culex tarsalis/PrakashLab_iPhone4S/CxT F (5).wav,iPhone4S,Culex tarsalis|raw/Culex tarsalis/Culex tarsalis/PrakashLab_iPhone4S,18,60,18,Culex tarsalis,Culex tarsalis,0.61970246
420fc636546adf29d2618d2fcf1defb0325b5c548200cfc6d8f7ea4823217ea6,data/raw/Aedes sierrensis/Aedes sierrensis/CleanedData_SnippedToIsolateMosquitoSounds/CK1_2 Mosquitoes East Ridge 6_37.wav,unknown,Aedes sierrensis|field_ck,3,5,3,Aedes sierrensis,Aedes sierrensis,0.57305217
42cc9e385b56c3a2969a49beac843b136735a50c651f210e0b85e81c423b94e0,data/raw/Aedes aegypti/Aedes aegypti/UCD_PR_T209/Voice0091.wav,T209,Aedes aegypti|raw/Aedes aegypti/Aedes aegypti/UCD_PR_T209,0,60,2,Aedes aegypti,Aedes mediovittatus,0.66570103
437937e77dac9ad93edce121835c37173b19720bf945f6e2aa0679e1bbcee2fa,data/raw/Culiseta incidens/Culiseta incidens/Glen. Park. black Mosquito - Long Recording - Day 2-dS2.wav,unknown,Culiseta incidens|raw/Culiseta incidens/Culiseta incidens,19,60,19,Culiseta incidens,Culiseta incidens,0.8681081
43d5c00c674d7ca113d271d6263cd6e0e81430512718d5ac34369f06777f248e,data/raw/Anopheles dirus/Anopheles dirus/iPhone4S/20160302 154124AdF.wav,iPhone4S,Anopheles dirus|raw/Anopheles dirus/Anopheles dirus/iPhone4S,7,40,7,Anopheles dirus,Anopheles dirus,0.19967765
43dc988092e9cbeb655e94e65f0c5cce6639475fbeca82f29131cc46c91a778a,data/raw/Anopheles dirus/Anopheles dirus/iPhone6/Adm.m4a,iPhone6,Anopheles dirus|raw/Anopheles dirus/Anopheles dirus/iPhone6,7,54,12,Anopheles dirus,Anopheles minimus,0.26089713
441d5c00ad98c59785e5049183333de1f1ef703ca088a27c93ddbb898a7c6016,data/raw/Culex quinquefasciatus/Culex quinquefasciatus/SanMateoVCD_Xperia/Cxq 3.wav,Xperia,Culex quinquefasciatus|raw/Culex quinquefasciatus/Culex quinquefasciatus/SanMateoVCD_Xperia,17,60,17,Culex quinquefasciatus,Culex quinquefasciatus,0.433014
445e753ed883ead2481d85ffacac85838f5575762144e2bcb3dcdf8247cd0020,data/raw/Anopheles dirus/Anopheles dirus/Huawei866C/Recording19800215_024_M.wav,Huawei866C,Anopheles dirus|raw/Anopheles dirus/Anopheles dirus/Huawei866C,7,14,7,Anopheles dirus,Anopheles dirus,0.2134802
44d80c192110f3643c165758d8da5af1340ecb1b2afee96d1f605f582f96e0de,data/raw/Anopheles gambiae/Anopheles gambiae akron/CDC_T209/Voice0149.wav,T209,Anopheles gambiae|raw/Anopheles gambiae/Anopheles gambiae akron/CDC_T209,10,60,1,Anopheles gambiae,Aedes albopictus,0.4491262
4513c7ab37f5c5f1a309160c149bbbfcf438485afb7b8f6fd3e0152474efe229,data/raw/Aedes aegypti/Aedes aegypti/CDC_T209/Voice0132.wav,T209,Aedes aegypti|raw/Aedes aegypti/Aedes aegypti/CDC_T209,0,60,0,Aedes aegypti,Aedes aegypti,0.36213258
45fd46909630ada5778f664f8f58f0bcd188c38dd27b7512019971d573228b36,data/raw/Anopheles minimus/Anopheles minimus/GoogleNexus/am3.wav,Nexus,Anopheles minimus|raw/Anopheles minimus/Anopheles minimus/GoogleNexus,12,5,16,Anopheles minimus,Culex pipiens,0.15941674
460f24da6111b26b0dd3f6e9dd213d0e824303e6069a0475459df2143d9d9c36,data/raw/Anopheles albimanus/Anopheles albimanus/Nokia6555B/Audio033 aalbf.wav,Nokia6555B,Anopheles albimanus|raw/Anopheles albimanus/Anopheles albimanus/Nokia6555B,4,48,7,Anopheles albimanus,Anopheles dirus,0.17832573
46507807e9b78bcb5a16d2065148bae176a0d0a92c8248f547075b92e929549e,data/raw/Aedes albopictus/Aedes albopictus/CDC_T209/Voice0140 albof.wav,T209,Aedes albopictus|raw/Aedes albopictus/Aedes albopictus/CDC_T209,1,60,1,Aedes albopictus,Aedes albopictus,0.55065024
4663dbbf99de0325d9e2fbf9a4f2c55a1df6709571129841464bbf3ca5bce21c,data/raw/Anopheles dirus/Anopheles dirus/SonyXperia/03-02-2016-163922 adirus mix .wav,Xperia,Anopheles dirus|raw/Anopheles dirus/Anopheles dirus/SonyXperia,7,59,12,Anopheles dirus,Anopheles minimus,0.17509745
46aed821f8d5e6edcc76d25ee2abf34efed4678aadc659efa1c5579be6770ec2,data/raw/Anopheles arabiensis/Anopheles arabiensis dongola/CDC_T209/Voice0159.wav,T209,Anopheles arabiensis|raw/Anopheles arabiensis/Anopheles arabiensis dongola/CDC_T209,5,60,1,Anopheles arabiensis,Aedes albopictus,0.227351
483225b35e3825c6fde11fffa12d19b30c125de6ce0dfafdfc6feaa1824ad86f,data/raw/Anopheles freeborni/Anopheles freeborni/iPhone6/Afree.m4a,iPhone6,Anopheles freeborni|raw/Anopheles freeborni/Anopheles freeborni/iPhone6,9,57,19,Anopheles freeborni,Culiseta incidens,0.13892356
4954460d46cd61c7cf740871f776c1fe349973b0af9a2170557556006ff583af,data/raw/Anopheles freeborni/Anopheles freeborni/iPhone6/Afree (3).m4a,iPhone6,Anopheles freeborni|raw/Anopheles freeborni/Anopheles freeborni/iPhone6,9,49,9,Anopheles freeborni,Anopheles freeborni,0.17629193
49ba3e24389d39f60da1164c3aa566fc01f3c600479e7cbfa3994cf9cfe0a797,data/raw/Anopheles minimus/Anopheles minimus/iPhone6/AminM.wav,iPhone6,Anopheles minimus|raw/Anopheles minimus/Anopheles minimus/iPhone6,12,54,12,Anopheles minimus,Anopheles minimus,0.27785876
49d0804f58914d3dfc313bedfa46340c1a91806feb87c6dbd4ef560c663256a5,data/raw/Culiseta incidens/Culiseta incidens/Big Black Mosquito Glen Park - Recorded Outside - March 2016 - dS6.wav,unknown,Culiseta incidens|raw/Culiseta incidens/Culiseta incidens,19,41,19,Culiseta incidens,Culiseta incidens,0.41006687
4a5f241c69b09d9c8010452b2ca209615efc39640b7c4d8239d22b29b77bf447,data/raw/Aedes sierrensis/Aedes sierrensis/CleanedData_SnippedToIsolateMosquitoSounds/WG10_15.wav,unknown,Aedes sierrensis|field_wg,3,1,3,Aedes sierrensis,Aedes sierrensis,0.9344849
4b1316bc3a7d329f4d04dd1d77cb508b199378c2691c4b3df37a4752d2b9ea5c,data/raw/Anopheles farauti/Anopheles farauti/iPhone4S/20160303 143402AfarF.wav,iPhone4S,Anopheles farauti|raw/Anopheles farauti/Anopheles farauti/iPhone4S,8,60,7,Anopheles farauti,Anopheles dirus,0.17015427
4b68d39cab23e8c6cef22564f6eb19ba42f8326e510c5e552f37669ff1fc3d5d,data/raw/Aedes sierrensis/Aedes sierrensis/CleanedData_SnippedToIsolateMosquitoSounds/VP3.wav,unknown,Aedes sierrensis|field_vp,3,1,3,Aedes sierrensis,Aedes sierrensis,0.98468286
4cc11fea07082867b022c221b6ffb6a2d486ace74f921df4d925d998798d8936,data/raw/Culiseta incidens/Culiseta incidens/Glen. Park Black Mosquito Ziplock 5.wav,unknown,Culiseta incidens|raw/Culiseta incidens/Culiseta incidens,19,46,19,Culiseta incidens,Culiseta incidens,0.83243936
4ea54c7b14ff5146bbfb70c1928a1d23b605372048034f347c7e73065625edee,data/raw/Anopheles stephensi/Anopheles stephensi/iPhone4S/20160302 172533.wav,iPhone4S,Anopheles stephensi|raw/Anopheles stephensi/Anopheles stephensi/iPhone4S,15,52,15,Anopheles stephensi,Anopheles stephensi,0.23009804
4ee634d6930028ec612cf0ba4a91919fb81902cdc787125dd95307a7fe5c4c62,data/raw/Aedes sierrensis/Aedes sierrensis/CleanedData_SnippedToIsolateMosquitoSounds/DK17_1918.wav,unknown,Aedes sierrensis|field_dk,3,4,3,Aedes sierrensis,Aedes sierrensis,0.41166526
4f667e5b9a30d16d05ee2ed8781596ceddd82f75061e4e17fcce83565212be8d,data/raw/Anopheles freeborni/Anopheles freeborni/SamsungT209/Voice0026.wav,T209,Anopheles freeborni|raw/Anopheles freeborni/Anopheles freeborni/SamsungT209,9,60,14,Anopheles freeborni,Anopheles quadrimaculatus,0.15386444
4f7c1f26623d78d233101ee5140704c43ead1420665b583170cab50ff596d42d,data/raw/Aedes aegypti/Aedes aegypti/UCD_LA_T209/Aela2.wav,T209,Aedes aegypti|raw/Aedes aegypti/Aedes aegypti/UCD_LA_T209,0,60,18,Aedes aegypti,Culex tarsalis,0.3010303
5016cb8a9c67e776fd4892ec2c8cd9a67c5bc01c4f020ab585bc2b70195e087c,data/raw/Anopheles gambiae/Anopheles gambiae kisumu/Nokia5235/Sound clip 148 agmix.mp4,Nokia5235,Anopheles gambiae|raw/Anopheles gambiae/Anopheles gambiae kisumu/Nokia5235,10,39,17,Anopheles gambiae,Culex quinquefasciatus,0.24496627
507613b05cef18aa4d1ca51b732790ab16b5fffca63438e8cbf0a40d9b33f1b7,data/raw/Anopheles dirus/Anopheles dirus/SamsungT209/Voice0017.wav,T209,Anopheles dirus|raw/Anopheles dirus/Anopheles dirus/SamsungT209,7,60,1,Anopheles dirus,Aedes albopictus,0.3521622
509532c21814ca17f6f3f749417cda21d40907955c1d612ebcd5e5ba56b33a8c,data/raw/Culiseta incidens/Culiseta incidens/Glen Park Black Mosquito Ziplock Recording6.wav,unknown,Culiseta incidens|raw/Culiseta incidens/Culiseta incidens,19,60,19,Culiseta incidens,Culiseta incidens,0.77667797
517069f460908a4780fb605dd6770eb1c5bc53d80dbb88dad1bf749e69b19460,data/raw/Anopheles freeborni/Anopheles freeborni/iPhone4S/20160303 110441.wav,iPhone4S,Anopheles freeborni|raw/Anopheles freeborni/Anopheles freeborni/iPhone4S,9,60,9,Anopheles freeborni,Anopheles freeborni,0.4294589
5244927a2648e9453445ef88e16e9868f9d7b742b214d2d58a587d62e3789605,data/raw/Anopheles merus/Anopheles merus/Voice0153.wav,unknown,Anopheles merus|raw/Anopheles merus/Anopheles merus,11,60,11,Anopheles merus,Anopheles merus,0.5775415
52c86552aac4c326710bbdf1f9f2a5516f9bffa7738f2bfa679964f3423dd96e,data/raw/Aedes aegypti/Aedes aegypti/CDC_Xperia/11-16-2016-111457 10130f.wav,Xperia,Aedes aegypti|raw/Aedes aegypti/Aedes aegypti/CDC_Xperia,0,60,5,Aedes aegypti,Anopheles arabiensis,0.18717875
53019a24c7392e0674dca8c96cd858d0bfa21064c3460b904153e1cf8d0d3d6d,data/raw/Anopheles minimus/Anopheles minimus/Nokia5235/Amin6.wav,Nokia5235,Anopheles minimus|raw/Anopheles minimus/Anopheles minimus/Nokia5235,12,36,12,Anopheles minimus,Anopheles minimus,0.18635455
53e40463497e00af9f2fbe61284fd6df88ec3fe92a7a293a74c64da0e13daf16,data/raw/Culex quinquefasciatus/Culex quinquefasciatus/SanMateoVCD_iPhone4S/Q4.wav,iPhone4S,Culex quinquefasciatus|raw/Culex quinquefasciatus/Culex quinquefasciatus/SanMateoVCD_iPhone4S,17,55,17,Culex quinquefasciatus,Culex quinquefasciatus,0.41174033
53f7008dc60ee69997c5b81d00b83ada74221e1483c1918e4652b20a0e8bb195,data/raw/Anopheles albimanus/Anopheles albimanus/iPhone4S/20160303 161039AalbF.wav,iPhone4S,Anopheles albimanus|raw/Anopheles albimanus/Anopheles albimanus/iPhone4S,4,34,4,Anopheles albimanus,Anopheles albimanus,0.21468034
54466cab27684c879cffd2adc1c0bfb19bb563038ea75064d7c3874cf8192747,data/raw/Anopheles dirus/Anopheles dirus/GoogleNexus/Rec_1980-02-15_16.44.54 adirus mix.wav,Nexus,Anopheles dirus|raw/Anopheles dirus/Anopheles dirus/GoogleNexus,7,60,12,Anopheles dirus,Anopheles minimus,0.23156606
548cadc88ea2670844f202b73980e1e31cbca5ef29e66bcdd44afb106db1d446,data/raw/Anopheles albimanus/Anopheles albimanus/Nokia5235/Sound clip 191 aalbi.mp4,Nokia5235,Anopheles albimanus|raw/Anopheles albimanus/Anopheles albimanus/Nokia5235,4,60,4,Anopheles albimanus,Anopheles albimanus,0.28709334
54d58059aa71b6361c8291e0ee454710a4a794a300d7c4f4ca8d17780749ff8c,data/raw/Aedes aegypti/Aedes aegypti/CDC_T209/Voice0131 10130f.wav,T209,Aedes aegypti|raw/Aedes aegypti/Aedes aegypti/CDC_T209,0,60,0,Aedes aegypti,Aedes aegypti,0.43568936
555690dc0e4cbf013b9f7bf89688f3c0edb40ab58ba4d68e7f41b88fdb3fe036,data/raw/Anopheles minimus/Anopheles minimus/Huawei866C/Recording19800216_006.wav,Huawei866C,Anopheles minimus|raw/Anopheles minimus/Anopheles minimus/Huawei866C,12,59,7,Anopheles minimus,Anopheles dirus,0.21686134
55b257b4a4de7f29197ca20db86e1f90b76cde883bd8562d90f8bd1ad1fc1676,data/raw/Culiseta incidens/Culiseta incidens/Big Black Mosquito Glen Park Day 4_ Blood Fed_ Ds4.wav,unknown,Culiseta incidens|raw/Culiseta incidens/Culiseta incidens,19,60,19,Culiseta incidens,Culiseta incidens,0.54143524
55ea6c15e9eedc28c9a6d9b542b81b9d255ea731cd89dc650935a368f8249872,data/raw/Aedes sierrensis/Aedes sierrensis/CleanedData_SnippedToIsolateMosquitoSounds/CK11_Trail Xing 7_04.wav,unknown,Aedes sierrensis|field_ck,3,12,19,Aedes sierrensis,Culiseta incidens,0.42697462
55f0a85fe6dc3146dd224c7e2fba7d23b775760b026443f44d99af25faa1d751,data/raw/Aedes sierrensis/Aedes sierrensis/CleanedData_SnippedToIsolateMosquitoSounds/SK15_1937.wav,unknown,Aedes sierrensis|field_sk,3,1,17,Aedes sierrensis,Culex quinquefasciatus,0.6384387
563905d03e1cbcfb7012f0e43d461bebc682e4b363be646e61e63a741b3f22a6,data/raw/Anopheles minimus/Anopheles minimus/GoogleNexus/Rec_1980-02-16_13.53.59amin.wav,Nexus,Anopheles minimus|raw/Anopheles minimus/Anopheles minimus/GoogleNexus,12,60,12,Anopheles minimus,Anopheles minimus,0.18023945
56710914a6b6f6cad1233ec233b7b3a41f0ab033ad01b15dce26832e7e20c4b5,data/raw/Aedes sierrensis/Aedes sierrensis/CleanedData_SnippedToIsolateMosquitoSounds/CK3_At Trail Crossing. 6_43.wav,unknown,Aedes sierrensis|field_ck,3,1,19,Aedes sierrensis,Culiseta incidens,0.49924642
56856094c18add2674af25a42f99682429fd9fd50840c7ca50722934fc3c5bee,data/raw/Aedes sierrensis/Aedes sierrensis/CleanedData_SnippedToIsolateMosquitoSounds/WG9_12.wav,unknown,Aedes sierrensis|field_wg,3,1,17,Aedes sierrensis,Culex quinquefasciatus,0.42070037
573937d2487ae1a17d04e443f9edec0a028228160e43db0cdd16f5fcec959032,data/raw/Anopheles farauti/Anopheles farauti/GoogleNexus/Rec_1980-02-16_15.56.16afar.wav,Nexus,Anopheles farauti|raw/Anopheles farauti/Anopheles farauti/GoogleNexus,8,38,12,Anopheles farauti,Anopheles minimus,0.1651483
5870f20058a08ca321d5825c604e3a76374689ec6f59f200eb3c5a46d47a39e0,data/raw/Anopheles minimus/Anopheles minimus/GoogleNexus/am2.wav,Nexus,Anopheles minimus|raw/Anopheles minimus/Anopheles minimus/GoogleNexus,12,6,12,Anopheles minimus,Anopheles minimus,0.27925587
5873f4b3bc017d1b07257d145a0051b20a832c3b08cb26ca2b786649481bc130,data/raw/Anopheles albimanus/Anopheles albimanus/Nokia6555B/Audio035 aalbi.wav,Nokia6555B,Anopheles albimanus|raw/Anopheles albimanus/Anopheles albimanus/Nokia6555B,4,60,4,Anopheles albimanus,Anopheles albimanus,0.30107394
588e94ae634f059563c1ef08cb8d431e76d088c6ce0075ad0cca0a6c18ae755c,data/raw/Anopheles stephensi/Anopheles stephensi/Huawei866C/Recording19800215_031.wav,Huawei866C,Anopheles stephensi|raw/Anopheles stephensi/Anopheles stephensi/Huawei866C,15,38,7,Anopheles stephensi,Anopheles dirus,0.2812034
58b43d03fed7d7203acd7431b6b4c0ae250e104de893e95ba2d47acdfab8398b,data/raw/Aedes aegypti/Aedes aegypti/Auburn_T209/Voice0123.wav,T209,Aedes aegypti|raw/Aedes aegypti/Aedes aegypti/Auburn_T209,0,60,0,Aedes aegypti,Aedes aegypti,0.25709566
5954ebbed3d86d39e4db3f51764fd023ee327118d5efe6dfff2b23dd2dc4d359,data/raw/Anopheles minimus/Anopheles minimus/Nokia5235/Amin1.wav,Nokia5235,Anopheles minimus|raw/Anopheles minimus/Anopheles minimus/Nokia5235,12,55,12,Anopheles minimus,Anopheles minimus,0.26986814
596fc4f45c2952e68f67a41c0f5936788e455206472a5883305011e4c63e247c,data/raw/Anopheles freeborni/Anopheles freeborni/Nokia5235/Sound clip 173 afm.mp4,Nokia5235,Anopheles freeborni|raw/Anopheles freeborni/Anopheles freeborni/Nokia5235,9,60,9,Anopheles freeborni,Anopheles freeborni,0.18842888
5971236d44339c5dae42f9b5a251a8864d1d500ef8970d3a252e688f1666a3ce,data/raw/Anopheles dirus/Anopheles dirus/Nokia5235/Adf.mp4,Nokia5235,Anopheles dirus|raw/Anopheles dirus/Anopheles dirus/Nokia5235,7,33,4,Anopheles dirus,Anopheles albimanus,0.18198958
59a6f971dd8b38e06f461400a810af915a50b37d9a80b0431cabc373913d4ed7,data/raw/Culex pipiens/Culex pipiens/SanMateoVCD_iPhone4S/P5.wav,iPhone4S,Culex pipiens|raw/Culex pipiens/Culex pipiens/SanMateoVCD_iPhone4S,16,60,16,Culex pipiens,Culex pipiens,0.41189554
59f586d060f2b0dcc94795b659cc4f2d0420c2bf0c37bf2c3cad8d993ee02a9f,data/raw/Anopheles freeborni/Anopheles freeborni/GoogleNexus/Rec_1980-02-16_12.58.11afree.wav,Nexus,Anopheles freeborni|raw/Anopheles freeborni/Anopheles freeborni/GoogleNexus,9,60,9,Anopheles freeborni,Anopheles freeborni,0.17168127
5b7dd801ba0d4e30a014aae86724e5fc7a6dbacf24280ead54b0af9750ec87b0,data/raw/Anopheles gambiae/Anopheles gambiae kisumu/Nokia5235/Sound clip 149 agmix.mp4,Nokia5235,Anopheles gambiae|raw/Anopheles gambiae/Anopheles gambiae kisumu/Nokia5235,10,60,17,Anopheles gambiae,Culex quinquefasciatus,0.2986835
5bba6e3f9c09e942b3e1c53fed725ce2c59525c88a6b54d0c66d0b436f11bf7f,data/raw/Anopheles minimus/Anopheles minimus/iPhone4C/20160303 121505.wav,iPhone,Anopheles minimus|raw/Anopheles minimus/Anopheles minimus/iPhone4C,12,49,12,Anopheles minimus,Anopheles minimus,0.20263742
5c6f8943c32d6b931dfd1a3ccbd9ded17894beb1d110595fad07521462a1d6eb,data/raw/Anopheles gambiae/Anopheles gambiae kisumu/Huawei866C/Recording19800215_012_M.wav,Huawei866C,Anopheles gambiae|raw/Anopheles gambiae/Anopheles gambiae kisumu/Huawei866C,10,8,7,Anopheles gambiae,Anopheles dirus,0.31889978
5d284de985ecc58a62dac2322c292c053b92e6b3873619a6f4987f792a29cbed,data/raw/Aedes sierrensis/Aedes sierrensis/CleanedData_SnippedToIsolateMosquitoSounds/DK8_1822.wav,unknown,Aedes sierrensis|field_dk,3,5,8,Aedes sierrensis,Anopheles farauti,0.32180324
5df9d809be8156afa6a216a6ceb43bf285ee91f07ccce767f0026e66865978e2,data/raw/Anopheles gambiae/Anopheles gambiae kisumu/iPhone4S/Raw/20160302 114604AgamM.m4a,iPhone4S,Anopheles gambiae|raw/Anopheles gambiae/Anopheles gambiae kisumu/iPhone4S/Raw,10,2,12,Anopheles gambiae,Anopheles minimus,0.2602619
5e5ac8558b5ee9fb41b87298f02e8e03a3557f4820d39736204b29add2e2b73d,data/raw/Anopheles dirus/Anopheles dirus/Huawei866C/Recording19800215_023_M.wav,Huawei866C,Anopheles dirus|raw/Anopheles dirus/Anopheles dirus/Huawei866C,7,28,15,Anopheles dirus,Anopheles stephensi,0.2933282
5e5e59c7f7b6d4a442e0aecb0fc7126158da2d1f0813240bae92b89ea77bed95,data/raw/Anopheles farauti/Anopheles farauti/iPhone6/Afar (1).m4a,iPhone6,Anopheles farauti|raw/Anopheles farauti/Anopheles farauti/iPhone6,8,48,8,Anopheles farauti,Anopheles farauti,0.25103
5eb742dc40c4ba37e83202bf5b0cc4efb32207ea201b14efc7019f8e3f684cfb,data/raw/Aedes sierrensis/Aedes sierrensis/CleanedData_SnippedToIsolateMosquitoSounds/WG12_21.wav,unknown,Aedes sierrensis|field_wg,3,3,19,Aedes sierrensis,Culiseta incidens,0.3225957
5eced0dfc0363db7adee7c15edb7b8afb759172473e991454d9fb3ec8271f681,data/raw/Culiseta incidens/Culiseta incidens/Glen Park Black Mosquito Day 1 DS6 - Iphone5.wav,iPhone,Culiseta incidens|raw/Culiseta incidens/Culiseta incidens,19,60,19,Culiseta incidens,Culiseta incidens,0.7797142
5eddc5bc536236595706517d628959c3ff8f7012be935bd44fb77e76ee45353d,data/raw/Anopheles dirus/Anopheles dirus/SamsungT209/Voice0016.wav,T209,Anopheles dirus|raw/Anopheles dirus/Anopheles dirus/SamsungT209,7,60,0,Anopheles dirus,Aedes aegypti,0.21417816
5f69c869a3cb41fa92ff6dc659b36c1a7be615c7538f4e3814b2e967cb7e6933,data/raw/Anopheles stephensi/Anopheles stephensi/iPhone6/As (1).wav,iPhone6,Anopheles stephensi|raw/Anopheles stephensi/Anopheles stephensi/iPhone6,15,42,8,Anopheles stephensi,Anopheles farauti,0.15969089
603488be873931e469a1f70dcfbfb03d1d957972510678bb4576e000161d93b9,data/raw/Anopheles albimanus/Anopheles albimanus/iPhone6/Aalb.m4a,iPhone6,Anopheles albimanus|raw/Anopheles albimanus/Anopheles albimanus/iPhone6,4,40,4,Anopheles albimanus,Anopheles albimanus,0.2750546
608bb5cd2c99080a95de994f00e6e3e0c54abcba7f974c3252b11495ba85e224,data/raw/Anopheles stephensi/Anopheles stephensi/SamsungT209/Voice0022.wav,T209,Anopheles stephensi|raw/Anopheles stephensi/Anopheles stephensi/SamsungT209,15,60,0,Anopheles stephensi,Aedes aegypti,0.31876054
611c54ab71779bd5bc6bb190a11ef98891bf51f8cde4ce3891909d4f801e3861,data/raw/Anopheles freeborni/Anopheles freeborni/Nokia6555B/Audio014 afmix bugdorm.wav,Nokia6555B,Anopheles freeborni|raw/Anopheles freeborni/Anopheles freeborni/Nokia6555B,9,60,7,Anopheles freeborni,Anopheles dirus,0.15622349
61ed74b335968c3eddda414d107e37fc834bc66436f1b6d7334fe0359832393f,data/raw/Anopheles albimanus/Anopheles albimanus/iPhone4S/20160303 161130AalbM.wav,iPhone4S,Anopheles albimanus|raw/Anopheles albimanus/Anopheles albimanus/iPhone4S,4,60,4,Anopheles albimanus,Anopheles albimanus,0.23966226
6275182e3e9bcd9bcc8dd3c03ab79bc55bf00c61128e5f6005c474fa0c999d20,data/raw/Anopheles dirus/Anopheles dirus/SamsungT209/Voice0014.wav,T209,Anopheles dirus|raw/Anopheles dirus/Anopheles dirus/SamsungT209,7,60,13,Anopheles dirus,Anopheles quadriannulatus,0.23146524
62de8566f44d01d09e66cb3953bf605fa11e82d1bb50d972a63132ba30515baa,data/raw/Anopheles albimanus/Anopheles albimanus/SonyXperia/03-03-2016-163314 aalbf.wav,Xperia,Anopheles albimanus|raw/Anopheles albimanus/Anopheles albimanus/SonyXperia,4,60,4,Anopheles albimanus,Anopheles albimanus,0.17910816
641b4e341f140fd9f9f6cf3d3c33808b7bd8e03d83600f16780addafc286a85a,data/raw/Anopheles dirus/Anopheles dirus/SonyXperia/03-02-2016-164309 adirus mix bugdorm .wav,Xperia,Anopheles dirus|raw/Anopheles dirus/Anopheles dirus/SonyXperia,7,60,8,Anopheles dirus,Anopheles farauti,0.14475362
64d549d8741b966edf48f62b83191a060a933447ea664bfeac2a4a256e08877e,data/raw/Anopheles stephensi/Anopheles stephensi/SamsungT209/Voice0020.wav,T209,Anopheles stephensi|raw/Anopheles stephensi/Anopheles stephensi/SamsungT209,15,60,0,Anopheles stephensi,Aedes aegypti,0.21082793
6577ee452c83422ea80d76b7e9dbcbe6990723be5595c20887300200d2a27cf8,data/raw/Anopheles albimanus/Anopheles albimanus/SonyXperia/03-03-2016-164124 aalbi tube .wav,Xperia,Anopheles albimanus|raw/Anopheles albimanus/Anopheles albimanus/SonyXperia,4,29,6,Anopheles albimanus,Anopheles atroparvus,0.307531
6633393383ce8e02a434685db3d5b96fa93716822d04b7b3839863d50c47d1e3,data/raw/Anopheles dirus/Anopheles dirus/SonyXperia/03-02-2016-164146 adirus mix bugdorm .wav,Xperia,Anopheles dirus|raw/Anopheles dirus/Anopheles dirus/SonyXperia,7,60,8,Anopheles dirus,Anopheles farauti,0.18178281
66e01c8295fe833a9ba3264a9bd101dee0e3893dd2241fa99879b296c19221fe,data/raw/Anopheles albimanus/Anopheles albimanus/Huawei866C/Recording19800216_021.wav,Huawei866C,Anopheles albimanus|raw/Anopheles albimanus/Anopheles albimanus/Huawei866C,4,59,7,Anopheles albimanus,Anopheles dirus,0.25611696
6755db8355ba1eb1591421303ecb73f8a53f47483a8ad3378120f29bc2d67085,data/raw/Anopheles stephensi/Anopheles stephensi/GoogleNexus/as3.wav,Nexus,Anopheles stephensi|raw/Anopheles stephensi/Anopheles stephensi/GoogleNexus,15,60,15,Anopheles stephensi,Anopheles stephensi,0.21099837
6825aa590f3644dfb69d5ce6d877a2bdd0e64e99ad761f1baa1487b941e3fa9e,data/raw/Anopheles dirus/Anopheles dirus/iPhone4S/20160302 154329AdM.wav,iPhone4S,Anopheles dirus|raw/Anopheles dirus/Anopheles dirus/iPhone4S,7,28,8,Anopheles dirus,Anopheles farauti,0.23032464
685e513f5e0b3d050e2d6f8658be9e0baa2c98a6f9211185f1c77cc50d6de1a4,data/raw/Anopheles quadrimaculatus/Anopheles quadrimaculatus/Auburn_T209/Voice0130 quad.wav,T209,Anopheles quadrimaculatus|raw/Anopheles quadrimaculatus/Anopheles quadrimaculatus/Auburn_T209,14,60,14,Anopheles quadrimaculatus,Anopheles quadrimaculatus,0.7319334
6908bc8440be0ad249ec628240561348624a37cb47d134a5f9a41efbcd4399e6,data/raw/Anopheles stephensi/Anopheles stephensi/SamsungT209/Voice0023.wav,T209,Anopheles stephensi|raw/Anopheles stephensi/Anopheles stephensi/SamsungT209,15,60,0,Anopheles stephensi,Aedes aegypti,0.34066817
691ee1d897588e2cc6a3a0a82272381469be1382f2056437186c87b6409fa98a,data/raw/Anopheles dirus/Anopheles dirus/Nokia6555B/Audio007.wav,Nokia6555B,Anopheles dirus|raw/Anopheles dirus/Anopheles dirus/Nokia6555B,7,60,4,Anopheles dirus,Anopheles albimanus,0.23981671
6973b49d7b8973222a23a3d7eeb42d5645d25bbbeefac81afd824e54c4a011c3,data/raw/Anopheles gambiae/Anopheles gambiae kisumu/SamsungT209/Voice0011.wav,T209,Anopheles gambiae|raw/Anopheles gambiae/Anopheles gambiae kisumu/SamsungT209,10,35,0,Anopheles gambiae,Aedes aegypti,0.30734962
6b55631e4cc32eb6238e63a9565dea2aba7c0ffd8366278cf4b2aed7a4826e33,data/raw/Anopheles stephensi/Anopheles stephensi/Huawei866C/Recording19800215_038.wav,Huawei866C,Anopheles stephensi|raw/Anopheles stephensi/Anopheles stephensi/Huawei866C,15,50,7,Anopheles stephensi,Anopheles dirus,0.270272
6b675f576ad83c3ce18dac158f1502bbbbf9871300bcdd37213c762b5cfbce20,data/raw/Anopheles freeborni/Anopheles freeborni/GoogleNexus/af7.wav,Nexus,Anopheles freeborni|raw/Anopheles freeborni/Anopheles freeborni/GoogleNexus,9,5,9,Anopheles freeborni,Anopheles freeborni,0.18363191
6be5c7ce4527d815627b9bfad5ca326744c0243027ea54df59f2fa943140a66a,data/raw/Anopheles minimus/Anopheles minimus/Huawei866C/Recording19800216_005.wav,Huawei866C,Anopheles minimus|raw/Anopheles minimus/Anopheles minimus/Huawei866C,12,28,7,Anopheles minimus,Anopheles dirus,0.268387
6c46f898b34c6ccb9f095cbb66f252a522185e459e7620827a057ba0f902619c,data/raw/Aedes sierrensis/Aedes sierrensis/CleanedData_SnippedToIsolateMosquitoSounds/Argo10_sp2_12_multiple.wav,unknown,Aedes sierrensis|field_argo,3,10,19,Aedes sierrensis,Culiseta incidens,0.23393798
6c494deb037f559203815d13dd2558669706a41e086caee97b4fd8ed11f02679,data/raw/Aedes sierrensis/Aedes sierrensis/CleanedData_SnippedToIsolateMosquitoSounds/Argo7_sp2_8.wav,unknown,Aedes sierrensis|field_argo,3,2,3,Aedes sierrensis,Aedes sierrensis,0.7775632
6cfe92570854f941b873ce82f19a96614aec0b6c977d7ad031e1134accafde3b,data/raw/Anopheles minimus/Anopheles minimus/iPhone4C/20160303 121659AminM.wav,iPhone,Anopheles minimus|raw/Anopheles minimus/Anopheles minimus/iPhone4C,12,27,8,Anopheles minimus,Anopheles farauti,0.25513345
6da441e0813734640a8ba538c58e32f19afaf6ad606c6b345499e3db88af2c4e,data/raw/Culex quinquefasciatus/Culex quinquefasciatus/SanMateoVCD_iPhone4S/Q5.wav,iPhone4S,Culex quinquefasciatus|raw/Culex quinquefasciatus/Culex quinquefasciatus/SanMateoVCD_iPhone4S,17,60,17,Culex quinquefasciatus,Culex quinquefasciatus,0.59398633
6e8f49574579cff4fc0217a05fd6c8884dfc749e9705bc04d1ebc991bd9e20ae,data/raw/Aedes aegypti/Aedes aegypti/Auburn_T209/Voice0122.wav,T209,Aedes aegypti|raw/Aedes aegypti/Aedes aegypti/Auburn_T209,0,60,0,Aedes aegypti,Aedes aegypti,0.29961237
6f4d97aff50e0b3a7e8ab2fdcd9836f0ef63e2dcdc5c49800995a99eb54a2ecc,data/raw/Anopheles gambiae/Anopheles gambiae kisumu/GoogleNexus/ag3.wav,Nexus,Anopheles gambiae|raw/Anopheles gambiae/Anopheles gambiae kisumu/GoogleNexus,10,13,9,Anopheles gambiae,Anopheles freeborni,0.19475192
6f7be61b12b7b7e39553964189ee6e8beeef2ee1eeb3fd3196277489b0fb5fdd,data/raw/Aedes sierrensis/Aedes sierrensis/CleanedData_SnippedToIsolateMosquitoSounds/Argo9_sp2_11_a.wav,unknown,Aedes sierrensis|field_argo,3,7,3,Aedes sierrensis,Aedes sierrensis,0.8067569
7017687ea7702d1399bccb3fa80d15c1771204c440771adab911494c1c75d6eb,data/raw/Anopheles gambiae/Anopheles gambiae kisumu/iPhone4S/Raw/20160302 115601AgamM.m4a,iPhone4S,Anopheles gambiae|raw/Anopheles gambiae/Anopheles gambiae kisumu/iPhone4S/Raw,10,13,15,Anopheles gambiae,Anopheles stephensi,0.34878924
701bb8463519e456321ba3826a02342a3da534d7edd3e2dea33008cc25a5259e,data/raw/Culex quinquefasciatus/Culex quinquefasciatus/SanMateoVCD_iPhone4S/Q3.wav,iPhone4S,Culex quinquefasciatus|raw/Culex quinquefasciatus/Culex quinquefasciatus/SanMateoVCD_iPhone4S,17,60,17,Culex quinquefasciatus,Culex quinquefasciatus,0.37379405
70964da217dfa5ed5854b28e81c1d73db3c72cf0301f4d60d8ee69477c41589f,data/raw/Anopheles freeborni/Anopheles freeborni/SonyXperia/03-03-2016-105844 afm bugdorm .wav,Xperia,Anopheles freeborni|raw/Anopheles freeborni/Anopheles freeborni/SonyXperia,9,60,12,Anopheles freeborni,Anopheles minimus,0.14167894
712405492c82941d151fc296229ac6b46eaa7e4531beb1a57b2f98be0ad6352c,data/raw/Anopheles minimus/Anopheles minimus/Nokia6555B/Audio022 am.wav,Nokia6555B,Anopheles minimus|raw/Anopheles minimus/Anopheles minimus/Nokia6555B,12,60,15,Anopheles minimus,Anopheles stephensi,0.16859062
750f82be9bbdb091a52b2157945aa53f88ba16dbff03b0718745a0b78a24f3c6,data/raw/Anopheles freeborni/Anopheles freeborni/iPhone4S/20160303 110341.wav,iPhone4S,Anopheles freeborni|raw/Anopheles freeborni/Anopheles freeborni/iPhone4S,9,45,9,Anopheles freeborni,Anopheles freeborni,0.3573321
7570773f1700a36651615036dcb14a8fee12cacabfe2d2fef258db6ac8ebe14d,data/raw/Aedes sierrensis/Aedes sierrensis/CleanedData_SnippedToIsolateMosquitoSounds/CK6_East Ridge Trail 6_27p.wav,unknown,Aedes sierrensis|field_ck,3,1,14,Aedes sierrensis,Anopheles quadrimaculatus,0.5291649
759f494059523b6db09bba1000165076c9ebb9741bee9d6bea8be8e5ca0fb715,data/raw/Aedes sierrensis/Aedes sierrensis/CleanedData_SnippedToIsolateMosquitoSounds/Argo11_sp2_13.wav,unknown,Aedes sierrensis|field_argo,3,1,3,Aedes sierrensis,Aedes sierrensis,0.6711884
76932db78657c1034d4dac4bba9776b6360a6d71b518ac9b623d127f07ea39b8,data/raw/Anopheles freeborni/Anopheles freeborni/GoogleNexus/Rec_1980-02-16_12.56.33afreeM.wav,Nexus,Anopheles freeborni|raw/Anopheles freeborni/Anopheles freeborni/GoogleNexus,9,56,12,Anopheles freeborni,Anopheles minimus,0.12696235
76f86d0f11424afc62ed16226912fabedfc2ff727cbeee6a52f1b179b9c3bae2,data/raw/Anopheles gambiae/Anopheles gambiae kisumu/iPhone4S/Raw/20160302 114921AgamF.m4a,iPhone4S,Anopheles gambiae|raw/Anopheles gambiae/Anopheles gambiae kisumu/iPhone4S/Raw,10,8,7,Anopheles gambiae,Anopheles dirus,0.26734716
76ff0e1aaac63519bbd374670a9a15621278d8a39d2e2062b29902706c06844d,data/raw/Anopheles farauti/Anopheles farauti/SonyXperia/03-03-2016-153508Afar.wav,Xperia,Anopheles farauti|raw/Anopheles farauti/Anopheles farauti/SonyXperia,8,24,8,Anopheles farauti,Anopheles farauti,0.21465208
7725aab857f8abef86aa1b0e450fd373c5eabe2625889e26d8b671684fade16d,data/raw/Aedes sierrensis/Aedes sierrensis/CleanedData_SnippedToIsolateMosquitoSounds/CK13_Trail Xing 7_20.wav,unknown,Aedes sierrensis|field_ck,3,3,3,Aedes sierrensis,Aedes sierrensis,0.2294587
77cf7a746e58f8a02e4b58248119903bb2eb46873a4dec30f88382048630c8c8,data/raw/Aedes mediovittatus/Aedes mediovittatus/UCD_T209/Ae medio 2.wav,T209,Aedes mediovittatus|raw/Aedes mediovittatus/Aedes mediovittatus/UCD_T209,2,60,2,Aedes mediovittatus,Aedes mediovittatus,0.7380521
78e0631c91faf904c84f8569148778099be383553af71a56b63da02e49eac12a,data/raw/Aedes aegypti/Aedes aegypti/Auburn_T209/Voice0121 AEGY ui.wav,T209,Aedes aegypti|raw/Aedes aegypti/Aedes aegypti/Auburn_T209,0,60,0,Aedes aegypti,Aedes aegypti,0.34848908
794ce5680d00bb7f2a081891726c8dd2938e12c16a6a8cff88b0a1931f32c603,data/raw/Anopheles freeborni/Anopheles freeborni/GoogleNexus/aff.wav,Nexus,Anopheles freeborni|raw/Anopheles freeborni/Anopheles freeborni/GoogleNexus,9,60,9,Anopheles freeborni,Anopheles freeborni,0.2595803
7a2d13ff5803807c974f1f680b6ab874582b7f67a598d8efa326533a817fdff3,data/raw/Culiseta incidens/Culiseta incidens/Glen Park Black Mosquito Day 2 Ds8 - Iphone5.wav,iPhone,Culiseta incidens|raw/Culiseta incidens/Culiseta incidens,19,60,19,Culiseta incidens,Culiseta incidens,0.21128035
7abfcee0f5db35d75a3fd32b9bbeefc3eef4df858a1a0fd428e560b12c68f25b,data/raw/Anopheles freeborni/Anopheles freeborni/GoogleNexus/af2.wav,Nexus,Anopheles freeborni|raw/Anopheles freeborni/Anopheles freeborni/GoogleNexus,9,60,12,Anopheles freeborni,Anopheles minimus,0.15363863
7bdfbb29596f91f6d7805a3d54d0ce518000181418518bb4c21aa69fc46fadcf,data/raw/Anopheles albimanus/Anopheles albimanus/Nokia5235/Sound clip 190 aalbi.mp4,Nokia5235,Anopheles albimanus|raw/Anopheles albimanus/Anopheles albimanus/Nokia5235,4,60,4,Anopheles albimanus,Anopheles albimanus,0.4145981
7df380a7c3bddffc112f53a963e514dcdeda66b6ce2ef3e9eb8a7b9213d71b74,data/raw/Anopheles quadrimaculatus/Anopheles quadrimaculatus/Auburn_T209/Voice0129.wav,T209,Anopheles quadrimaculatus|raw/Anopheles quadrimaculatus/Anopheles quadrimaculatus/Auburn_T209,14,60,14,Anopheles quadrimaculatus,Anopheles quadrimaculatus,0.682573
7e7ba697008f4fb8555edd949c17190362ec6119d78ee13896388ade5fc15713,data/raw/Culiseta incidens/Culiseta incidens/Glenn Park Black Mosquito day3 Ds5 Iphone6.wav,iPhone6,Culiseta incidens|raw/Culiseta incidens/Culiseta incidens,19,28,19,Culiseta incidens,Culiseta incidens,0.92878586
7e9ebbf17b8c2c0ef67889c5659184a7b017d7de2d305b84fbfa9dda6ef08a65,data/raw/Aedes sierrensis/Aedes sierrensis/CleanedData_SnippedToIsolateMosquitoSounds/SK9_1915.wav,unknown,Aedes sierrensis|field_sk,3,1,0,Aedes sierrensis,Aedes aegypti,0.34693274
7f2c98e8a3ce5539b47cf884936b4bd527d8ffe4ae7e30546df1724e45577221,data/raw/Anopheles freeborni/Anopheles freeborni/Huawei866C/Recording19800216_002.wav,Huawei866C,Anopheles freeborni|raw/Anopheles freeborni/Anopheles freeborni/Huawei866C,9,23,7,Anopheles freeborni,Anopheles dirus,0.20796216
7f7d515da5c8053cf8a91625dbf8a39e667cb63213c8f82f2e53ed588e9ef975,data/raw/Anopheles dirus/Anopheles dirus/iPhone4S/20160302 154229AdF.wav,iPhone4S,Anopheles dirus|raw/Anopheles dirus/Anopheles dirus/iPhone4S,7,49,8,Anopheles dirus,Anopheles farauti,0.18465438
7fd217bf8ff749212f44a152fa9e30eeae758f92a745386b57bf0169983ae464,data/raw/Culex quinquefasciatus/Culex quinquefasciatus/SanMateoVCD_iPhone4S/Q7.wav,iPhone4S,Culex quinquefasciatus|raw/Culex quinquefasciatus/Culex quinquefasciatus/SanMateoVCD_iPhone4S,17,40,17,Culex quinquefasciatus,Culex quinquefasciatus,0.514949
8108f8d7ecbaafe01fa87631ccdb12ee956f4f2f7ae8de3ab38b40ef9853b3a7,data/raw/Anopheles freeborni/Anopheles freeborni/Nokia6555B/Audio015 aff.wav,Nokia6555B,Anopheles freeborni|raw/Anopheles freeborni/Anopheles freeborni/Nokia6555B,9,60,7,Anopheles freeborni,Anopheles dirus,0.17636023
815ffbba1add1276c63618f2bb03b19a3548314ab633272fe55eec089ce12a7e,data/raw/Anopheles farauti/Anopheles farauti/Huawei866C/Recording19800216_011.wav,Huawei866C,Anopheles farauti|raw/Anopheles farauti/Anopheles farauti/Huawei866C,8,49,15,Anopheles farauti,Anopheles stephensi,0.22066693
81b1e092c3d633600e961d6ef64cd154b0ca156109e91b0c5246f79017e2557f,data/raw/Anopheles stephensi/Anopheles stephensi/iPhone4S/20160302 172634.wav,iPhone4S,Anopheles stephensi|raw/Anopheles stephensi/Anopheles stephensi/iPhone4S,15,34,9,Anopheles stephensi,Anopheles freeborni,0.21579665
830494ca172af884e890db18c10fc799c641760f99c1af6b1f9cc123c8637a2d,data/raw/Anopheles gambiae/Anopheles gambiae kisumu/Huawei866C/Recording19800215_014_F.wav,Huawei866C,Anopheles gambiae|raw/Anopheles gambiae/Anopheles gambiae kisumu/Huawei866C,10,24,7,Anopheles gambiae,Anopheles dirus,0.28514758
83728ec4fa2182c18d07b9ad20508804e120f5021c95ed186552c6835063da0e,data/raw/Anopheles arabiensis/Anopheles arabiensis rufisque/CDC_T209/Voice0175.wav,T209,Anopheles arabiensis|raw/Anopheles arabiensis/Anopheles arabiensis rufisque/CDC_T209,5,60,11,Anopheles arabiensis,Anopheles merus,0.44132695
8423426435953262839175de6a724cb6f358abcd88ce57db6540633c55857449,data/raw/Anopheles gambiae/Anopheles gambiae kisumu/iPhone6/Ag Mix Cage 1.m4a,iPhone6,Anopheles gambiae|raw/Anopheles gambiae/Anopheles gambiae kisumu/iPhone6,10,37,17,Anopheles gambiae,Culex quinquefasciatus,0.2190288
84b13f67a7fbdbc50155a1ffb912dd2ccb2d6f713be49e4c60e370c1f99428f0,data/raw/Anopheles gambiae/Anopheles gambiae kisumu/Huawei866C/Recording19800215_013_F.wav,Huawei866C,Anopheles gambiae|raw/Anopheles gambiae/Anopheles gambiae kisumu/Huawei866C,10,19,7,Anopheles gambiae,Anopheles dirus,0.323064
85307ebe218d9b23a4529b1b7422c38f40a41091b1892c4c8afbbeed964853d2,data/raw/Anopheles albimanus/Anopheles albimanus/iPhone4S/20160303 161512.wav,iPhone4S,Anopheles albimanus|raw/Anopheles albimanus/Anopheles albimanus/iPhone4S,4,40,9,Anopheles albimanus,Anopheles freeborni,0.24303254
856ffc767f0bef40c6606cd6443a923f365b664b222fa75f9d6c7f33538f7853,data/raw/Aedes aegypti/Aedes aegypti/UCD_LA_T209/Aela3.wav,T209,Aedes aegypti|raw/Aedes aegypti/Aedes aegypti/UCD_LA_T209,0,60,2,Aedes aegypti,Aedes mediovittatus,0.36590916
85cd2cc8b26fddaee8eeb01c7cd119747287585c753ca69fc97c77e42c221b2e,data/raw/Anopheles freeborni/Anopheles freeborni/iPhone6/Afree (2).m4a,iPhone6,Anopheles freeborni|raw/Anopheles freeborni/Anopheles freeborni/iPhone6,9,44,15,Anopheles freeborni,Anopheles stephensi,0.15670615
85cdb9f91d0234017af98959ad1b3ba9930938451989cf1bee7482ab67085ac2,data/raw/Anopheles stephensi/Anopheles stephensi/Huawei866C/Recording19800215_036.wav,Huawei866C,Anopheles stephensi|raw/Anopheles stephensi/Anopheles stephensi/Huawei866C,15,59,8,Anopheles stephensi,Anopheles farauti,0.23843573
85cf179437dd033a6932b188b644ad21a7cd067ac843abb9cbd98b7859cf7126,data/raw/Anopheles freeborni/Anopheles freeborni/GoogleNexus/Rec_1980-02-16_12.53.50afree.wav,Nexus,Anopheles freeborni|raw/Anopheles freeborni/Anopheles freeborni/GoogleNexus,9,57,9,Anopheles freeborni,Anopheles freeborni,0.22703016
8619890031858274619ed9af6dc20843866c87cd0daa726217c9c3962927e2f9,data/raw/Anopheles gambiae/Anopheles gambiae kisumu/Nokia5235/Sound clip 147 ag1ft.mp4,Nokia5235,Anopheles gambiae|raw/Anopheles gambiae/Anopheles gambiae kisumu/Nokia5235,10,33,7,Anopheles gambiae,Anopheles dirus,0.16021754
863e78057ff30243d3cec270bd1e43402887051abac87b602668300bb74bc35e,data/raw/Culiseta incidens/Culiseta incidens/Glen PArk Black Mosquito Day 3 Ds1 Iphone6.wav,iPhone6,Culiseta incidens|raw/Culiseta incidens/Culiseta incidens,19,52,19,Culiseta incidens,Culiseta incidens,0.7055929
86433e68024f615b333fa927e863960b131b281335037f7e82743630b42d2a34,data/raw/Aedes sierrensis/Aedes sierrensis/CleanedData_SnippedToIsolateMosquitoSounds/AL6.wav,unknown,Aedes sierrensis|field_al,3,12,9,Aedes sierrensis,Anopheles freeborni,0.28126934
8670767f381c0300cb801c624bfad554bd6be3fe19833f873f0074bce3f4c2ca,data/raw/Anopheles gambiae/Anopheles gambiae kisumu/Huawei866C/Recording19800215_017_M.wav,Huawei866C,Anopheles gambiae|raw/Anopheles gambiae/Anopheles gambiae kisumu/Huawei866C,10,17,7,Anopheles gambiae,Anopheles dirus,0.3252763
8716a3053f9efdb60093494b40523308d5ec46338f871978019d2a5a111dd19f,data/raw/Anopheles gambiae/Anopheles gambiae kisumu/Huawei866C/Recording19800215_006_F.wav,Huawei866C,Anopheles gambiae|raw/Anopheles gambiae/Anopheles gambiae kisumu/Huawei866C,10,10,10,Anopheles gambiae,Anopheles gambiae,0.41250008
87a552c8243939585de4b159131e5efc27a02a731c7d2cb5cda37a222a4556ef,data/raw/Anopheles freeborni/Anopheles freeborni/SamsungT209/Voice0025.wav,T209,Anopheles freeborni|raw/Anopheles freeborni/Anopheles freeborni/SamsungT209,9,60,14,Anopheles freeborni,Anopheles quadrimaculatus,0.20070107
8960271f7d80d15eff34ac743e1a4fb70fc585bc71c1e6c9f0f929bffbb00691,data/raw/Anopheles freeborni/Anopheles freeborni/GoogleNexus/af1.wav,Nexus,Anopheles freeborni|raw/Anopheles freeborni/Anopheles freeborni/GoogleNexus,9,60,9,Anopheles freeborni,Anopheles freeborni,0.33623505
89dc22897494be9158d4166fca26826c1530cbe938f27448a0101f3a37c82817,data/raw/Culiseta incidens/Culiseta incidens/Glenn Park Big Black Mosquito Inside Ziplock Bag - Trying To Fly.wav,unknown,Culiseta incidens|raw/Culiseta incidens/Culiseta incidens,19,60,19,Culiseta incidens,Culiseta incidens,0.47427437
89fe17887bcd4e4019b74d35b28ac18e1e1da5bf7113e36cd7c9ff8880f16fc0,data/raw/Culiseta incidens/Culiseta incidens/Big Black Mosquito Glen Park - March 2016 - Ds1.wav,unknown,Culiseta incidens|raw/Culiseta incidens/Culiseta incidens,19,26,19,Culiseta incidens,Culiseta incidens,0.6702249
8a537a059a05f44233a4f2334aca02996f4a484336472acc15246ef9cd8b8f04,data/raw/Anopheles stephensi/Anopheles stephensi/iPhone4S/20160302 171441AsteF.wav,iPhone4S,Anopheles stephensi|raw/Anopheles stephensi/Anopheles stephensi/iPhone4S,15,42,15,Anopheles stephensi,Anopheles stephensi,0.27498698
8a6fb51b7e64bd451d1adfd9a24e54bbe618046a048c6dcaa3968a843990f745,data/raw/Anopheles quadriannulatus/Anopheles quadriannulatus/CDC_Nexus/sanqua.wav,Nexus,Anopheles quadriannulatus|raw/Anopheles quadriannulatus/Anopheles quadriannulatus/CDC_Nexus,13,60,4,Anopheles quadriannulatus,Anopheles albimanus,0.2631594
8ab71be5661553035f8410c14785f8bdff81d76dd8284685a31f761b5a30f12f,data/raw/Anopheles albimanus/Anopheles albimanus/iPhone6/Aalb (2).m4a,iPhone6,Anopheles albimanus|raw/Anopheles albimanus/Anopheles albimanus/iPhone6,4,60,4,Anopheles albimanus,Anopheles albimanus,0.26792744
8c075dd2509a6ebf4322740762867759f2e6bb9008e2aef2f20585b402739098,data/raw/Anopheles farauti/Anopheles farauti/SonyXperia/03-03-2016-153338AfarM.wav,Xperia,Anopheles farauti|raw/Anopheles farauti/Anopheles farauti/SonyXperia,8,54,12,Anopheles farauti,Anopheles minimus,0.25054753
8e0fae70f050787d993f61d1117567ad0f0ec32d9828f989de8ef81b39db81d6,data/raw/Anopheles stephensi/Anopheles stephensi/iPhone4S/20160302 172215AsteF.wav,iPhone4S,Anopheles stephensi|raw/Anopheles stephensi/Anopheles stephensi/iPhone4S,15,10,15,Anopheles stephensi,Anopheles stephensi,0.2278826
8e6545244c3920a8894ffe845bb991a3c04c5c285a8017cd4e0c4cd989d636a1,data/raw/Anopheles gambiae/Anopheles gambiae kisumu/SonyXperia/03-02-2016-113427 ag1mt.wav,Xperia,Anopheles gambiae|raw/Anopheles gambiae/Anopheles gambiae kisumu/SonyXperia,10,24,10,Anopheles gambiae,Anopheles gambiae,0.18185623
8edeeb66857050f4175b773e0e2371efa61f09a07e3b34e745d85b8eee1d0ef4,data/raw/Anopheles gambiae/Anopheles gambiae kisumu/SamsungT209/Voice0008.wav,T209,Anopheles gambiae|raw/Anopheles gambiae/Anopheles gambiae kisumu/SamsungT209,10,16,0,Anopheles gambiae,Aedes aegypti,0.16442338
8f22e475afede2dc7fcb1f8a5c6f1ed0fee3a310b193194265754a2a5f629849,data/raw/Aedes sierrensis/Aedes sierrensis/CleanedData_SnippedToIsolateMosquitoSounds/WG8_9.wav,unknown,Aedes sierrensis|field_wg,3,3,3,Aedes sierrensis,Aedes sierrensis,0.9016647
9039a6d80ff17907a69ff19697a62b5e9c753683e79a053754464a2be1a594a7,data/raw/Culex tarsalis/Culex tarsalis/PrakashLab_iPhone4S/CxT F (3).wav,iPhone4S,Culex tarsalis|raw/Culex tarsalis/Culex tarsalis/PrakashLab_iPhone4S,18,37,18,Culex tarsalis,Culex tarsalis,0.7272726
904472ba4fbec853e7356c313e54b6ef4f187fbd0cefda9f91a08b0348bbc932,data/raw/Anopheles minimus/Anopheles minimus/SonyXperia/03-03-2016-125307 am.wav,Xperia,Anopheles minimus|raw/Anopheles minimus/Anopheles minimus/SonyXperia,12,60,15,Anopheles minimus,Anopheles stephensi,0.178729
90e85d92f903609e80cd8a005079a585069e18ffaabc0500964e9577a5322aad,data/raw/Culex pipiens/Culex pipiens/SanMateoVCD_iPhone4S/P4.wav,iPhone4S,Culex pipiens|raw/Culex pipiens/Culex pipiens/SanMateoVCD_iPhone4S,16,60,16,Culex pipiens,Culex pipiens,0.32437763
910a1326c87f7f60a6d9746311ab8dc622347ec63e36e57607bb31122db61aad,data/raw/Anopheles gambiae/Anopheles gambiae kisumu/iPhone4S/Raw/20160302 114342AgamF.m4a,iPhone4S,Anopheles gambiae|raw/Anopheles gambiae/Anopheles gambiae kisumu/iPhone4S/Raw,10,9,7,Anopheles gambiae,Anopheles dirus,0.23264684
9163d2dad99466683189525d21ea9612864f31b82e952461acf6cd26658b195e,data/raw/Anopheles minimus/Anopheles minimus/SonyXperia/03-03-2016-122802 am.wav,Xperia,Anopheles minimus|raw/Anopheles minimus/Anopheles minimus/SonyXperia,12,60,12,Anopheles minimus,Anopheles minimus,0.17405365
91837f8a6150754314f3398416da6b3048fa0740577a2f1e7fe371dccf0c1fc6,data/raw/Anopheles freeborni/Anopheles freeborni/iPhone4S/20160303 110154AfreeM.wav,iPhone4S,Anopheles freeborni|raw/Anopheles freeborni/Anopheles freeborni/iPhone4S,9,59,9,Anopheles freeborni,Anopheles freeborni,0.23382132
91a16af7947e5f95babc9a3d16bc11d724dd9c6c6606f0759190b2342835fba6,data/raw/Aedes albopictus/Aedes albopictus/CDC_T209/Voice0137.wav,T209,Aedes albopictus|raw/Aedes albopictus/Aedes albopictus/CDC_T209,1,60,1,Aedes albopictus,Aedes albopictus,0.5230496
91b3a7f74abe5cb6470788f1fe7bf76b726f4fd9d3517f6ec941004d4a693134,data/raw/Anopheles minimus/Anopheles minimus/Nokia5235/Amin7.wav,Nokia5235,Anopheles minimus|raw/Anopheles minimus/Anopheles minimus/Nokia5235,12,60,12,Anopheles minimus,Anopheles minimus,0.21960883
92785db42b0f645a2261622dc10ed937c3f2ecfee5ded5b54e9dc409400e96b5,data/raw/Anopheles minimus/Anopheles minimus/Nokia5235/Amin4.wav,Nokia5235,Anopheles minimus|raw/Anopheles minimus/Anopheles minimus/Nokia5235,12,60,12,Anopheles minimus,Anopheles minimus,0.25782794
92a83f4ca9b7e939616f4888d1ec7fde447dde6d84569d8c848f09c2a2ea8d71,data/raw/Anopheles dirus/Anopheles dirus/iPhone6/Adf.m4a,iPhone6,Anopheles dirus|raw/Anopheles dirus/Anopheles dirus/iPhone6,7,32,7,Anopheles dirus,Anopheles dirus,0.18840684
92ad58612a8b2c54534cfac173fbe2191091818077e3d7eb48e2d8c212f0f90e,data/raw/Aedes sierrensis/Aedes sierrensis/CleanedData_SnippedToIsolateMosquitoSounds/Argo12_sp2_14.wav,unknown,Aedes sierrensis|field_argo,3,1,16,Aedes sierrensis,Culex pipiens,0.46307033
93139a723a87939528a03019acaa70c1f5aa67a64dbced403bf9d6e382701080,data/raw/Anopheles gambiae/Anopheles gambiae kisumu/Huawei866C/Recording19800215_015_F.wav,Huawei866C,Anopheles gambiae|raw/Anopheles gambiae/Anopheles gambiae kisumu/Huawei866C,10,18,7,Anopheles gambiae,Anopheles dirus,0.3225611
934bf8f58e69a3eb2f98a56811c556a1616742ea99b85905d977fb018f90fbf6,data/raw/Anopheles gambiae/Anopheles gambiae kisumu/CDC_T209/Voice0141 agam.wav,T209,Anopheles gambiae|raw/Anopheles gambiae/Anopheles gambiae kisumu/CDC_T209,10,60,1,Anopheles gambiae,Aedes albopictus,0.22138757
939676357b82f0db7cd715ea61a98d4605b4e00d7ee2bd9dbee5ae4a05049d41,data/raw/Anopheles gambiae/Anopheles gambiae kisumu/iPhone4S/Raw/20160302 115346.m4a,iPhone4S,Anopheles gambiae|raw/Anopheles gambiae/Anopheles gambiae kisumu/iPhone4S/Raw,10,23,16,Anopheles gambiae,Culex pipiens,0.16964148
93dbf9403ef7e22fd7804c12063670efbcbc21897f44e8448fed364cd6a6d604,data/raw/Anopheles albimanus/Anopheles albimanus/SamsungT209/Voice0045.wav,T209,Anopheles albimanus|raw/Anopheles albimanus/Anopheles albimanus/SamsungT209,4,60,5,Anopheles albimanus,Anopheles arabiensis,0.22047581
9441aa1a600bb83b761c87b0146ceb0cdce94bfd82a8ea8e13b02d5f59a31026,data/raw/Culex pipiens/Culex pipiens/SanMateoVCD_Xperia/Cxp 3.wav,Xperia,Culex pipiens|raw/Culex pipiens/Culex pipiens/SanMateoVCD_Xperia,16,60,16,Culex pipiens,Culex pipiens,0.60485965
94719f1c9e18aaaf6ae85553e6246276ce77f1106fa3f1d4216089ea7dbf5dc9,data/raw/Anopheles gambiae/Anopheles gambiae kisumu/iPhone4S/20160302 114652AgamF.wav,iPhone4S,Anopheles gambiae|raw/Anopheles gambiae/Anopheles gambiae kisumu/iPhone4S,10,12,15,Anopheles gambiae,Anopheles stephensi,0.22764683
953e83f88432023851f0f8d74c1d10c4e0a04934f8131594ac5cdb566ca0b97c,data/raw/Aedes sierrensis/Aedes sierrensis/CleanedData_SnippedToIsolateMosquitoSounds/DK21_1923.wav,unknown,Aedes sierrensis|field_dk,3,2,3,Aedes sierrensis,Aedes sierrensis,0.74793226
95d47fe288a49652135f7d87e6b151bdbb1769286f023cfa005250dd2f1f5307,data/raw/Aedes sierrensis/Aedes sierrensis/CleanedData_SnippedToIsolateMosquitoSounds/HP1_185015.wav,unknown,Aedes sierrensis|field_hp,3,4,5,Aedes sierrensis,Anopheles arabiensis,0.5648894
95eec1cfc7c0864a97c035fa622a9f7a6732f8b587aa704ff744928b46af7a59,data/raw/Anopheles stephensi/Anopheles stephensi/iPhone6/As.wav,iPhone6,Anopheles stephensi|raw/Anopheles stephensi/Anopheles stephensi/iPhone6,15,60,9,Anopheles stephensi,Anopheles freeborni,0.15672515
965f3ea6bd5f0f09da45ab0be2417a119becfa3fa4bd4f36fab52f540773aa69,data/raw/Anopheles minimus/Anopheles minimus/SamsungT209/Voice0030.wav,T209,Anopheles minimus|raw/Anopheles minimus/Anopheles minimus/SamsungT209,12,60,0,Anopheles minimus,Aedes aegypti,0.2227671
96621c4c383e0a28c6e9bc53543bd20f73501cee28a0978847ed31666511778b,data/raw/Anopheles minimus/Anopheles minimus/Nokia6555B/Audio020 amf.wav,Nokia6555B,Anopheles minimus|raw/Anopheles minimus/Anopheles minimus/Nokia6555B,12,60,7,Anopheles minimus,Anopheles dirus,0.17013744
96847c2208d19df72b9809930c9549299bd9b8ffdc2b7174d801f8209523f949,data/raw/Aedes aegypti/Aedes aegypti/Auburn_T209/Voice0125 aegy ui.wav,T209,Aedes aegypti|raw/Aedes aegypti/Aedes aegypti/Auburn_T209,0,60,0,Aedes aegypti,Aedes aegypti,0.54125637
96bbff53356a7f0979988626f8a22b4d544a1528a9dee496615e8de8027b1c53,data/raw/Anopheles merus/Anopheles merus/Voice0154.wav,unknown,Anopheles merus|raw/Anopheles merus/Anopheles merus,11,60,11,Anopheles merus,Anopheles merus,0.6041058
973627ae9f702d13d9373d3d278939b192effc848e7aa0ebf2f2f8672cd8cbbc,data/raw/Aedes sierrensis/Aedes sierrensis/CleanedData_SnippedToIsolateMosquitoSounds/AL1.wav,unknown,Aedes sierrensis|field_al,3,2,3,Aedes sierrensis,Aedes sierrensis,0.75408995
9757b70a17b9b48b89f28b401599830a890193de0df97f8c4241ac9c282d7f30,data/raw/Anopheles gambiae/Anopheles gambiae kisumu/iPhone4S/Raw/20160302 115120AgamF.m4a,iPhone4S,Anopheles gambiae|raw/Anopheles gambiae/Anopheles gambiae kisumu/iPhone4S/Raw,10,7,10,Anopheles gambiae,Anopheles gambiae,0.23176372
977f7b7a364fe8d2fc79bdca04ce3bbaa09648cf4f5fcfe0370b925faa38bccb,data/raw/Anopheles farauti/Anopheles farauti/iPhone6/Afar (3).m4a,iPhone6,Anopheles farauti|raw/Anopheles farauti/Anopheles farauti/iPhone6,8,48,15,Anopheles farauti,Anopheles stephensi,0.17648375
97c49988ef586a89777773d8c5e8a7a48982928839fdc6f9c49537974704e664,data/raw/Anopheles dirus/Anopheles dirus/Huawei866C/Recording19800215_026_F.wav,Huawei866C,Anopheles dirus|raw/Anopheles dirus/Anopheles dirus/Huawei866C,7,37,10,Anopheles dirus,Anopheles gambiae,0.16848679
97deaa784a840e5fc8254bbfa4e399f1c5db88017636977c0d62dadd3a4da47c,data/raw/Anopheles minimus/Anopheles minimus/Nokia6555B/Audio023 am swarm.wav,Nokia6555B,Anopheles minimus|raw/Anopheles minimus/Anopheles minimus/Nokia6555B,12,60,7,Anopheles minimus,Anopheles dirus,0.16176257
983331f507baf248338a4f61987ac16a9ab31a85f934830234806161bd99a033,data/raw/Anopheles farauti/Anopheles farauti/iPhone4S/20160303 142944AfarTube.wav,iPhone4S,Anopheles farauti|raw/Anopheles farauti/Anopheles farauti/iPhone4S,8,9,16,Anopheles farauti,Culex pipiens,0.7173133
984ee31980998ab976be565f9338c848aa2b26d3fa78dc1887eca92df2cace50,data/raw/Anopheles minimus/Anopheles minimus/Huawei866C/Recording19800216_007.wav,Huawei866C,Anopheles minimus|raw/Anopheles minimus/Anopheles minimus/Huawei866C,12,59,7,Anopheles minimus,Anopheles dirus,0.23344015
98d0bfe71e2ff223b451bf8b379086acbf5a7b8569c6f9970e0a288db7eae250,data/raw/Anopheles gambiae/Anopheles gambiae kisumu/Huawei866C/Recording19800215_010_MF.wav,Huawei866C,Anopheles gambiae|raw/Anopheles gambiae/Anopheles gambiae kisumu/Huawei866C,10,13,7,Anopheles gambiae,Anopheles dirus,0.2941167
9933dbfcc01248229f4b1480c8b76acd80f6dc59d87213fae483063b83a5112c,data/raw/Aedes sierrensis/Aedes sierrensis/CleanedData_SnippedToIsolateMosquitoSounds/CK10_Trail Xing 6_57.wav,unknown,Aedes sierrensis|field_ck,3,6,14,Aedes sierrensis,Anopheles quadrimaculatus,0.71081513
9960d1307d7a98842a3760950a445b4a405a93d49275e6dc9836d391a606b6c1,data/raw/Anopheles freeborni/Anopheles freeborni/iPhone6/Afree (1).m4a,iPhone6,Anopheles freeborni|raw/Anopheles freeborni/Anopheles freeborni/iPhone6,9,53,9,Anopheles freeborni,Anopheles freeborni,0.1605928
9971adc2cc981f11071191eea150684602fd5c217e0ad04edfdcfef3fb4a7035,data/raw/Anopheles freeborni/Anopheles freeborni/GoogleNexus/Rec_1980-02-16_12.51.15afree.wav,Nexus,Anopheles freeborni|raw/Anopheles freeborni/Anopheles freeborni/GoogleNexus,9,49,12,Anopheles freeborni,Anopheles minimus,0.17220773
9a1beee6635c1ea752fb7bbe1db6eee55f2c900fc4ed309ae57da770d79951c9,data/raw/Anopheles gambiae/Anopheles gambiae kisumu/GoogleNexus/ag5.wav,Nexus,Anopheles gambiae|raw/Anopheles gambiae/Anopheles gambiae kisumu/GoogleNexus,10,22,8,Anopheles gambiae,Anopheles farauti,0.1346938
9b3e821051966e7f5cc6ac0fc070c65a4bc79d84c5e0c948b852b840edfb396b,data/raw/Anopheles stephensi/Anopheles stephensi/GoogleNexus/asf1.wav,Nexus,Anopheles stephensi|raw/Anopheles stephensi/Anopheles stephensi/GoogleNexus,15,60,15,Anopheles stephensi,Anopheles stephensi,0.21576841
9b7683104890bdf9a5939924042cd81572109b0ada56fd2fbcfbd58006addb4c,data/raw/Anopheles albimanus/Anopheles albimanus/SamsungT209/Voice0047.wav,T209,Anopheles albimanus|raw/Anopheles albimanus/Anopheles albimanus/SamsungT209,4,60,6,Anopheles albimanus,Anopheles atroparvus,0.17068072
9b775b7f23f0f2e7b11f64199dd25b2460a95f85c83133db7f9d971e2c9c89d1,data/raw/Anopheles gambiae/Anopheles gambiae kisumu/GoogleNexus/agf.wav,Nexus,Anopheles gambiae|raw/Anopheles gambiae/Anopheles gambiae kisumu/GoogleNexus,10,6,16,Anopheles gambiae,Culex pipiens,0.21115355
9bc63a79fc617424cba082c0e086e639a5b4c4106e4f6014c7df5c65d591ff65,data/raw/Anopheles gambiae/Anopheles gambiae kisumu/Nokia5235/Sound clip 150 agmix.mp4,Nokia5235,Anopheles gambiae|raw/Anopheles gambiae/Anopheles gambiae kisumu/Nokia5235,10,50,17,Anopheles gambiae,Culex quinquefasciatus,0.2936453
9c738b51e994b20214dbd5fcd7295fe61b373301fe6ac4fee6906b338e735777,data/raw/Anopheles minimus/Anopheles minimus/iPhone4C/20160303 122127.wav,iPhone,Anopheles minimus|raw/Anopheles minimus/Anopheles minimus/iPhone4C,12,60,15,Anopheles minimus,Anopheles stephensi,0.15737827
9ce1aa5fb03a6410dc6f329920944cdc8c2ee46a288b112e01590cba6e5fc35e,data/raw/Anopheles arabiensis/Anopheles arabiensis rufisque/CDC_Xperia/11-18-2016-135704 rufisque f.wav,Xperia,Anopheles arabiensis|raw/Anopheles arabiensis/Anopheles arabiensis rufisque/CDC_Xperia,5,60,5,Anopheles arabiensis,Anopheles arabiensis,0.515775
9d1e2c105daff3f23741b34afb67bfde923c0d24ef6c0ca8456347d4ea95bb04,data/raw/Anopheles arabiensis/Anopheles arabiensis dongola/CDC_T209/Voice0156 dongolaf.wav,T209,Anopheles arabiensis|raw/Anopheles arabiensis/Anopheles arabiensis dongola/CDC_T209,5,60,0,Anopheles arabiensis,Aedes aegypti,0.27641162
9d7f572a2ec0f2bd5549b2c61d6c0992b1e974834d4612689732ea5624b76da8,data/raw/Aedes aegypti/Aedes aegypti/UCD_LA_T209/Aela1.wav,T209,Aedes aegypti|raw/Aedes aegypti/Aedes aegypti/UCD_LA_T209,0,60,2,Aedes aegypti,Aedes mediovittatus,0.41292554
9d9325153106a9d59cbe4667637f8f8204142054260e1495ee10f3445029f2ec,data/raw/Anopheles gambiae/Anopheles gambiae kisumu/SonyXperia/03-02-2016-113334 ag1mt.wav,Xperia,Anopheles gambiae|raw/Anopheles gambiae/Anopheles gambiae kisumu/SonyXperia,10,25,10,Anopheles gambiae,Anopheles gambiae,0.3846839
9dee2a7bdd5849abbe2245fdf130a44a800ab9e7b3b3134380d306a8cdea59e7,data/raw/Aedes sierrensis/Aedes sierrensis/CleanedData_SnippedToIsolateMosquitoSounds/WG7_8.wav,unknown,Aedes sierrensis|field_wg,3,1,14,Aedes sierrensis,Anopheles quadrimaculatus,0.84686446
9e1d89803405af0428fde4e8660a4227da66adb09a06673d584ed6182660751c,data/raw/Anopheles gambiae/Anopheles gambiae kisumu/iPhone4S/Raw/20160302 115227AgamF.m4a,iPhone4S,Anopheles gambiae|raw/Anopheles gambiae/Anopheles gambiae kisumu/iPhone4S/Raw,10,3,15,Anopheles gambiae,Anopheles stephensi,0.24956481
9e75575a5c9aa085fc4d6976f4a8fb48c36141957c874e6fdcdf7c75e39d474a,data/raw/Culiseta incidens/Culiseta incidens/Glen Park Black Mosquito Day 2 - Ds7 - Iphone5.wav,iPhone,Culiseta incidens|raw/Culiseta incidens/Culiseta incidens,19,60,19,Culiseta incidens,Culiseta incidens,0.85071343
9fb5480162a0e661f3bc8ff8b3e36083868060707fb1284b3be25aa5a6fe2c6b,data/raw/Culex quinquefasciatus/Culex quinquefasciatus/SanMateoVCD_Xperia/Cxq 1.wav,Xperia,Culex quinquefasciatus|raw/Culex quinquefasciatus/Culex quinquefasciatus/SanMateoVCD_Xperia,17,60,17,Culex quinquefasciatus,Culex quinquefasciatus,0.4208779
9fdb3ea1d807fb7aacdc5cb8c1a335845af9d53fedd78f9102176c6517cff355,data/raw/Anopheles dirus/Anopheles dirus/iPhone4S/20160302 154836AdM.wav,iPhone4S,Anopheles dirus|raw/Anopheles dirus/Anopheles dirus/iPhone4S,7,39,7,Anopheles dirus,Anopheles dirus,0.21197717
9fed0b1adfd5516aea7871e24fa74abd1673994f8a6018691f8033361b5fbe09,data/raw/Anopheles stephensi/Anopheles stephensi/SamsungT209/Voice0019.wav,T209,Anopheles stephensi|raw/Anopheles stephensi/Anopheles stephensi/SamsungT209,15,58,1,Anopheles stephensi,Aedes albopictus,0.21522996
a074b1311c4e9cbb37a75c6cd309e1d937c3feee606310b3d98a52bc104fd5a3,data/raw/Anopheles freeborni/Anopheles freeborni/GoogleNexus/af8.wav,Nexus,Anopheles freeborni|raw/Anopheles freeborni/Anopheles freeborni/GoogleNexus,9,30,15,Anopheles freeborni,Anopheles stephensi,0.18847542
a0787a969e07937605ee65dbc779ef1db53a85e465ba2335ea1464064da17f6c,data/raw/Anopheles farauti/Anopheles farauti/Nokia5235/Afar5.mp4,Nokia5235,Anopheles farauti|raw/Anopheles farauti/Anopheles farauti/Nokia5235,8,57,8,Anopheles farauti,Anopheles farauti,0.2302876
a090e68424358a47c8ca73401c3a0a54497ba4bc6463d12b89651fa34a8d3d30,data/raw/Anopheles gambiae/Anopheles gambiae kisumu/iPhone4S/Raw/20160302 115315AgamM.m4a,iPhone4S,Anopheles gambiae|raw/Anopheles gambiae/Anopheles gambiae kisumu/iPhone4S/Raw,10,9,15,Anopheles gambiae,Anopheles stephensi,0.39640084
a10e2b3b90b484d39f60c9ac9e8b193800ff4a1c173fc63dd924277948b498dc,data/raw/Aedes sierrensis/Aedes sierrensis/CleanedData_SnippedToIsolateMosquitoSounds/MB6_10.wav,unknown,Aedes sierrensis|field_mb,3,6,3,Aedes sierrensis,Aedes sierrensis,0.7911282
a122349ea0d01b5341af5795ee4542f223124852a6f2098f1920efac433d5187,data/raw/Anopheles stephensi/Anopheles stephensi/iPhone4S/20160302 172902.wav,iPhone4S,Anopheles stephensi|raw/Anopheles stephensi/Anopheles stephensi/iPhone4S,15,60,15,Anopheles stephensi,Anopheles stephensi,0.22749332
a15850f9936cb8e34ab88096dfae0e04495405d059e40ba4a5fcc429b4ad05e1,data/raw/Anopheles freeborni/Anopheles freeborni/GoogleNexus/Rec_1980-02-16_12.55.18afreeF.wav,Nexus,Anopheles freeborni|raw/Anopheles freeborni/Anopheles freeborni/GoogleNexus,9,47,9,Anopheles freeborni,Anopheles freeborni,0.17804095
a276c1c47e15782bb2d0ab853a700d6fef31363111d3ad1ecd6d1846a19fc6fb,data/raw/Anopheles minimus/Anopheles minimus/GoogleNexus/Rec_1980-02-16_13.51.21aminF.wav,Nexus,Anopheles minimus|raw/Anopheles minimus/Anopheles minimus/GoogleNexus,12,60,12,Anopheles minimus,Anopheles minimus,0.17519242
a3f26d8afbc1791508deb186d87272243023b9222b811db564329eeb58d2a3fd,data/raw/Aedes sierrensis/Aedes sierrensis/CleanedData_SnippedToIsolateMosquitoSounds/SK14_1936.wav,unknown,Aedes sierrensis|field_sk,3,1,3,Aedes sierrensis,Aedes sierrensis,0.9999551
a430eb4a13cc64d201cb162a5a2dcfa842334be6b4be03754aba9f42764f0158,data/raw/Anopheles gambiae/Anopheles gambiae kisumu/iPhone4S/20160302 115033AgamF.wav,iPhone4S,Anopheles gambiae|raw/Anopheles gambiae/Anopheles gambiae kisumu/iPhone4S,10,18,15,Anopheles gambiae,Anopheles stephensi,0.26419103
a473efefa847b8b23de52944adf00b8f157de83d166bdb32d3b34f8cb1e4bff2,data/raw/Anopheles freeborni/Anopheles freeborni/Nokia6555B/Audio018 afswarm.wav,Nokia6555B,Anopheles freeborni|raw/Anopheles freeborni/Anopheles freeborni/Nokia6555B,9,60,9,Anopheles freeborni,Anopheles freeborni,0.21146633
a49dcdab449a77ed73c6f62b94ae0dad15386023238341d3ad11db9b2e12d7ec,data/raw/Aedes albopictus/Aedes albopictus/CDC_Xperia/11-16-2016-125240 albopictus f.wav,Xperia,Aedes albopictus|raw/Aedes albopictus/Aedes albopictus/CDC_Xperia,1,60,1,Aedes albopictus,Aedes albopictus,0.48297113
a4e61a89192adc81a22dc6f8761b58d8b0a50c2fc7987601aca2ba5992da83de,data/raw/Culiseta incidens/Culiseta incidens/Big Black Mosquito Day 4_ Blood Fed_ Glenn Park Ds1.wav,unknown,Culiseta incidens|raw/Culiseta incidens/Culiseta incidens,19,60,19,Culiseta incidens,Culiseta incidens,0.481585
a69283d552c3b5d3028bddbac0c8e6e85f0479daaa64e13b8ece4306ceb473c8,data/raw/Aedes sierrensis/Aedes sierrensis/CleanedData_SnippedToIsolateMosquitoSounds/HP5_1923a.wav,unknown,Aedes sierrensis|field_hp,3,3,3,Aedes sierrensis,Aedes sierrensis,0.9999178
a6d022b96319aff2146829a8645e2bd2c866304c2f36cfe48cb20748903223c0,data/raw/Anopheles gambiae/Anopheles gambiae kisumu/GoogleNexus/ag4.wav,Nexus,Anopheles gambiae|raw/Anopheles gambiae/Anopheles gambiae kisumu/GoogleNexus,10,4,9,Anopheles gambiae,Anopheles freeborni,0.19354491
a6f9678c1b934e8cf229fa8da74188eb4c2e35538c1c351dae1f3d880948594d,data/raw/Anopheles gambiae/Anopheles gambiae kisumu/Huawei866C/Recording19800215_007_F.wav,Huawei866C,Anopheles gambiae|raw/Anopheles gambiae/Anopheles gambiae kisumu/Huawei866C,10,10,10,Anopheles gambiae,Anopheles gambiae,0.33514842
a80b54eb0a4d0019e7ecb80fde910d8dd6476f6c8672165e602e383a34529622,data/raw/Anopheles merus/Anopheles merus/Voice0151 maff.wav,unknown,Anopheles merus|raw/Anopheles merus/Anopheles merus,11,60,11,Anopheles merus,Anopheles merus,0.7327055
a8a365c583f0acf80d2ea162688eaf96f2ca2d37c8dfde763d20f1552136dc52,data/raw/Culiseta incidens/Culiseta incidens/Big Black Mosquito Glen Park Day 4_ Blood Fed_ Ds2.wav,unknown,Culiseta incidens|raw/Culiseta incidens/Culiseta incidens,19,60,19,Culiseta incidens,Culiseta incidens,0.5621899
a8a4fedde6fc0fd9120aa754287ba2e6e2facaf7a632782184d1a1797b26890a,data/raw/Anopheles dirus/Anopheles dirus/iPhone6/Adf (3).m4a,iPhone6,Anopheles dirus|raw/Anopheles dirus/Anopheles dirus/iPhone6,7,32,7,Anopheles dirus,Anopheles dirus,0.18850937
a8e174f2c6968a35c578a832ae8c2e18f037e4c8ad11a5cd97186809409c388f,data/raw/Anopheles farauti/Anopheles farauti/Huawei866C/Recording19800216_014.wav,Huawei866C,Anopheles farauti|raw/Anopheles farauti/Anopheles farauti/Huawei866C,8,26,7,Anopheles farauti,Anopheles dirus,0.22126785
a8e787e0145553a4dd1d651f7518f70101ce823b1bf0ea24533f5baa27451652,data/raw/Anopheles freeborni/Anopheles freeborni/SonyXperia/03-03-2016-110345 af .wav,Xperia,Anopheles freeborni|raw/Anopheles freeborni/Anopheles freeborni/SonyXperia,9,59,13,Anopheles freeborni,Anopheles quadriannulatus,0.31634977
a8f57a0be2cf50f6c02acce5992a8d9737d98acc24962c742a3d00f74c3ef60b,data/raw/Anopheles stephensi/Anopheles stephensi/GoogleNexus/as6.wav,Nexus,Anopheles stephensi|raw/Anopheles stephensi/Anopheles stephensi/GoogleNexus,15,35,12,Anopheles stephensi,Anopheles minimus,0.22950469
a972c3790e78c3d0b42155c7e9f36ad3358591fdf37a13398becd768404cd57b,data/raw/Anopheles dirus/Anopheles dirus/iPhone6/Adm (1).m4a,iPhone6,Anopheles dirus|raw/Anopheles dirus/Anopheles dirus/iPhone6,7,31,4,Anopheles dirus,Anopheles albimanus,0.3079834
a992f4ec751bc03ee268aaa1252e320875ead552cf021c6341426d620f09b970,data/raw/Anopheles dirus/Anopheles dirus/SonyXperia/03-02-2016-163059 adirus mix .wav,Xperia,Anopheles dirus|raw/Anopheles dirus/Anopheles dirus/SonyXperia,7,60,12,Anopheles dirus,Anopheles minimus,0.30573514
a9bbbaa777703b8925443a5e1a254206ae2fd4e2dcc1e3fdd490aa8a8100a201,data/raw/Anopheles gambiae/Anopheles gambiae akron/CDC_T209/Voice0150 akron.wav,T209,Anopheles gambiae|raw/Anopheles gambiae/Anopheles gambiae akron/CDC_T209,10,60,1,Anopheles gambiae,Aedes albopictus,0.34069532
a9edc37290f68164b6ff9f9f010ae13d39c8ac9b2cac52daf35d318388d015a6,data/raw/Anopheles stephensi/Anopheles stephensi/SonyXperia/03-02-2016-172557 asmix bugdorm .wav,Xperia,Anopheles stephensi|raw/Anopheles stephensi/Anopheles stephensi/SonyXperia,15,37,17,Anopheles stephensi,Culex quinquefasciatus,0.21595219
aa609719cddf9d6c9fddcae62d7a7391d756fdaa5b18c0a4619f005fd4884c53,data/raw/Aedes sierrensis/Aedes sierrensis/CleanedData_SnippedToIsolateMosquitoSounds/SK10_1916.wav,unknown,Aedes sierrensis|field_sk,3,5,3,Aedes sierrensis,Aedes sierrensis,0.5352899
aa81d174cfed2f04505c01781005c02e60302d65296355c86d1a33e07e9da3c7,data/raw/Culiseta incidens/Culiseta incidens/Big Black Mosquito Glen Park - March 2016 - DS4.wav,unknown,Culiseta incidens|raw/Culiseta incidens/Culiseta incidens,19,10,19,Culiseta incidens,Culiseta incidens,0.7299017
aaa9dfb0aecd2e0c9069fc46b6f4b914fcb25efbb8afe3b277aa3d0e5d10f29b,data/raw/Anopheles quadriannulatus/Anopheles quadriannulatus/CDC_T209/Voice0171 sanqua.wav,T209,Anopheles quadriannulatus|raw/Anopheles quadriannulatus/Anopheles quadriannulatus/CDC_T209,13,60,6,Anopheles quadriannulatus,Anopheles atroparvus,0.28716913
ab3ddf927edc452484e5ea0c399a142a997ab971e16c60ee15336c01829138ad,data/raw/Anopheles gambiae/Anopheles gambiae kisumu/SamsungT209/Voice0012.wav,T209,Anopheles gambiae|raw/Anopheles gambiae/Anopheles gambiae kisumu/SamsungT209,10,60,13,Anopheles gambiae,Anopheles quadriannulatus,0.24901828
ab4dd03a1fdbf65e3667b5f9ddd065f3310f4189723becf92c84ac56a2804b0a,data/raw/Aedes sierrensis/Aedes sierrensis/CleanedData_SnippedToIsolateMosquitoSounds/DK11_1856.wav,unknown,Aedes sierrensis|field_dk,3,2,3,Aedes sierrensis,Aedes sierrensis,0.43421656
ab9f07005ca066f8484c23bb82968f3f92fbd876596eb186226c20b05636e2bc,data/raw/Aedes aegypti/Aedes aegypti/CDC_T209/Voice0133.wav,T209,Aedes aegypti|raw/Aedes aegypti/Aedes aegypti/CDC_T209,0,60,0,Aedes aegypti,Aedes aegypti,0.4334084
abad0f99c77a2d7cc63a3c072f0720825613c809c58d5794089bd14c1c5a0159,data/raw/Anopheles minimus/Anopheles minimus/SonyXperia/03-03-2016-123658 amf.wav,Xperia,Anopheles minimus|raw/Anopheles minimus/Anopheles minimus/SonyXperia,12,60,17,Anopheles minimus,Culex quinquefasciatus,0.21297334
ac3b3013d4a13dbd2f7c0dbade77c93e3bfaf268f236cce800c457e1763b04f1,data/raw/Culex pipiens/Culex pipiens/SanMateoVCD_iPhone4S/P3.wav,iPhone4S,Culex pipiens|raw/Culex pipiens/Culex pipiens/SanMateoVCD_iPhone4S,16,60,16,Culex pipiens,Culex pipiens,0.33669376
ac4352668d7ec1eb0c98a8459b0edbce6534044269c0f2068ae70690addc2825,data/raw/Anopheles albimanus/Anopheles albimanus/iPhone6/Aalbm.m4a,iPhone6,Anopheles albimanus|raw/Anopheles albimanus/Anopheles albimanus/iPhone6,4,49,7,Anopheles albimanus,Anopheles dirus,0.24919656
ac9498b89132ff928fb0fcd5807a2be67fcb6caad5251d91ea7a63d2b17762ff,data/raw/Anopheles quadrimaculatus/Anopheles quadrimaculatus/Auburn_T209/Voice0127.wav,T209,Anopheles quadrimaculatus|raw/Anopheles quadrimaculatus/Anopheles quadrimaculatus/Auburn_T209,14,60,14,Anopheles quadrimaculatus,Anopheles quadrimaculatus,0.8386732
ad05d88a19b370a7638dd904c0770a0bd10c4e0801b487ec0f43eb41dc9a2652,data/raw/Anopheles gambiae/Anopheles gambiae kisumu/Nokia6555B/Audio000.wav,Nokia6555B,Anopheles gambiae|raw/Anopheles gambiae/Anopheles gambiae kisumu/Nokia6555B,10,10,1,Anopheles gambiae,Aedes albopictus,0.35049483
ad90b6311aa56ae2763d7edd83072d3c758c9b9f8e1bc80e839831b49b7f72a2,data/raw/Anopheles stephensi/Anopheles stephensi/GoogleNexus/asswarm1.wav,Nexus,Anopheles stephensi|raw/Anopheles stephensi/Anopheles stephensi/GoogleNexus,15,18,15,Anopheles stephensi,Anopheles stephensi,0.29352325
ad98e9dd136bc805c0758bc7801873828b9d019a92d4fe178be13d293e7e859f,data/raw/Anopheles dirus/Anopheles dirus/iPhone6/Adm (3).m4a,iPhone6,Anopheles dirus|raw/Anopheles dirus/Anopheles dirus/iPhone6,7,28,7,Anopheles dirus,Anopheles dirus,0.22748907
ae5883283eeb4a14ae5b0c76c31d3e8585ca8e8a236d31922aa18ae408f5ebea,data/raw/Anopheles gambiae/Anopheles gambiae kisumu/iPhone4S/Raw/20160302 114505AgamF.m4a,iPhone4S,Anopheles gambiae|raw/Anopheles gambiae/Anopheles gambiae kisumu/iPhone4S/Raw,10,9,15,Anopheles gambiae,Anopheles stephensi,0.25447455
af19eaac10b7c215f8ae16c00222a142fb235385dc819382e75d77dfe2da068a,data/raw/Aedes aegypti/Aedes aegypti/CDC_T209/Voice0134.wav,T209,Aedes aegypti|raw/Aedes aegypti/Aedes aegypti/CDC_T209,0,60,0,Aedes aegypti,Aedes aegypti,0.3060545
af44d93579ec398f802fb9ee70e49f563d3dd9f53bee14da9ff5aab70c2ed1fb,data/raw/Anopheles dirus/Anopheles dirus/Nokia5235/Adm2.mp4,Nokia5235,Anopheles dirus|raw/Anopheles dirus/Anopheles dirus/Nokia5235,7,60,4,Anopheles dirus,Anopheles albimanus,0.13634396
b04e6a36c9b04ffd753055e52e0e6a68bb98aff71a2ca6a2adc712f642fe2acc,data/raw/Anopheles stephensi/Anopheles stephensi/SamsungT209/Voice0021.wav,T209,Anopheles stephensi|raw/Anopheles stephensi/Anopheles stephensi/SamsungT209,15,60,0,Anopheles stephensi,Aedes aegypti,0.26013273
b080b37e9b882a87de20742c588804ef85a815f3d755ab696299ff663e91d3cd,data/raw/Aedes sierrensis/Aedes sierrensis/CleanedData_SnippedToIsolateMosquitoSounds/HP3_1923c.wav,unknown,Aedes sierrensis|field_hp,3,4,3,Aedes sierrensis,Aedes sierrensis,0.5001067
b129d135de1f8ed8edf6f5905705cfa55d89151a101f8aa4fc8c7e6f257a40db,data/raw/Culex tarsalis/Culex tarsalis/PrakashLab_T209/Voice0068.wav,T209,Culex tarsalis|raw/Culex tarsalis/Culex tarsalis/PrakashLab_T209,18,60,18,Culex tarsalis,Culex tarsalis,0.46979466
b18efdd6cff8471a4ea4e398a54b8e9927406a8697ffbeac8b5146647d722e2b,data/raw/Aedes sierrensis/Aedes sierrensis/CleanedData_SnippedToIsolateMosquitoSounds/WG2_2.wav,unknown,Aedes sierrensis|field_wg,3,1,3,Aedes sierrensis,Aedes sierrensis,0.86199605
b1b701cc46a6efd8e92c0b366d18d5b051878aa283777098169a4fd6021e0438,data/raw/Aedes sierrensis/Aedes sierrensis/CleanedData_SnippedToIsolateMosquitoSounds/Argo1_sp2_1.wav,unknown,Aedes sierrensis|field_argo,3,3,3,Aedes sierrensis,Aedes sierrensis,0.87867373
b1fd81e769afb89d17515794f6cae42a19190b3a97fec5853d191d447a9b0684,data/raw/Anopheles farauti/Anopheles farauti/GoogleNexus/Rec_1980-02-16_15.57.33afarm.wav,Nexus,Anopheles farauti|raw/Anopheles farauti/Anopheles farauti/GoogleNexus,8,30,15,Anopheles farauti,Anopheles stephensi,0.21633618
b2413453a8c97b9103ff079dab219288e3d99b629bf8e99049f1ee8550bf5b80,data/raw/Aedes sierrensis/Aedes sierrensis/CleanedData_SnippedToIsolateMosquitoSounds/WG5_6.wav,unknown,Aedes sierrensis|field_wg,3,4,3,Aedes sierrensis,Aedes sierrensis,0.5642655
b263a8a09ee225d907c6079977b6a6973d621c781173a886ba73618d003cb2a7,data/raw/Anopheles gambiae/Anopheles gambiae kisumu/GoogleNexus/ag2.wav,Nexus,Anopheles gambiae|raw/Anopheles gambiae/Anopheles gambiae kisumu/GoogleNexus,10,6,15,Anopheles gambiae,Anopheles stephensi,0.23202275
b360b0e742262db510cfa4ed609ad04a12b1c28283e33d720906135a285359fa,data/raw/Culiseta incidens/Culiseta incidens/Big Black Mosquito Glenn Park - Recorded Outdoors - March 2016 - DS5.wav,unknown,Culiseta incidens|raw/Culiseta incidens/Culiseta incidens,19,26,19,Culiseta incidens,Culiseta incidens,0.3686124
b38fd3dafa7d581f59552acb67ba7d7b88dd8fc05fb0c85b9a97b583efd3d5ae,data/raw/Anopheles stephensi/Anopheles stephensi/SonyXperia/03-02-2016-173822 as swarm .wav,Xperia,Anopheles stephensi|raw/Anopheles stephensi/Anopheles stephensi/SonyXperia,15,60,15,Anopheles stephensi,Anopheles stephensi,0.26233062
b449f1ba9fe3a902c2d0d5ee203c2b2434bf790f779d008ea308afda16449f01,data/raw/Aedes aegypti/Aedes aegypti/CDC_Nexus/10130f.wav,Nexus,Aedes aegypti|raw/Aedes aegypti/Aedes aegypti/CDC_Nexus,0,60,15,Aedes aegypti,Anopheles stephensi,0.19328502
b5587058890e365f7dbfaf2db74381a131959bc35c12df146879a4f2e02c6f01,data/raw/Anopheles stephensi/Anopheles stephensi/GoogleNexus/as1.wav,Nexus,Anopheles stephensi|raw/Anopheles stephensi/Anopheles stephensi/GoogleNexus,15,39,16,Anopheles stephensi,Culex pipiens,0.16751656
b5c5947e7e7f165584b493d3d869c9a8caecb6545eb71bcc2f523073d04784e4,data/raw/Anopheles albimanus/Anopheles albimanus/Nokia5235/Sound clip 193 aalbm.mp4,Nokia5235,Anopheles albimanus|raw/Anopheles albimanus/Anopheles albimanus/Nokia5235,4,60,4,Anopheles albimanus,Anopheles albimanus,0.24824372
b663b34a4df195c176cccd711d155802cbbf6fcc1c27e867213cdae304d7a143,data/raw/Anopheles gambiae/Anopheles gambiae kisumu/iPhone4S/Raw/20160302 115438.m4a,iPhone4S,Anopheles gambiae|raw/Anopheles gambiae/Anopheles gambiae kisumu/iPhone4S/Raw,10,17,16,Anopheles gambiae,Culex pipiens,0.2321827
b68479a06772f6a44b19220e9cdd8e05e1d9bd3f3a71d5ec5d55a218df9852df,data/raw/Anopheles stephensi/Anopheles stephensi/SonyXperia/03-02-2016-172812 asmix bugdorm .wav,Xperia,Anopheles stephensi|raw/Anopheles stephensi/Anopheles stephensi/SonyXperia,15,60,8,Anopheles stephensi,Anopheles farauti,0.21013449
b6941e4abc57ca8c6b94354d8111a236fbc961d1553bb11fb07a82436f9c906d,data/raw/Anopheles stephensi/Anopheles stephensi/GoogleNexus/as4.wav,Nexus,Anopheles stephensi|raw/Anopheles stephensi/Anopheles stephensi/GoogleNexus,15,45,15,Anopheles stephensi,Anopheles stephensi,0.18494947
b752a1c74cea60dc5a785d675ae0ecd0e82e7204dd48fbce2495777db3796a71,data/raw/Anopheles dirus/Anopheles dirus/iPhone4S/20160302 154733AdM.wav,iPhone4S,Anopheles dirus|raw/Anopheles dirus/Anopheles dirus/iPhone4S,7,40,7,Anopheles dirus,Anopheles dirus,0.19718672
b7cb4e092f2539e99aeb47fb2da162f67260bd92516b5529a16ec8bcea4669a3,data/raw/Aedes sierrensis/Aedes sierrensis/CleanedData_SnippedToIsolateMosquitoSounds/CK5_East ridge 2 Not In Bag 6_34.wav,unknown,Aedes sierrensis|field_ck,3,3,3,Aedes sierrensis,Aedes sierrensis,0.59272766
b8a506fb8c6a4e2329453e3f0aa588cb7f99216665628b6de37c5443e5249320,data/raw/Anopheles farauti/Anopheles farauti/SamsungT209/Voice0042.wav,T209,Anopheles farauti|raw/Anopheles farauti/Anopheles farauti/SamsungT209,8,60,13,Anopheles farauti,Anopheles quadriannulatus,0.16609879
b8dab5838f690b8629f95e5c87cc363ebfa18c6c9649475052697192d380b3bf,data/raw/Anopheles farauti/Anopheles farauti/SonyXperia/03-03-2016-153600AfarF.wav,Xperia,Anopheles farauti|raw/Anopheles farauti/Anopheles farauti/SonyXperia,8,60,15,Anopheles farauti,Anopheles stephensi,0.18079667
b8ee49a45e0d6780fb90044bb0474d518f07d5812c196ce690f2716062c45785,data/raw/Anopheles arabiensis/Anopheles arabiensis rufisque/CDC_T209/Voice0172 rufisque.wav,T209,Anopheles arabiensis|raw/Anopheles arabiensis/Anopheles arabiensis rufisque/CDC_T209,5,60,11,Anopheles arabiensis,Anopheles merus,0.4467166
b8faefef071b7480e4380af67f9d6e5020c53951da6a6411e5d9184f9de9be11,data/raw/Anopheles stephensi/Anopheles stephensi/iPhone4S/20160302 171604AsteF.wav,iPhone4S,Anopheles stephensi|raw/Anopheles stephensi/Anopheles stephensi/iPhone4S,15,37,15,Anopheles stephensi,Anopheles stephensi,0.20436837
b95d6cb877dafb44f9dd0835d0bfc30da655d1a7a3c4503a34a9ba093f6d0a0c,data/raw/Aedes aegypti/Aedes aegypti/UCD_LA_T209/Aela4.wav,T209,Aedes aegypti|raw/Aedes aegypti/Aedes aegypti/UCD_LA_T209,0,60,2,Aedes aegypti,Aedes mediovittatus,0.5106743
b9d3e0825ef11bfcb3b05728d4cb99070fdb4a466a8744b8d5860e57a32e59cf,data/raw/Aedes aegypti/Aedes aegypti/CDC_Xperia/11-16-2016-111839 10130f.wav,Xperia,Aedes aegypti|raw/Aedes aegypti/Aedes aegypti/CDC_Xperia,0,60,5,Aedes aegypti,Anopheles arabiensis,0.30008304
ba0ee3525dfec6a86f33d8eb44595d1ea22cad4f684020161224b13a2eaf5f9c,data/raw/Anopheles dirus/Anopheles dirus/SamsungT209/Voice0013.wav,T209,Anopheles dirus|raw/Anopheles dirus/Anopheles dirus/SamsungT209,7,60,0,Anopheles dirus,Aedes aegypti,0.17625326
ba14b9fe82f98710834f25e214b396fc88ddf6246d0c6a0e8f09874ad24907bb,data/raw/Culex pipiens/Culex pipiens/SanMateoVCD_iPhone4S/P2.wav,iPhone4S,Culex pipiens|raw/Culex pipiens/Culex pipiens/SanMateoVCD_iPhone4S,16,44,16,Culex pipiens,Culex pipiens,0.35657647
ba32a0dc63c5a7d576a746c99d26a21a191f5169a96827199c73d00066c9357b,data/raw/Anopheles freeborni/Anopheles freeborni/Nokia6555B/Audio016 af f long.wav,Nokia6555B,Anopheles freeborni|raw/Anopheles freeborni/Anopheles freeborni/Nokia6555B,9,52,9,Anopheles freeborni,Anopheles freeborni,0.25646073
bc30ab7ff6b9b8dc7964f445e01ade74d0bc3ad25015e6688c390602cd2938a1,data/raw/Anopheles freeborni/Anopheles freeborni/iPhone6/AfreeM.m4a,iPhone6,Anopheles freeborni|raw/Anopheles freeborni/Anopheles freeborni/iPhone6,9,31,7,Anopheles freeborni,Anopheles dirus,0.22172536
be1af120c91cb1db552626126e0056a91b30537e34e856bd24387b935422b323,data/raw/Culex tarsalis/Culex tarsalis/PrakashLab_iPhone4S/CxT F (6).wav,iPhone4S,Culex tarsalis|raw/Culex tarsalis/Culex tarsalis/PrakashLab_iPhone4S,18,60,18,Culex tarsalis,Culex tarsalis,0.5753648
be9b1bb305c0b05c98979fd686014561fcd8070f998426ad80ae391a03e04e5b,data/raw/Culex pipiens/Culex pipiens/SanMateoVCD_Xperia/Cxp 2.wav,Xperia,Culex pipiens|raw/Culex pipiens/Culex pipiens/SanMateoVCD_Xperia,16,60,16,Culex pipiens,Culex pipiens,0.41326252
bed7ecf982a50b27c154a9626171361ba5076d85150bbd6107c6275e2d36e366,data/raw/Anopheles minimus/Anopheles minimus/GoogleNexus/Rec_1980-02-16_13.49.10amin.wav,Nexus,Anopheles minimus|raw/Anopheles minimus/Anopheles minimus/GoogleNexus,12,40,12,Anopheles minimus,Anopheles minimus,0.2022439
bf037764179011a373127551cb6d98611871ffbebba252cb825220485434c941,data/raw/Anopheles dirus/Anopheles dirus/iPhone4S/20160302 154415AdF.wav,iPhone4S,Anopheles dirus|raw/Anopheles dirus/Anopheles dirus/iPhone4S,7,29,4,Anopheles dirus,Anopheles albimanus,0.2967474
bf314d354aff61746de6628f3709a856e0bd14ae91f63d75198253f7d3e9733e,data/raw/Anopheles stephensi/Anopheles stephensi/iPhone6/As (2).wav,iPhone6,Anopheles stephensi|raw/Anopheles stephensi/Anopheles stephensi/iPhone6,15,40,15,Anopheles stephensi,Anopheles stephensi,0.17851493
bf8e25220f5f9917ec836840f93ec8c1409227b1bd239079263bff80ea61dc47,data/raw/Anopheles stephensi/Anopheles stephensi/iPhone6/As (3).wav,iPhone6,Anopheles stephensi|raw/Anopheles stephensi/Anopheles stephensi/iPhone6,15,30,15,Anopheles stephensi,Anopheles stephensi,0.17294464
c0af1372cab6a7bfb4207d0af64550814d467fefaa70ab7219e25f4bd4a4c35d,data/raw/Anopheles minimus/Anopheles minimus/SonyXperia/03-03-2016-123102 amm.wav,Xperia,Anopheles minimus|raw/Anopheles minimus/Anopheles minimus/SonyXperia,12,60,4,Anopheles minimus,Anopheles albimanus,0.123444125
c1adbf92d8093a9039da55d5df0adc1165eb9f3538772727b1bd5c1b5e63daea,data/raw/Anopheles gambiae/Anopheles gambiae kisumu/SonyXperia/03-02-2016-115917 ag1ft .wav,Xperia,Anopheles gambiae|raw/Anopheles gambiae/Anopheles gambiae kisumu/SonyXperia,10,25,16,Anopheles gambiae,Culex pipiens,0.1703858
c41214fd42c3a7787015e9c874248f3b8d4e9840b62ba620b81e159e79137c19,data/raw/Anopheles minimus/Anopheles minimus/Nokia5235/Amin5.wav,Nokia5235,Anopheles minimus|raw/Anopheles minimus/Anopheles minimus/Nokia5235,12,60,12,Anopheles minimus,Anopheles minimus,0.34003252
c4366b2755f7ef5d793d312460fc9a16ab22131f2079596c26b9c4d8f7857125,data/raw/Anopheles albimanus/Anopheles albimanus/GoogleNexus/Rec_1980-02-16_17.39.29aalb.wav,Nexus,Anopheles albimanus|raw/Anopheles albimanus/Anopheles albimanus/GoogleNexus,4,60,9,Anopheles albimanus,Anopheles freeborni,0.21779805
c46b80698e92a94877e78445b45dcf08d7f83254ffe5c1ba752cb46e91a079da,data/raw/Aedes aegypti/Aedes aegypti/UCD_LA_T209/Aela5.wav,T209,Aedes aegypti|raw/Aedes aegypti/Aedes aegypti/UCD_LA_T209,0,60,2,Aedes aegypti,Aedes mediovittatus,0.6192621
c484deedbcdd17bca325a918d118aa07ace675eaa686d090a49ccf524d46d024,data/raw/Anopheles farauti/Anopheles farauti/iPhone4S/20160303 143729.wav,iPhone4S,Anopheles farauti|raw/Anopheles farauti/Anopheles farauti/iPhone4S,8,49,8,Anopheles farauti,Anopheles farauti,0.2239844
c4bd66c43a212496ef9ab2c916b82f7f92fe8c3950f28e9bf52a228fa1c120cc,data/raw/Anopheles minimus/Anopheles minimus/GoogleNexus/Rec_1980-02-16_13.50.19aminM.wav,Nexus,Anopheles minimus|raw/Anopheles minimus/Anopheles minimus/GoogleNexus,12,37,12,Anopheles minimus,Anopheles minimus,0.26788917
c51138da6f8e13fe80d559969da6060469ef71c06200fe0c1a8675030148089f,data/raw/Culex quinquefasciatus/Culex quinquefasciatus/SanMateoVCD_iPhone4S/Q1.wav,iPhone4S,Culex quinquefasciatus|raw/Culex quinquefasciatus/Culex quinquefasciatus/SanMateoVCD_iPhone4S,17,21,17,Culex quinquefasciatus,Culex quinquefasciatus,0.52786154
c6e1137c6af440923be81a3e751082971d2740c238b2cefe658858aede1d6638,data/raw/Anopheles farauti/Anopheles farauti/iPhone4S/20160303 143541.wav,iPhone4S,Anopheles farauti|raw/Anopheles farauti/Anopheles farauti/iPhone4S,8,35,8,Anopheles farauti,Anopheles farauti,0.17815302
c745954cc9c49d04f884f4bd1960ed7c826a0fea2ff462c8c579b447cc76a65e,data/raw/Anopheles gambiae/Anopheles gambiae kisumu/SonyXperia/03-02-2016-113928 ag1ft.wav,Xperia,Anopheles gambiae|raw/Anopheles gambiae/Anopheles gambiae kisumu/SonyXperia,10,19,10,Anopheles gambiae,Anopheles gambiae,0.12744175
c7773bd9baf75d6ae21644879f31bcca4ae79afbc3e5fed4da842389df12255b,data/raw/Culex tarsalis/Culex tarsalis/PrakashLab_T209/Voice0066.wav,T209,Culex tarsalis|raw/Culex tarsalis/Culex tarsalis/PrakashLab_T209,18,60,18,Culex tarsalis,Culex tarsalis,0.6524782
c78d14c71f8ad7a72266216f61b6fac86b7225a8ca4cff14e3f82e4a41d8b4d4,data/raw/Anopheles albimanus/Anopheles albimanus/GoogleNexus/Rec_1980-02-16_17.40.56aalb.wav,Nexus,Anopheles albimanus|raw/Anopheles albimanus/Anopheles albimanus/GoogleNexus,4,49,4,Anopheles albimanus,Anopheles albimanus,0.20915017
c82cf829d03c1e6729555bd9ebe2e8babf1b6c591905fd02ffa09a986985ac19,data/raw/Anopheles dirus/Anopheles dirus/iPhone6/Adf (2).m4a,iPhone6,Anopheles dirus|raw/Anopheles dirus/Anopheles dirus/iPhone6,7,25,9,Anopheles dirus,Anopheles freeborni,0.15756285
c87f2c766d5759a2b50875befe3db33a617e9ec09fe27de124efd1cae358bb89,data/raw/Anopheles freeborni/Anopheles freeborni/Huawei866C/Recording19800216_001.wav,Huawei866C,Anopheles freeborni|raw/Anopheles freeborni/Anopheles freeborni/Huawei866C,9,28,7,Anopheles freeborni,Anopheles dirus,0.21347491
ca0670d6c7b3fd63fbbb67cefdbe1c96b9938016ad7d5b0c13b3b7f2c17f49b7,data/raw/Culex tarsalis/Culex tarsalis/PrakashLab_iPhone4S/CxT F (1).wav,iPhone4S,Culex tarsalis|raw/Culex tarsalis/Culex tarsalis/PrakashLab_iPhone4S,18,18,18,Culex tarsalis,Culex tarsalis,0.7506732
ca0ebe42eec9923cb49afb97dd636455023fff3b7c1619bf79e26fbeccb61070,data/raw/Anopheles gambiae/Anopheles gambiae akron/CDC_Nexus/akronf.wav,Nexus,Anopheles gambiae|raw/Anopheles gambiae/Anopheles gambiae akron/CDC_Nexus,10,60,15,Anopheles gambiae,Anopheles stephensi,0.22289024
cb5f8f561a151294331318ea602d01c52571f89f2fd84583657f46ea15ed1be4,data/raw/Anopheles gambiae/Anopheles gambiae kisumu/GoogleNexus/agf1.wav,Nexus,Anopheles gambiae|raw/Anopheles gambiae/Anopheles gambiae kisumu/GoogleNexus,10,7,9,Anopheles gambiae,Anopheles freeborni,0.15428095
cd7aacc5363a271a75194255e97d19c466aff9dd3d8dac87ec61c8fec36b1c17,data/raw/Anopheles gambiae/Anopheles gambiae kisumu/Nokia6555B/Audio001.wav,Nokia6555B,Anopheles gambiae|raw/Anopheles gambiae/Anopheles gambiae kisumu/Nokia6555B,10,27,0,Anopheles gambiae,Aedes aegypti,0.2675902
cd9638443c3de2a54a4189305081ca4216813b0b96b3c4c7fa330670caf41d25,data/raw/Anopheles freeborni/Anopheles freeborni/Nokia6555B/Audio017 afm.wav,Nokia6555B,Anopheles freeborni|raw/Anopheles freeborni/Anopheles freeborni/Nokia6555B,9,60,4,Anopheles freeborni,Anopheles albimanus,0.2169158
ce04eb93683128be7c13f67d0b47eacf2f9ef3c900f2d07b573a21ff2e205060,data/raw/Anopheles minimus/Anopheles minimus/GoogleNexus/am6.wav,Nexus,Anopheles minimus|raw/Anopheles minimus/Anopheles minimus/GoogleNexus,12,22,17,Anopheles minimus,Culex quinquefasciatus,0.17853585
cebe6a8b0bac7fa05e6acccf0376cdfbda7b334c36ad6d1ebe877e0e918dbae3,data/raw/Anopheles stephensi/Anopheles stephensi/Nokia5235/As1.wav,Nokia5235,Anopheles stephensi|raw/Anopheles stephensi/Anopheles stephensi/Nokia5235,15,28,8,Anopheles stephensi,Anopheles farauti,0.22127578
d0ac19605175a8450f917d0808b79b6b50ddbc2b5b19ce8ea8ea4c954c3ccfa4,data/raw/Anopheles gambiae/Anopheles gambiae akron/CDC_Xperia/11-17-2016-150332 akron .wav,Xperia,Anopheles gambiae|raw/Anopheles gambiae/Anopheles gambiae akron/CDC_Xperia,10,60,3,Anopheles gambiae,Aedes sierrensis,0.25668016
d0b12f66f78c449f407842d187044d78fbcf5676305a03b3d06e39012dcbb29c,data/raw/Anopheles dirus/Anopheles dirus/iPhone4S/20160302 154516AdF.wav,iPhone4S,Anopheles dirus|raw/Anopheles dirus/Anopheles dirus/iPhone4S,7,25,9,Anopheles dirus,Anopheles freeborni,0.17783585
d17c39b26fb572350c7b4c8cfb1d0689a4c7b03edfbacab9515b99505bc4a0b6,data/raw/Anopheles stephensi/Anopheles stephensi/Nokia5235/As4.wav,Nokia5235,Anopheles stephensi|raw/Anopheles stephensi/Anopheles stephensi/Nokia5235,15,60,9,Anopheles stephensi,Anopheles freeborni,0.170253
d19b50ed94deda04134b6d49883aeff115636925dc433eb235f9d3c394aa571b,data/raw/Anopheles farauti/Anopheles farauti/SamsungT209/Voice0039.wav,T209,Anopheles farauti|raw/Anopheles farauti/Anopheles farauti/SamsungT209,8,60,0,Anopheles farauti,Aedes aegypti,0.16865359
d24d143ef2fb19dc11d7063edb9897be7638e0fb3f444fe8fdc0421f68e6e985,data/raw/Culex tarsalis/Culex tarsalis/PrakashLab_T209/Voice0069.wav,T209,Culex tarsalis|raw/Culex tarsalis/Culex tarsalis/PrakashLab_T209,18,32,0,Culex tarsalis,Aedes aegypti,0.2989651
d32886b607b8c5d65622bfb66154c23ab077e5db33e1a4b77e960791fcd0c69f,data/raw/Culiseta incidens/Culiseta incidens/Glenn park black mosquito - day 2 - da5 - iphone5.wav,iPhone,Culiseta incidens|raw/Culiseta incidens/Culiseta incidens,19,60,19,Culiseta incidens,Culiseta incidens,0.7234195
d32ffa74e57570708bb176761b24a119df08519e5bb70853859de4bd8bac7237,data/raw/Anopheles dirus/Anopheles dirus/GoogleNexus/Rec_1980-02-15_16.47.04 adirus.wav,Nexus,Anopheles dirus|raw/Anopheles dirus/Anopheles dirus/GoogleNexus,7,48,12,Anopheles dirus,Anopheles minimus,0.25162467
d3f79c88e15beeba298e090742cde3ebecc221bba9e279e560cdbe1bc43d81de,data/raw/Anopheles minimus/Anopheles minimus/iPhone6/AminF.wav,iPhone6,Anopheles minimus|raw/Anopheles minimus/Anopheles minimus/iPhone6,12,28,9,Anopheles minimus,Anopheles freeborni,0.16994867
d407871883d3843d7449690d4b5749e29d97b2ef0320420af8dcd2dc34b4a326,data/raw/Anopheles gambiae/Anopheles gambiae kisumu/SamsungT209/Voice0009.wav,T209,Anopheles gambiae|raw/Anopheles gambiae/Anopheles gambiae kisumu/SamsungT209,10,28,14,Anopheles gambiae,Anopheles quadrimaculatus,0.20767537
d414a137aabc7ea4f212758fcff6f99742e039ffc90f16fc078e04e17ae403fc,data/raw/Anopheles farauti/Anopheles farauti/SamsungT209/Voice0037.wav,T209,Anopheles farauti|raw/Anopheles farauti/Anopheles farauti/SamsungT209,8,60,0,Anopheles farauti,Aedes aegypti,0.17940512
d462978918c71050c3e92d8582f2223c4980f924485e496513b1593b70a1c86d,data/raw/Anopheles albimanus/Anopheles albimanus/SamsungT209/Voice0043.wav,T209,Anopheles albimanus|raw/Anopheles albimanus/Anopheles albimanus/SamsungT209,4,60,13,Anopheles albimanus,Anopheles quadriannulatus,0.21816522
d50df09746bad76a3958a48790344a152a62faaa26dda22b1b532c93e82fc87f,data/raw/Culiseta incidens/Culiseta incidens/Black Mosquito Glenn Park Day4_ 1hr After Blood Fed_ Ds7.wav,unknown,Culiseta incidens|raw/Culiseta incidens/Culiseta incidens,19,60,19,Culiseta incidens,Culiseta incidens,0.980238
d51bf7af52336157fc9ab4b8c8a7d83588ef1e649c010488ab5e22b76aea69f0,data/raw/Aedes albopictus/Aedes albopictus/CDC_T209/Voice0139.wav,T209,Aedes albopictus|raw/Aedes albopictus/Aedes albopictus/CDC_T209,1,60,1,Aedes albopictus,Aedes albopictus,0.55887926
d5407dd20889d403175384112e5f240ada7dea5fd9cab373eee2625c1a03130d,data/raw/Anopheles stephensi/Anopheles stephensi/Nokia6555B/Audio008.wav,Nokia6555B,Anopheles stephensi|raw/Anopheles stephensi/Anopheles stephensi/Nokia6555B,15,58,10,Anopheles stephensi,Anopheles gambiae,0.19212896
d55a4de54c0bf981b49b384687cc1c7db066e8f28418700bc63bebab9a93bbf8,data/raw/Anopheles freeborni/Anopheles freeborni/SonyXperia/03-03-2016-110540 afswarm .wav,Xperia,Anopheles freeborni|raw/Anopheles freeborni/Anopheles freeborni/SonyXperia,9,58,4,Anopheles freeborni,Anopheles albimanus,0.18468232
d576cd44a35f7ef267368e3202320f114e985ef0c1708ed7d701b51d53eb3960,data/raw/Anopheles atroparvus/Anopheles atroparvus/CDC_T209/Voice0163.wav,T209,Anopheles atroparvus|raw/Anopheles atroparvus/Anopheles atroparvus/CDC_T209,6,60,6,Anopheles atroparvus,Anopheles atroparvus,0.5361394
d5cc1de06db896659d3601366371c6660643e85e212a36b84f9c80a4df68fbeb,data/raw/Anopheles gambiae/Anopheles gambiae kisumu/CDC_T209/Voice0145 agam.wav,T209,Anopheles gambiae|raw/Anopheles gambiae/Anopheles gambiae kisumu/CDC_T209,10,60,5,Anopheles gambiae,Anopheles arabiensis,0.2449792
d63c0227cdbe9055b153a0504ca771a651384b46ea40246b0665bbc40c20b883,data/raw/Aedes sierrensis/Aedes sierrensis/CleanedData_SnippedToIsolateMosquitoSounds/CK12_Trail Xing 7_05.wav,unknown,Aedes sierrensis|field_ck,3,3,3,Aedes sierrensis,Aedes sierrensis,0.50135225
d66b53722241f45cea7f21b50e0c2b2c40a47fcca4f70294fdf1836e7a40811c,data/raw/Anopheles quadriannulatus/Anopheles quadriannulatus/CDC_T209/Voice0170.wav,T209,Anopheles quadriannulatus|raw/Anopheles quadriannulatus/Anopheles quadriannulatus/CDC_T209,13,60,13,Anopheles quadriannulatus,Anopheles quadriannulatus,0.30875582
d6d50bd2655e415dcd5471e6efaa8cd18b8fcba763331bd164d0e559387fd94c,data/raw/Anopheles quadrimaculatus/Anopheles quadrimaculatus/Auburn_Xperia/11-11-2016-151731 quadri.wav,Xperia,Anopheles quadrimaculatus|raw/Anopheles quadrimaculatus/Anopheles quadrimaculatus/Auburn_Xperia,14,60,17,Anopheles quadrimaculatus,Culex quinquefasciatus,0.57718045
d7148a50cbb82a5b3b8f7dfa8b6f8111fa59d90fb158d506d40d2d790ec05f0b,data/raw/Aedes sierrensis/Aedes sierrensis/CleanedData_SnippedToIsolateMosquitoSounds/DK20_1922.wav,unknown,Aedes sierrensis|field_dk,3,1,3,Aedes sierrensis,Aedes sierrensis,0.97552973
d71d747442a1cb624db142b6acb2057c0b3ec7d1764f99de9427deaf7920fa08,data/raw/Anopheles dirus/Anopheles dirus/Nokia5235/Adf2.mp4,Nokia5235,Anopheles dirus|raw/Anopheles dirus/Anopheles dirus/Nokia5235,7,50,12,Anopheles dirus,Anopheles minimus,0.16219968
d72e1e7a9bbcf6eb43d435eec84c4694fee734e2b1b95c25dc4f27511ac98c35,data/raw/Anopheles albimanus/Anopheles albimanus/Nokia5235/Sound clip 192 aalbi.mp4,Nokia5235,Anopheles albimanus|raw/Anopheles albimanus/Anopheles albimanus/Nokia5235,4,60,4,Anopheles albimanus,Anopheles albimanus,0.2479699
d786f89284688e5282eca22c23576b028a5380beec3227b9408cc8b6f5226e11,data/raw/Anopheles stephensi/Anopheles stephensi/SonyXperia/03-02-2016-174431 asmix .wav,Xperia,Anopheles stephensi|raw/Anopheles stephensi/Anopheles stephensi/SonyXperia,15,60,15,Anopheles stephensi,Anopheles stephensi,0.23336817
d889dac1e11fc4e542e18f41bd96fd79c6c416b153c4eb546e4f24226a63aa65,data/raw/Anopheles farauti/Anopheles farauti/Nokia6555B/Afar3.wav,Nokia6555B,Anopheles farauti|raw/Anopheles farauti/Anopheles farauti/Nokia6555B,8,57,8,Anopheles farauti,Anopheles farauti,0.25789496
d9ca196eb782b4889b7439d8e1e06f2c20a1c35d5ac9e3a7d3d8700c8f76a981,data/raw/Anopheles atroparvus/Anopheles atroparvus/CDC_Nexus/ebro f.wav,Nexus,Anopheles atroparvus|raw/Anopheles atroparvus/Anopheles atroparvus/CDC_Nexus,6,60,6,Anopheles atroparvus,Anopheles atroparvus,0.49454036
da612522ba1a83c591334720deac4bcbf332c0d4d0d79ed6a47653c649982e09,data/raw/Anopheles freeborni/Anopheles freeborni/SamsungT209/Voice0024.wav,T209,Anopheles freeborni|raw/Anopheles freeborni/Anopheles freeborni/SamsungT209,9,60,14,Anopheles freeborni,Anopheles quadrimaculatus,0.18468577
dab79155b6476f40422c4a8a8c555179f5abbf6ef6e1474f82ba1f83313c5b60,data/raw/Aedes sierrensis/Aedes sierrensis/CleanedData_SnippedToIsolateMosquitoSounds/SK1_1823.wav,unknown,Aedes sierrensis|field_sk,3,3,17,Aedes sierrensis,Culex quinquefasciatus,0.22384496
db5601eb62e33a46884d8954fca4f2dc2b8e566e86c3eddef157f8f11e09f885,data/raw/Culiseta incidens/Culiseta incidens/Big Black Mosquito Glenn Park - March 2016 - DS3.wav,unknown,Culiseta incidens|raw/Culiseta incidens/Culiseta incidens,19,32,19,Culiseta incidens,Culiseta incidens,0.8337354
dbdf2882183fa13552614c7725d4645e9ef5a943cd8b3b842292190066ea1e4c,data/raw/Anopheles stephensi/Anopheles stephensi/Nokia6555B/Audio012.wav,Nokia6555B,Anopheles stephensi|raw/Anopheles stephensi/Anopheles stephensi/Nokia6555B,15,60,1,Anopheles stephensi,Aedes albopictus,0.35869625
dc1dc95e5426b3046b5c982939a098305e34b2d14b880972b26168cb70005fcd,data/raw/Anopheles atroparvus/Anopheles atroparvus/CDC_T209/Voice0166 ebrof.wav,T209,Anopheles atroparvus|raw/Anopheles atroparvus/Anopheles atroparvus/CDC_T209,6,60,6,Anopheles atroparvus,Anopheles atroparvus,0.54876953
dc635bbe3830243966aa169322b5ca3417ebc7255e7070da5cca6f1805abb418,data/raw/Anopheles freeborni/Anopheles freeborni/iPhone4S/20160303 110028AfreeF.wav,iPhone4S,Anopheles freeborni|raw/Anopheles freeborni/Anopheles freeborni/iPhone4S,9,33,9,Anopheles freeborni,Anopheles freeborni,0.2738319
dce97197792e33f5d721fb151052cfcfee5a755dc5e4bdb3c12572f06be3c32c,data/raw/Aedes sierrensis/Aedes sierrensis/CleanedData_SnippedToIsolateMosquitoSounds/CK8_Multiple Swarming Trail Xing 6_52.wav,unknown,Aedes sierrensis|field_ck,3,17,17,Aedes sierrensis,Culex quinquefasciatus,0.20606215
de296ab0386b2506ef9c02d413ca59f085c5011025840f2dbd963fd39789de3a,data/raw/Anopheles minimus/Anopheles minimus/iPhone4C/20160303 121749AminF.wav,iPhone,Anopheles minimus|raw/Anopheles minimus/Anopheles minimus/iPhone4C,12,36,15,Anopheles minimus,Anopheles stephensi,0.18899184
debf52e6156c7c13c6ba8a4583b585678dd542582bb0aa0cb7f7ad7e3a295697,data/raw/Anopheles dirus/Anopheles dirus/Huawei866C/Recording19800215_022_F.wav,Huawei866C,Anopheles dirus|raw/Anopheles dirus/Anopheles dirus/Huawei866C,7,13,7,Anopheles dirus,Anopheles dirus,0.2513078
ded6fce7cb36b5d66dc9c8b1f237daad3709ace78c1d803e6d321c6601fd4e0c,data/raw/Anopheles minimus/Anopheles minimus/iPhone4C/20160303 122033.wav,iPhone,Anopheles minimus|raw/Anopheles minimus/Anopheles minimus/iPhone4C,12,42,7,Anopheles minimus,Anopheles dirus,0.19821453
df1c848783a9d6f222a12e5c02297807c36480d7e0b092a5acc9d332c38aeeec,data/raw/Anopheles dirus/Anopheles dirus/Nokia5235/Admf.mp4,Nokia5235,Anopheles dirus|raw/Anopheles dirus/Anopheles dirus/Nokia5235,7,30,4,Anopheles dirus,Anopheles albimanus,0.1911241
df36a62e0f41c1cf5e40d5e2b151ff5dfb73eebd1eaab3b1d4f1a7b2869636a7,data/raw/Aedes sierrensis/Aedes sierrensis/CleanedData_SnippedToIsolateMosquitoSounds/FH3_Peak 1.wav,unknown,Aedes sierrensis|field_fh,3,10,6,Aedes sierrensis,Anopheles atroparvus,0.46914297
df9a1765885956882b4f52e669d31a83bd800877207265bbb23dab54550c8e78,data/raw/Anopheles freeborni/Anopheles freeborni/Huawei866C/Recording19800216_003.wav,Huawei866C,Anopheles freeborni|raw/Anopheles freeborni/Anopheles freeborni/Huawei866C,9,42,10,Anopheles freeborni,Anopheles gambiae,0.1743619
e010a686cfaec92cf4a5df8ce2e9363277b0ec60c2a9c86e6c1bfaaacc15d79e,data/raw/Anopheles farauti/Anopheles farauti/Nokia5235/Afar3.mp4,Nokia5235,Anopheles farauti|raw/Anopheles farauti/Anopheles farauti/Nokia5235,8,47,9,Anopheles farauti,Anopheles freeborni,0.19548292
e03f05cafa15a2a7fb3dcc4ce4790ead095655493605ad853521525852e07dde,data/raw/Anopheles farauti/Anopheles farauti/SamsungT209/Voice0040.wav,T209,Anopheles farauti|raw/Anopheles farauti/Anopheles farauti/SamsungT209,8,60,0,Anopheles farauti,Aedes aegypti,0.20463601
e093f462321d4d4eec666d5a98d9d8e2a9a90e03c4949b348bc1a327ded643cb,data/raw/Anopheles gambiae/Anopheles gambiae kisumu/SamsungT209/Voice0010.wav,T209,Anopheles gambiae|raw/Anopheles gambiae/Anopheles gambiae kisumu/SamsungT209,10,24,0,Anopheles gambiae,Aedes aegypti,0.31458208
e0c6df90a217b5f48735f419b4b83a9085f764956ab63d16a9f5c41771001a4e,data/raw/Anopheles arabiensis/Anopheles arabiensis rufisque/CDC_Nexus/rufisque.wav,Nexus,Anopheles arabiensis|raw/Anopheles arabiensis/Anopheles arabiensis rufisque/CDC_Nexus,5,60,5,Anopheles arabiensis,Anopheles arabiensis,0.4776871
e16e09e6d2f3dbcdde6075cbd17a6e28022d2e9857d98dfbb481eb78eb24cfe0,data/raw/Anopheles stephensi/Anopheles stephensi/SonyXperia/03-02-2016-173231 asf bugdorm .wav,Xperia,Anopheles stephensi|raw/Anopheles stephensi/Anopheles stephensi/SonyXperia,15,36,17,Anopheles stephensi,Culex quinquefasciatus,0.30666676
e181f64b3a93dcc519ec1295ba67ab2bd199a248fd4a853de02a1cc3bb71db5a,data/raw/Anopheles farauti/Anopheles farauti/SonyXperia/03-03-2016-152728Afar.wav,Xperia,Anopheles farauti|raw/Anopheles farauti/Anopheles farauti/SonyXperia,8,51,8,Anopheles farauti,Anopheles farauti,0.20529841
e2957e44bdeec2638bafeb8f35bf1e86152303e15f6b1281a1d4c56c72f3b6d2,data/raw/Anopheles stephensi/Anopheles stephensi/Nokia6555B/Audio013.wav,Nokia6555B,Anopheles stephensi|raw/Anopheles stephensi/Anopheles stephensi/Nokia6555B,15,60,15,Anopheles stephensi,Anopheles stephensi,0.32791477
e2a456d033fdbb0c03f0168f58a3813e2ed70eb69f9eea54c83d0d1ae3c490e6,data/raw/Anopheles gambiae/Anopheles gambiae kisumu/Huawei866C/Recording19800215_008_M.wav,Huawei866C,Anopheles gambiae|raw/Anopheles gambiae/Anopheles gambiae kisumu/Huawei866C,10,3,10,Anopheles gambiae,Anopheles gambiae,0.21622598
e38c1ac26db727b35596d8e54787addcd54bae67dace6021cbab4f80327e02aa,data/raw/Anopheles gambiae/Anopheles gambiae kisumu/Huawei866C/Recording19800215_019_MF.wav,Huawei866C,Anopheles gambiae|raw/Anopheles gambiae/Anopheles gambiae kisumu/Huawei866C,10,28,7,Anopheles gambiae,Anopheles dirus,0.17812754
e3e1ee5ad74dcd9bab3a7cec7cdfa7b1e839d781575349dd0b6cb96dba2ab75a,data/raw/Anopheles gambiae/Anopheles gambiae kisumu/Nokia6555B/Audio002.wav,Nokia6555B,Anopheles gambiae|raw/Anopheles gambiae/Anopheles gambiae kisumu/Nokia6555B,10,47,15,Anopheles gambiae,Anopheles stephensi,0.21252729
e42078584234279f6e2f394c9cd66284fcae52d55a23b76f72e81dd78266b6f3,data/raw/Anopheles dirus/Anopheles dirus/Huawei866C/Recording19800215_027_M.wav,Huawei866C,Anopheles dirus|raw/Anopheles dirus/Anopheles dirus/Huawei866C,7,28,7,Anopheles dirus,Anopheles dirus,0.25454175
e420b50e3ea0c7abca65fc852b1d1f919a3bf1629afda6e0f542ce0db9440945,data/raw/Anopheles dirus/Anopheles dirus/Nokia5235/Adm3.mp4,Nokia5235,Anopheles dirus|raw/Anopheles dirus/Anopheles dirus/Nokia5235,7,60,12,Anopheles dirus,Anopheles minimus,0.25181285
e452fb43d227c0835afcb9781e0b7ae47f7fd2dcc42aaff782cb8ae4116e9d69,data/raw/Anopheles albimanus/Anopheles albimanus/iPhone6/AalbF.m4a,iPhone6,Anopheles albimanus|raw/Anopheles albimanus/Anopheles albimanus/iPhone6,4,37,4,Anopheles albimanus,Anopheles albimanus,0.21446052
e490ab3c0e9313eab15a186a8e34800d49b485beb5c101e7465015d2415b906e,data/raw/Culex tarsalis/Culex tarsalis/PrakashLab_iPhone4S/CxT F (4).wav,iPhone4S,Culex tarsalis|raw/Culex tarsalis/Culex tarsalis/PrakashLab_iPhone4S,18,37,18,Culex tarsalis,Culex tarsalis,0.63997376
e49441bb2a80d3022836930e730b976e88e8441bd06bc99ee636ce4a4a1ad2ad,data/raw/Aedes albopictus/Aedes albopictus/CDC_T209/Voice0136 albof.wav,T209,Aedes albopictus|raw/Aedes albopictus/Aedes albopictus/CDC_T209,1,60,1,Aedes albopictus,Aedes albopictus,0.49403438
e4cee475fb3b93223f890d00808b52edfa607d6facbbf8437a3b4412b554dc38,data/raw/Anopheles farauti/Anopheles farauti/Nokia6555B/Afar1.wav,Nokia6555B,Anopheles farauti|raw/Anopheles farauti/Anopheles farauti/Nokia6555B,8,59,15,Anopheles farauti,Anopheles stephensi,0.2613229
e50306dfa1f514cd4a8f866978e44755ae62c4b49e9acc726b9a729653017e0b,data/raw/Culiseta incidens/Culiseta incidens/Glenn Park Black Mosquito Day 3 dS4 Iphone6.wav,iPhone6,Culiseta incidens|raw/Culiseta incidens/Culiseta incidens,19,60,19,Culiseta incidens,Culiseta incidens,0.6892445
e62d43a7a7af1ae97fa0db6388ca06fe73e697560e6c2399375e10b335794b5f,data/raw/Anopheles dirus/Anopheles dirus/Nokia6555B/Audio003.wav,Nokia6555B,Anopheles dirus|raw/Anopheles dirus/Anopheles dirus/Nokia6555B,7,60,8,Anopheles dirus,Anopheles farauti,0.19317633
e643733c2337842903e77c7e0aeb254fbad02ebac738f1cfc87387570a949cb4,data/raw/Anopheles dirus/Anopheles dirus/Nokia5235/Adf1.mp4,Nokia5235,Anopheles dirus|raw/Anopheles dirus/Anopheles dirus/Nokia5235,7,60,8,Anopheles dirus,Anopheles farauti,0.17242715
e690dec6c287b31c595787d61359008b5eedab08f15b677dcac977137148f985,data/raw/Anopheles gambiae/Anopheles gambiae kisumu/SonyXperia/03-02-2016-113635 ag1mt .wav,Xperia,Anopheles gambiae|raw/Anopheles gambiae/Anopheles gambiae kisumu/SonyXperia,10,26,12,Anopheles gambiae,Anopheles minimus,0.17404129
e692f144b357a81acd77cf3d3ce02b9158a867b88c4ab08d7d37c215b62dbeef,data/raw/Anopheles stephensi/Anopheles stephensi/Huawei866C/Recording19800215_032.wav,Huawei866C,Anopheles stephensi|raw/Anopheles stephensi/Anopheles stephensi/Huawei866C,15,59,7,Anopheles stephensi,Anopheles dirus,0.20064528
e6bf7263d88c8921f42f3ca4822add2dc707eb71df8566930046fde3d0fa16e2,data/raw/Anopheles freeborni/Anopheles freeborni/iPhone4S/20160303 110753.wav,iPhone4S,Anopheles freeborni|raw/Anopheles freeborni/Anopheles freeborni/iPhone4S,9,47,9,Anopheles freeborni,Anopheles freeborni,0.3435842
e6cd5b16035da23c65d642f4f18a317087d92755fb30fe78fe753d8bcae33146,data/raw/Aedes sierrensis/Aedes sierrensis/CleanedData_SnippedToIsolateMosquitoSounds/AL4.wav,unknown,Aedes sierrensis|field_al,3,1,3,Aedes sierrensis,Aedes sierrensis,0.9660727
e6f3845112241ff6503bf55546d8fc4912c18ca663b6d1f48dcf735270f55faa,data/raw/Anopheles freeborni/Anopheles freeborni/GoogleNexus/af3.wav,Nexus,Anopheles freeborni|raw/Anopheles freeborni/Anopheles freeborni/GoogleNexus,9,43,12,Anopheles freeborni,Anopheles minimus,0.20547208
e7f3cb73128358ebbaddd014536b63ea8561627bd92b6b54f91aedf617e0060f,data/raw/Anopheles farauti/Anopheles farauti/SamsungT209/Voice0038.wav,T209,Anopheles farauti|raw/Anopheles farauti/Anopheles farauti/SamsungT209,8,60,0,Anopheles farauti,Aedes aegypti,0.23269
e87eed9eb36dec0d1286d5cff8e8a85aa5aae7f2573dd6519e4c5d7e7d18f0af,data/raw/Anopheles stephensi/Anopheles stephensi/GoogleNexus/as2.wav,Nexus,Anopheles stephensi|raw/Anopheles stephensi/Anopheles stephensi/GoogleNexus,15,27,15,Anopheles stephensi,Anopheles stephensi,0.28362504
e884c56b848bb0ce709981793e95bb39a76eab8a0bb0283f7a852553933eef95,data/raw/Anopheles freeborni/Anopheles freeborni/GoogleNexus/afm.wav,Nexus,Anopheles freeborni|raw/Anopheles freeborni/Anopheles freeborni/GoogleNexus,9,46,9,Anopheles freeborni,Anopheles freeborni,0.17484064
e8b94516a1090974174fa76337129be955f24a94f205f0227a6e40de531e3a57,data/raw/Aedes sierrensis/Aedes sierrensis/CleanedData_SnippedToIsolateMosquitoSounds/AL3.wav,unknown,Aedes sierrensis|field_al,3,1,10,Aedes sierrensis,Anopheles gambiae,0.28085536
e8ddd4408e8b4f148c8a8e4f1f981a823ba3b7fecac9db5df039b03555c16247,data/raw/Aedes mediovittatus/Aedes mediovittatus/UCD_T209/Ae medio 4.wav,T209,Aedes mediovittatus|raw/Aedes mediovittatus/Aedes mediovittatus/UCD_T209,2,60,2,Aedes mediovittatus,Aedes mediovittatus,0.756339
e8ed41408196b7c8d7f55117c0619848125d1bdd751eddac03836a4167849d29,data/raw/Anopheles albimanus/Anopheles albimanus/SamsungT209/Voice0044.wav,T209,Anopheles albimanus|raw/Anopheles albimanus/Anopheles albimanus/SamsungT209,4,60,13,Anopheles albimanus,Anopheles quadriannulatus,0.20772882
e9403d20688768d6f84c0150bfca5a705b7d2f58822aac7dc6b537a843838759,data/raw/Anopheles minimus/Anopheles minimus/Huawei866C/Recording19800216_009.wav,Huawei866C,Anopheles minimus|raw/Anopheles minimus/Anopheles minimus/Huawei866C,12,59,12,Anopheles minimus,Anopheles minimus,0.2641645
e9bbfe8117c3a0f88eb243c70fdaa1b9cf528bf48edbee3b04ce17510ce2b463,data/raw/Aedes sierrensis/Aedes sierrensis/CleanedData_SnippedToIsolateMosquitoSounds/DK3_1811.wav,unknown,Aedes sierrensis|field_dk,3,2,12,Aedes sierrensis,Anopheles minimus,0.33747274
e9bd75a1337495565e76080c92899ad0fa49aa58744cae4cd8e7bd8b2b32ae90,data/raw/Aedes sierrensis/Aedes sierrensis/CleanedData_SnippedToIsolateMosquitoSounds/MB2_2a.wav,unknown,Aedes sierrensis|field_mb,3,3,3,Aedes sierrensis,Aedes sierrensis,0.9185686
ea24d974e89d0e641300b55d4e7d2f0ca325a316140d9b73c8f831475fb79077,data/raw/Anopheles farauti/Anopheles farauti/GoogleNexus/Rec_1980-02-16_16.01.00afar.wav,Nexus,Anopheles farauti|raw/Anopheles farauti/Anopheles farauti/GoogleNexus,8,52,9,Anopheles farauti,Anopheles freeborni,0.17535624
ea3659528842dfa23ef69b5728bc07c9490f532abf5fb7f3efe8c4639eb57319,data/raw/Anopheles gambiae/Anopheles gambiae kisumu/Huawei866C/Recording19800215_020_F.wav,Huawei866C,Anopheles gambiae|raw/Anopheles gambiae/Anopheles gambiae kisumu/Huawei866C,10,29,15,Anopheles gambiae,Anopheles stephensi,0.15427223
ea9c1d2ab29f55830718857467879cc7790aa54e0f3e6eb36735045c9fbed7af,data/raw/Anopheles gambiae/Anopheles gambiae akron/CDC_T209/Voice0147.wav,T209,Anopheles gambiae|raw/Anopheles gambiae/Anopheles gambiae akron/CDC_T209,10,60,0,Anopheles gambiae,Aedes aegypti,0.34168297
eafa125d26088ca42869cefba56ad5e89086c0dd808c9858e9ba7e922b5bd856,data/raw/Anopheles stephensi/Anopheles stephensi/iPhone6/As (4).wav,iPhone6,Anopheles stephensi|raw/Anopheles stephensi/Anopheles stephensi/iPhone6,15,15,12,Anopheles stephensi,Anopheles minimus,0.404131
eb702c923f80fe5427fcc955fe322d397aa7712288a9f146ec6c1a6ed4ca51bf,data/raw/Anopheles gambiae/Anopheles gambiae kisumu/Huawei866C/Recording19800215_009_F.wav,Huawei866C,Anopheles gambiae|raw/Anopheles gambiae/Anopheles gambiae kisumu/Huawei866C,10,17,7,Anopheles gambiae,Anopheles dirus,0.31408176
ebd457c96b0486579245601cf92450261a6dbb6e2da002c479518d11dcb9cc0c,data/raw/Anopheles dirus/Anopheles dirus/Huawei866C/Recording19800215_025_F.wav,Huawei866C,Anopheles dirus|raw/Anopheles dirus/Anopheles dirus/Huawei866C,7,24,15,Anopheles dirus,Anopheles stephensi,0.19567688
ec0348d719e36cc16cb3fb8e0de639fea01296e0c59a0719e0ac6b11a2937a8a,data/raw/Anopheles merus/Anopheles merus/Voice0155 maff.wav,unknown,Anopheles merus|raw/Anopheles merus/Anopheles merus,11,60,11,Anopheles merus,Anopheles merus,0.71346194
ec17d4e739388bdfd17ed21863bc64f1de8b57431e10d3aa22984fbbc18edf24,data/raw/Anopheles dirus/Anopheles dirus/Nokia5235/Adm1.mp4,Nokia5235,Anopheles dirus|raw/Anopheles dirus/Anopheles dirus/Nokia5235,7,59,8,Anopheles dirus,Anopheles farauti,0.19355285
ec27c3fd17db9ae5c3841c927e461b5f93087ece297a3e1cf04f2fb59975635b,data/raw/Anopheles freeborni/Anopheles freeborni/iPhone6/AfreeF.m4a,iPhone6,Anopheles freeborni|raw/Anopheles freeborni/Anopheles freeborni/iPhone6,9,25,9,Anopheles freeborni,Anopheles freeborni,0.28776175
ecec23212defc8f13fc5486185fa3c7415b42afd2df26213c239073eb96de505,data/raw/Culex quinquefasciatus/Culex quinquefasciatus/SanMateoVCD_iPhone4S/Q2.wav,iPhone4S,Culex quinquefasciatus|raw/Culex quinquefasciatus/Culex quinquefasciatus/SanMateoVCD_iPhone4S,17,58,17,Culex quinquefasciatus,Culex quinquefasciatus,0.40641353
ed4e19e3233574e105fe66d6ab6d441ec12691e1ea9404de1d62f0f374069d49,data/raw/Anopheles atroparvus/Anopheles atroparvus/CDC_T209/Voice0165.wav,T209,Anopheles atroparvus|raw/Anopheles atroparvus/Anopheles atroparvus/CDC_T209,6,60,6,Anopheles atroparvus,Anopheles atroparvus,0.50031054
eec7a4e6d4f9ee526215754604a72b9bdb8200f59ff8b6299ef7d39a7a6c7e50,data/raw/Anopheles gambiae/Anopheles gambiae kisumu/GoogleNexus/ag1ft rec1.wav,Nexus,Anopheles gambiae|raw/Anopheles gambiae/Anopheles gambiae kisumu/GoogleNexus,10,26,12,Anopheles gambiae,Anopheles minimus,0.18010864
ef301c14ff1f1fc6413d1245468f37a8dfd645f25edfc22e8e1b0c9fef9fe3a5,data/raw/Anopheles dirus/Anopheles dirus/Huawei866C/Recording19800215_029_F.wav,Huawei866C,Anopheles dirus|raw/Anopheles dirus/Anopheles dirus/Huawei866C,7,16,7,Anopheles dirus,Anopheles dirus,0.2237692
efbe63290294000ad2768cb5814b286646be9b8d05ea122665074b56c72878ac,data/raw/Anopheles atroparvus/Anopheles atroparvus/CDC_Xperia/11-18-2016-092525 ebro f.wav,Xperia,Anopheles atroparvus|raw/Anopheles atroparvus/Anopheles atroparvus/CDC_Xperia,6,60,13,Anopheles atroparvus,Anopheles quadriannulatus,0.37536305
f173b13a27b5b77762359e3f19ebd418563d4a9c0b87cffb5fbf63f78f987d69,data/raw/Anopheles gambiae/Anopheles gambiae kisumu/CDC_T209/Voice0142.wav,T209,Anopheles gambiae|raw/Anopheles gambiae/Anopheles gambiae kisumu/CDC_T209,10,60,0,Anopheles gambiae,Aedes aegypti,0.24375421
f1c2148f24a065a4880647ec310b30ac4e6a97ddb45ca1df6b66e625291904bd,data/raw/Anopheles gambiae/Anopheles gambiae akron/CDC_T209/Voice0148.wav,T209,Anopheles gambiae|raw/Anopheles gambiae/Anopheles gambiae akron/CDC_T209,10,60,0,Anopheles gambiae,Aedes aegypti,0.34216768
f1fb6a629be2b23e75dc00c36024d711b9458bcf25ad837af23727d56e94de84,data/raw/Anopheles albimanus/Anopheles albimanus/SonyXperia/03-03-2016-162952 aalbi.wav,Xperia,Anopheles albimanus|raw/Anopheles albimanus/Anopheles albimanus/SonyXperia,4,54,13,Anopheles albimanus,Anopheles quadriannulatus,0.26272494
f2374ee02eadd1c987a8e1379dff7025f2ffe847c68501c6905197c0904ceb44,data/raw/Culiseta incidens/Culiseta incidens/Big Black Mosquito Glen Park - Outdoors - March 2016 - DS7.wav,unknown,Culiseta incidens|raw/Culiseta incidens/Culiseta incidens,19,60,19,Culiseta incidens,Culiseta incidens,0.59880424
f30e45deccc04f1458a6b8a42596f74a8d779bfbd2fb7b39047313223baa90a2,data/raw/Anopheles stephensi/Anopheles stephensi/Huawei866C/Recording19800215_033.wav,Huawei866C,Anopheles stephensi|raw/Anopheles stephensi/Anopheles stephensi/Huawei866C,15,59,7,Anopheles stephensi,Anopheles dirus,0.23658852
f31c375f281a13383f56a41af2736cd66325f15978d8e6a65e3af147041d5598,data/raw/Anopheles gambiae/Anopheles gambiae kisumu/GoogleNexus/Rec_1980-02-15_13.05.09 ag1ft.wav,Nexus,Anopheles gambiae|raw/Anopheles gambiae/Anopheles gambiae kisumu/GoogleNexus,10,29,12,Anopheles gambiae,Anopheles minimus,0.16078822
f387a9de47db8aafeeb342e62abe6a2398de938125295634ac73d1c7230f73cd,data/raw/Aedes sierrensis/Aedes sierrensis/CleanedData_SnippedToIsolateMosquitoSounds/DK10_1824.wav,unknown,Aedes sierrensis|field_dk,3,10,3,Aedes sierrensis,Aedes sierrensis,0.9007637
f44e6a04f1701c09278e1126010dcf0448c457a1e5939fe69bab3fdbd1433ede,data/raw/Anopheles freeborni/Anopheles freeborni/GoogleNexus/af4.wav,Nexus,Anopheles freeborni|raw/Anopheles freeborni/Anopheles freeborni/GoogleNexus,9,60,9,Anopheles freeborni,Anopheles freeborni,0.26428837
f4948b4187daafc8e1dbb14df0f5199857dd41d437c932292f361a67cd3593fa,data/raw/Anopheles farauti/Anopheles farauti/Nokia6555B/Afar5.wav,Nokia6555B,Anopheles farauti|raw/Anopheles farauti/Anopheles farauti/Nokia6555B,8,49,8,Anopheles farauti,Anopheles farauti,0.18531257
f5724056339c8ae4b4399b2bb2e6aa826a805091164693b91f88c0aecd06feea,data/raw/Anopheles farauti/Anopheles farauti/iPhone6/Afar (5).m4a,iPhone6,Anopheles farauti|raw/Anopheles farauti/Anopheles farauti/iPhone6,8,38,8,Anopheles farauti,Anopheles farauti,0.25696975
f57f55e81c031e0ba0fa1480ddb818e06cf6c9533699f674ff662469b266090b,data/raw/Anopheles albimanus/Anopheles albimanus/iPhone6/Aalb (1).m4a,iPhone6,Anopheles albimanus|raw/Anopheles albimanus/Anopheles albimanus/iPhone6,4,51,4,Anopheles albimanus,Anopheles albimanus,0.24991424
f586b01a3fae8c41ea9d176fd2dc51191de2fbb403119e09d3bf53f7083fed97,data/raw/Anopheles freeborni/Anopheles freeborni/Huawei866C/Recording19800216_004.wav,Huawei866C,Anopheles freeborni|raw/Anopheles freeborni/Anopheles freeborni/Huawei866C,9,39,7,Anopheles freeborni,Anopheles dirus,0.23269336
f5b93f0e932d6e00638cf4b381a2d2dea85df475457660bbfb16459290e79f25,data/raw/Anopheles quadriannulatus/Anopheles quadriannulatus/CDC_T209/Voice0168.wav,T209,Anopheles quadriannulatus|raw/Anopheles quadriannulatus/Anopheles quadriannulatus/CDC_T209,13,60,13,Anopheles quadriannulatus,Anopheles quadriannulatus,0.40157616
f6060c0cab889e2871aeee9a898b2bb41dfa21d640d7f4555e93e40ce18d0cf8,data/raw/Anopheles freeborni/Anopheles freeborni/GoogleNexus/af6.wav,Nexus,Anopheles freeborni|raw/Anopheles freeborni/Anopheles freeborni/GoogleNexus,9,11,15,Anopheles freeborni,Anopheles stephensi,0.19519414
f6346e226f3b688a14b49e61a2faa338cdbd5b5e38c2e5f46ddf5f1240afd6c2,data/raw/Anopheles gambiae/Anopheles gambiae kisumu/CDC_Nexus/gambiaef.wav,Nexus,Anopheles gambiae|raw/Anopheles gambiae/Anopheles gambiae kisumu/CDC_Nexus,10,60,10,Anopheles gambiae,Anopheles gambiae,0.21083076
f64a73b669ed33fa4c87abf13fe2d912378473e68831110d7841edd8221f30b1,data/raw/Anopheles arabiensis/Anopheles arabiensis rufisque/CDC_T209/Voice0174.wav,T209,Anopheles arabiensis|raw/Anopheles arabiensis/Anopheles arabiensis rufisque/CDC_T209,5,60,11,Anopheles arabiensis,Anopheles merus,0.37556595
f6c54f3d255674ab48859a72115b9ba655c5a07d025e2c375943a42e947b1401,data/raw/Anopheles stephensi/Anopheles stephensi/Nokia6555B/Audio009.wav,Nokia6555B,Anopheles stephensi|raw/Anopheles stephensi/Anopheles stephensi/Nokia6555B,15,60,15,Anopheles stephensi,Anopheles stephensi,0.2318025
f6db6cd2c21d2a24a50145072c272bde7ea922dd461cd18443fa10e53157ed00,data/raw/Anopheles gambiae/Anopheles gambiae kisumu/SonyXperia/03-02-2016-114051 ag1ft .wav,Xperia,Anopheles gambiae|raw/Anopheles gambiae/Anopheles gambiae kisumu/SonyXperia,10,28,10,Anopheles gambiae,Anopheles gambiae,0.16169783
f7072c7e9a2f2d7267a5ad87484f0e89f04d316b0e4030cf6842df82398f9c86,data/raw/Aedes sierrensis/Aedes sierrensis/CleanedData_SnippedToIsolateMosquitoSounds/DK15_1916.wav,unknown,Aedes sierrensis|field_dk,3,1,3,Aedes sierrensis,Aedes sierrensis,0.9987038
f733a195fb0d40a41a0548e8b56e94d546fc207e77802b310988c456666c28eb,data/raw/Culiseta incidens/Culiseta incidens/Glen. PRL Black Mosquito Day 3 Ds2 Iphone6.wav,iPhone6,Culiseta incidens|raw/Culiseta incidens/Culiseta incidens,19,30,19,Culiseta incidens,Culiseta incidens,0.7517811
f7d717b0a3a5d320ae1e8fe65872fd3d3e02a85e4550ef882618dcad8176822c,data/raw/Anopheles dirus/Anopheles dirus/GoogleNexus/Rec_1980-02-15_16.35.43 adirus mix.wav,Nexus,Anopheles dirus|raw/Anopheles dirus/Anopheles dirus/GoogleNexus,7,60,17,Anopheles dirus,Culex quinquefasciatus,0.25806516
f8330eb6f5c5c8fc869dc9a8388030d10c451bbb173e3e789fd319deb8a64946,data/raw/Anopheles minimus/Anopheles minimus/SonyXperia/03-03-2016-121410 am in tube held on end .wav,Xperia,Anopheles minimus|raw/Anopheles minimus/Anopheles minimus/SonyXperia,12,60,1,Anopheles minimus,Aedes albopictus,0.35010308
f898a244b9f8117158e184a809e091b6e467cfe28c15c29d24faecd0492e671b,data/raw/Anopheles minimus/Anopheles minimus/Nokia5235/Amin2.wav,Nokia5235,Anopheles minimus|raw/Anopheles minimus/Anopheles minimus/Nokia5235,12,60,12,Anopheles minimus,Anopheles minimus,0.22778858
f89be2c19cedc28053d16d8b91cbce309680db7d632b1bfd5950e16ce3cb3aeb,data/raw/Anopheles minimus/Anopheles minimus/SamsungT209/Voice0033.wav,T209,Anopheles minimus|raw/Anopheles minimus/Anopheles minimus/SamsungT209,12,60,5,Anopheles minimus,Anopheles arabiensis,0.23606157
f9b5bb8491f7a4cc2bd7b92b3b84ea8086d68695e1adb3bd62abdf953eb1161c,data/raw/Anopheles quadriannulatus/Anopheles quadriannulatus/CDC_T209/Voice0169.wav,T209,Anopheles quadriannulatus|raw/Anopheles quadriannulatus/Anopheles quadriannulatus/CDC_T209,13,60,13,Anopheles quadriannulatus,Anopheles quadriannulatus,0.40369502
fb11c6018b97da2645b1d9b1cc7015326ab7bfccdc525cd0020d13568dc3ccc3,data/raw/Anopheles stephensi/Anopheles stephensi/GoogleNexus/as7.wav,Nexus,Anopheles stephensi|raw/Anopheles stephensi/Anopheles stephensi/GoogleNexus,15,37,16,Anopheles stephensi,Culex pipiens,0.16453865
fc1b20afc9c22d0222af3748097c349e823d55fb118039ffeee689da56d89276,data/raw/Anopheles freeborni/Anopheles freeborni/GoogleNexus/Rec_1980-02-16_12.59.43afree.wav,Nexus,Anopheles freeborni|raw/Anopheles freeborni/Anopheles freeborni/GoogleNexus,9,38,9,Anopheles freeborni,Anopheles freeborni,0.43176004
fcbd7676e4678f6a1e36df2c70a448fd1d45534f7096cba1c686bbaa278b8d78,data/raw/Anopheles stephensi/Anopheles stephensi/Nokia5235/As5.wav,Nokia5235,Anopheles stephensi|raw/Anopheles stephensi/Anopheles stephensi/Nokia5235,15,44,15,Anopheles stephensi,Anopheles stephensi,0.4314876
fce5d455ad819a0caf380e2712279c4b61fa774c67b849cbee3d31e4ed700faa,data/raw/Aedes sierrensis/Aedes sierrensis/CleanedData_SnippedToIsolateMosquitoSounds/SK2_1829.wav,unknown,Aedes sierrensis|field_sk,3,2,3,Aedes sierrensis,Aedes sierrensis,0.5923983
fdb2c1aa14c1fb412df84f3926d0056b1ac2a1cde70a91bae36431e88a968d0d,data/raw/Anopheles albimanus/Anopheles albimanus/iPhone4S/20160303 161352.wav,iPhone4S,Anopheles albimanus|raw/Anopheles albimanus/Anopheles albimanus/iPhone4S,4,60,9,Anopheles albimanus,Anopheles freeborni,0.20447646
ff9ebcfe2104ba9dd201f5632fcf9ff52f32507a503a0b9e095e7b2d885c328b,data/raw/Culex tarsalis/Culex tarsalis/PrakashLab_iPhone4S/CxT F (2).wav,iPhone4S,Culex tarsalis|raw/Culex tarsalis/Culex tarsalis/PrakashLab_iPhone4S,18,50,18,Culex tarsalis,Culex tarsalis,0.7351739
ffe84d1bc0ecbe287ab20c4ce3d37bb306772457fab76d90ecc9e538716d6a94,data/raw/Anopheles freeborni/Anopheles freeborni/Nokia5235/Sound clip 170 af.mp4,Nokia5235,Anopheles freeborni|raw/Anopheles freeborni/Anopheles freeborni/Nokia5235,9,36,4,Anopheles freeborni,Anopheles albimanus,0.21863405
fff368995ca38b5064b46a34e47f73dcf4337d9512557d476f665350fa8c279e,data/raw/Anopheles albimanus/Anopheles albimanus/Huawei866C/Recording19800216_023.wav,Huawei866C,Anopheles albimanus|raw/Anopheles albimanus/Anopheles albimanus/Huawei866C,4,57,8,Anopheles albimanus,Anopheles farauti,0.20379026
